,ASV_ID,accession,percent_identity,query_len,e_value,bit_score,kingdom,phylum,class,order,family,genus,species
1,441f8173ec51c65fdd9af290206a21ce,MN025475,86.262,313,1.13E-88,340,NA,Discosea,Flabellinia,Dactylopodida,Paramoebidae,Paramoeba,Paramoeba pemaquidensis
2,1035635e9a8bc87e84db2211855609f5,GQ120091,84.815,270,1.50E-67,270,Metazoa,Cnidaria,Hydrozoa,Narcomedusae,Tetraplatiidae,Tetraplatia,Tetraplatia volitans
3,1d89909fb732d215049ff8531bbf2263,KM058088,81.529,314,4.19E-63,255,NA,Oomycota,Peronosporea,Pythiales,Pythiaceae,Pythium,Pythium burgundicum
4,e4224fcbc47362434562784c2491d073,KY922431,100,313,2.19E-160,579,Metazoa,Arthropoda,Arachnida,Trombidiformes,Demodicidae,Demodex,Demodex folliculorum
5,ff42cf34ec67b64fcc86c3ff443c4f59,KY922431,100,311,2.81E-159,575,Metazoa,Arthropoda,Arachnida,Trombidiformes,Demodicidae,Demodex,Demodex folliculorum
6,2d3fab5a7c1e77acb6e3bb1486a9cb76,OM453929,99.051,316,4.79E-157,568,NA,NA,Dinophyceae,Lophodiniales,Lophodiniaceae,Biecheleriopsis,Biecheleriopsis adriatica
7,c2e0a53934bfd383b83c9e30f7280035,OM453929,100,316,4.76E-162,584,NA,NA,Dinophyceae,Lophodiniales,Lophodiniaceae,Biecheleriopsis,Biecheleriopsis adriatica
8,0d3184bc0122bd396e5a79cfa7c7e414,NC_027966,83.612,299,6.92E-71,281,NA,Oomycota,Peronosporea,Pythiales,Pythiaceae,Pythium,Pythium insidiosum
9,2be0a24e1a0b2d0ca68d816dd00e6711,NC_027966,83.946,299,1.49E-72,287,NA,Oomycota,Peronosporea,Pythiales,Pythiaceae,Pythium,Pythium insidiosum
10,6a4108d75ae918bcf3dcd55fe6f3dd38,NC_027966,83.28,311,1.49E-72,287,NA,Oomycota,Peronosporea,Pythiales,Pythiaceae,Pythium,Pythium insidiosum
11,f591d84e307c33b5c358842f889d9f0f,LC547944,81.47,313,1.17E-63,257,NA,Oomycota,Peronosporea,Pythiales,Pythiaceae,Pythium,Pythium insidiosum
12,016496df2e5bb38665c3d5629bdc7ce0,KJ412302,81.23,309,1.95E-61,250,NA,Haptophyta,Coccolithophyceae,Prymnesiales,Chrysochromulinaceae,Chrysochromulina,Chrysochromulina tobinii
13,04a23e08fc619d6de7e077be22ce5f97,KJ412302,82.051,312,1.94E-66,267,NA,Haptophyta,Coccolithophyceae,Prymnesiales,Chrysochromulinaceae,Chrysochromulina,Chrysochromulina tobinii
14,0ba25c8aa5ffd82c0f6d24c9f4e70dff,KJ412302,84.416,308,1.48E-77,303,NA,Haptophyta,Coccolithophyceae,Prymnesiales,Chrysochromulinaceae,Chrysochromulina,Chrysochromulina tobinii
15,0dec4aff4bcd8897303a39e5ec2cb598,KJ412302,83.333,306,6.92E-71,281,NA,Haptophyta,Coccolithophyceae,Prymnesiales,Chrysochromulinaceae,Chrysochromulina,Chrysochromulina tobinii
16,30d5d972305c7e02ed78a5f58ae9c555,KJ412302,83.882,304,1.15E-73,291,NA,Haptophyta,Coccolithophyceae,Prymnesiales,Chrysochromulinaceae,Chrysochromulina,Chrysochromulina tobinii
17,3530d5092800ef019d13730b4aa79155,KJ412302,83.007,306,3.22E-69,276,NA,Haptophyta,Coccolithophyceae,Prymnesiales,Chrysochromulinaceae,Chrysochromulina,Chrysochromulina tobinii
18,3cf31ae690a74e424e5cd75f04873474,KJ412302,83.882,304,1.15E-73,291,NA,Haptophyta,Coccolithophyceae,Prymnesiales,Chrysochromulinaceae,Chrysochromulina,Chrysochromulina tobinii
19,3f2649e1ee8dbc0543a1e70a2fecf61e,KJ412302,82.594,293,1.17E-63,257,NA,Haptophyta,Coccolithophyceae,Prymnesiales,Chrysochromulinaceae,Chrysochromulina,Chrysochromulina tobinii
20,6a16ed419cb1b9116227dffad865346e,KJ412302,81.23,309,1.95E-61,250,NA,Haptophyta,Coccolithophyceae,Prymnesiales,Chrysochromulinaceae,Chrysochromulina,Chrysochromulina tobinii
21,7604dd07f8f05d36aee533143ab26568,KJ412302,85.664,286,5.31E-77,302,NA,Haptophyta,Coccolithophyceae,Prymnesiales,Chrysochromulinaceae,Chrysochromulina,Chrysochromulina tobinii
22,7940e0639aa181ee0b8d298001e748a4,KJ412302,82.68,306,1.50E-67,270,NA,Haptophyta,Coccolithophyceae,Prymnesiales,Chrysochromulinaceae,Chrysochromulina,Chrysochromulina tobinii
23,7cf9e914a2fa5cd71265b642f3256a8f,KJ412302,84.74,308,3.17E-79,309,NA,Haptophyta,Coccolithophyceae,Prymnesiales,Chrysochromulinaceae,Chrysochromulina,Chrysochromulina tobinii
24,87a8b81931c90c8787e243b1b51fadcb,KJ412302,82.68,306,4.16E-68,272,NA,Haptophyta,Coccolithophyceae,Prymnesiales,Chrysochromulinaceae,Chrysochromulina,Chrysochromulina tobinii
25,8ff551a57d26f9fdddf22b3aa49c5132,KJ412302,86.014,286,1.14E-78,307,NA,Haptophyta,Coccolithophyceae,Prymnesiales,Chrysochromulinaceae,Chrysochromulina,Chrysochromulina tobinii
26,98077b4a45661a398df2f6bd5ffd3118,KJ412302,86.014,286,1.14E-78,307,NA,Haptophyta,Coccolithophyceae,Prymnesiales,Chrysochromulinaceae,Chrysochromulina,Chrysochromulina tobinii
27,aff233ea5bbdec05e97b976a525c1340,KJ412302,82.253,293,5.43E-62,252,NA,Haptophyta,Coccolithophyceae,Prymnesiales,Chrysochromulinaceae,Chrysochromulina,Chrysochromulina tobinii
28,b8d3d2908fee3d082098d44fa6d8eb3d,KJ412302,83.276,293,5.39E-67,268,NA,Haptophyta,Coccolithophyceae,Prymnesiales,Chrysochromulinaceae,Chrysochromulina,Chrysochromulina tobinii
29,c185bc4139405f2a1884a7f7956b9cf6,KJ412302,83.333,306,1.92E-71,283,NA,Haptophyta,Coccolithophyceae,Prymnesiales,Chrysochromulinaceae,Chrysochromulina,Chrysochromulina tobinii
30,cb8be6d78e75a07c9b795d5bfdf01d85,KJ412302,81.23,309,1.95E-61,250,NA,Haptophyta,Coccolithophyceae,Prymnesiales,Chrysochromulinaceae,Chrysochromulina,Chrysochromulina tobinii
31,d65943334b59007976baea15293bbf9e,KJ412302,82.68,306,4.16E-68,272,NA,Haptophyta,Coccolithophyceae,Prymnesiales,Chrysochromulinaceae,Chrysochromulina,Chrysochromulina tobinii
32,db6f7c2491cd460f293d111870b60e84,KJ412302,83.66,306,4.14E-73,289,NA,Haptophyta,Coccolithophyceae,Prymnesiales,Chrysochromulinaceae,Chrysochromulina,Chrysochromulina tobinii
33,deb4ab3adc9b73fff591e0f9ee382aac,KJ412302,81.23,309,1.95E-61,250,NA,Haptophyta,Coccolithophyceae,Prymnesiales,Chrysochromulinaceae,Chrysochromulina,Chrysochromulina tobinii
34,12695a13c3e2e3a3ee3d252b38c875c7,EF650542,92.063,315,8.43E-120,444,Metazoa,Rotifera,Eurotatoria,NA,NA,NA,Bdelloidea environmental sample
35,0f6d7b8390c4f45e3c65624739d1028c,PP409253,83.923,311,6.87E-76,298,Metazoa,Cnidaria,Hydrozoa,Trachymedusae,Ptychogastriidae,Ptychogastria,Ptychogastria polaris
36,d97bb0e86b7d89ad0c760c5569e3f677,MW786940,98.101,316,4.83E-152,551,Metazoa,Ctenophora,Tentaculata,Lobata,Bolinopsidae,Bolinopsis,Bolinopsis aff. vitrea SBJ-2021
37,f13332469728ceb9cb00f731f6abe19c,MW786940,98.418,316,1.04E-153,556,Metazoa,Ctenophora,Tentaculata,Lobata,Bolinopsidae,Bolinopsis,Bolinopsis aff. vitrea SBJ-2021
38,190d8c53b4966737a6f9fc7c344a1f25,OQ544427,84.014,294,6.92E-71,281,NA,Oomycota,NA,Saprolegniales,Saprolegniaceae,Leptolegnia,Leptolegnia sp. SW-2023a
39,3ed164e73907fbe0a0d5b8c1cecf8c19,OQ544427,83.673,294,3.22E-69,276,NA,Oomycota,NA,Saprolegniales,Saprolegniaceae,Leptolegnia,Leptolegnia sp. SW-2023a
40,599229842204e930048a9a27f65e1712,OQ544427,83.333,294,1.50E-67,270,NA,Oomycota,NA,Saprolegniales,Saprolegniaceae,Leptolegnia,Leptolegnia sp. SW-2023a
41,adac8caeb5f9523e5f85364fd5752b78,OQ544427,83.673,294,3.22E-69,276,NA,Oomycota,NA,Saprolegniales,Saprolegniaceae,Leptolegnia,Leptolegnia sp. SW-2023a
42,d13c4bf5be4bcdd120058c20141b4ea1,OQ544427,83.673,294,3.22E-69,276,NA,Oomycota,NA,Saprolegniales,Saprolegniaceae,Leptolegnia,Leptolegnia sp. SW-2023a
43,e820e51b84b972e268fc20049f181807,OQ544427,83.673,294,3.22E-69,276,NA,Oomycota,NA,Saprolegniales,Saprolegniaceae,Leptolegnia,Leptolegnia sp. SW-2023a
44,007e5bb91694570fa791dcb86c8c2950,MH824533,100,313,2.19E-160,579,NA,NA,Synurophyceae,Ochromonadales,Ochromonadaceae,Poterioochromonas,Poterioochromonas malhamensis
45,419a8d1995d6d655a19a3d32421a576d,KC774063,82.333,300,9.02E-65,261,Metazoa,Mollusca,Gastropoda,Pteropoda,Cliidae,Clio,Clio convexa
46,89ce23efcc2b9157fba6d0492ae08941,KC774063,82.667,300,1.94E-66,267,Metazoa,Mollusca,Gastropoda,Pteropoda,Cliidae,Clio,Clio convexa
47,de5fbc9975aba9d6e738d5c92c7ff40e,KC774063,82.119,302,1.17E-63,257,Metazoa,Mollusca,Gastropoda,Pteropoda,Cliidae,Clio,Clio convexa
48,NA,NA,NA,NA,NA,NA,NA,Pseudomonadota,Alphaproteobacteria,Candidatus Pelagibacterales,Candidatus Pelagibacteraceae,Candidatus Pelagibacter,Candidatus Pelagibacter ubique
49,3518750c43cb5127cfac864a6743ee80,MH124200,83.871,279,1.94E-66,267,NA,Discosea,NA,Longamoebia,Acanthamoebidae,Acanthamoeba,Acanthamoeba comandoni
50,9ac6e5e9c2898142337ef0ddba7b2af2,MH124200,83.871,279,1.94E-66,267,NA,Discosea,NA,Longamoebia,Acanthamoebidae,Acanthamoeba,Acanthamoeba comandoni
51,bce6a2ab072ad011b3ec6ccfa42bf65a,MH124200,85.619,299,8.83E-80,311,NA,Discosea,NA,Longamoebia,Acanthamoebidae,Acanthamoeba,Acanthamoeba comandoni
52,bff0d556e96aecb7a732b466ccf50dfc,MH124200,84.229,279,4.16E-68,272,NA,Discosea,NA,Longamoebia,Acanthamoebidae,Acanthamoeba,Acanthamoeba comandoni
53,6f4971160b7422ebe59444a2e0b10a5d,KT257397,84.083,289,8.95E-70,278,NA,Oomycota,NA,NA,NA,Haptoglossa,Haptoglossa zoospora
54,242474136992a598c2d79b3f8955ca2c,PP409328,85.563,284,2.47E-75,296,Metazoa,Cnidaria,Hydrozoa,Siphonophorae,Apolemiidae,Apolemia,Apolemia sp.
55,7132402a07c089527c388520dad44006,PP409328,85.563,284,2.47E-75,296,Metazoa,Cnidaria,Hydrozoa,Siphonophorae,Apolemiidae,Apolemia,Apolemia sp.
56,740fd0d0f77454aa9167dc548b616a1c,PP409328,85.563,284,2.47E-75,296,Metazoa,Cnidaria,Hydrozoa,Siphonophorae,Apolemiidae,Apolemia,Apolemia sp.
57,99625af5a2ad5396a21c300547518259,PP409328,85.563,284,2.47E-75,296,Metazoa,Cnidaria,Hydrozoa,Siphonophorae,Apolemiidae,Apolemia,Apolemia sp.
58,bced40876e7249f1aa2efa75f803e2ef,PP409328,85.211,284,1.15E-73,291,Metazoa,Cnidaria,Hydrozoa,Siphonophorae,Apolemiidae,Apolemia,Apolemia sp.
59,de722045ef3af33a795ac2c7160f3361,PP409328,86.822,258,1.49E-72,287,Metazoa,Cnidaria,Hydrozoa,Siphonophorae,Apolemiidae,Apolemia,Apolemia sp.
60,f60397e777f69e41ad224dc44ba68c4f,PP409327,86.316,285,1.14E-78,307,Metazoa,Cnidaria,Hydrozoa,Siphonophorae,Apolemiidae,Apolemia,Apolemia sp.
61,f7977084eacbc206d354e02d02e59804,PP409327,85.563,284,2.47E-75,296,Metazoa,Cnidaria,Hydrozoa,Siphonophorae,Apolemiidae,Apolemia,Apolemia sp.
62,1027c4eadfb73eb66e35a9bd0e5ece74,CP088343,96.528,288,8.22E-130,477,Fungi,Ascomycota,Eurotiomycetes,Eurotiales,Aspergillaceae,Penicillium,Penicillium oxalicum
63,16a181c68119d698860347f9be6182d9,CP088343,96.805,313,1.04E-143,523,Fungi,Ascomycota,Eurotiomycetes,Eurotiales,Aspergillaceae,Penicillium,Penicillium oxalicum
64,247cadb682162acfee0a126d2cd3673d,CP088343,96.805,313,1.04E-143,523,Fungi,Ascomycota,Eurotiomycetes,Eurotiales,Aspergillaceae,Penicillium,Penicillium oxalicum
65,2bb232e7d9832b35727b0c2b5bc7522d,CP088343,97.125,313,2.24E-145,529,Fungi,Ascomycota,Eurotiomycetes,Eurotiales,Aspergillaceae,Penicillium,Penicillium oxalicum
66,53814ac04567f8e2287c46b0b52f47f1,FJ004548,93.594,281,1.41E-112,420,Fungi,Ascomycota,Eurotiomycetes,Eurotiales,Aspergillaceae,Penicillium,Penicillium sclerotiorum
67,5705631841c09bed76a2b9f990e0f542,FJ004548,93.238,281,6.54E-111,414,Fungi,Ascomycota,Eurotiomycetes,Eurotiales,Aspergillaceae,Penicillium,Penicillium sclerotiorum
68,f547f0787f8765de57a27b396831e0cc,FJ004548,93.238,281,6.54E-111,414,Fungi,Ascomycota,Eurotiomycetes,Eurotiales,Aspergillaceae,Penicillium,Penicillium sclerotiorum
69,07bdf4e040f1b515ff123c85b504b663,MT047458,81.646,316,1.17E-63,257,Fungi,Mucoromycota,Mucoromycetes,Mucorales,Mucoraceae,Apophysomyces,Apophysomyces elegans
70,7a03f249f7ca5f34e178c4e677370859,MT047458,81.388,317,5.43E-62,252,Fungi,Mucoromycota,Mucoromycetes,Mucorales,Mucoraceae,Apophysomyces,Apophysomyces elegans
71,00608428708c03be0ed0e81a4e2cd110,MW819745,98.418,316,1.04E-153,556,NA,NA,Dinophyceae,NA,NA,Philozoon,Philozoon balanophyllum
72,91f66496d9a5166861c1e62ab252e3b9,KX100839,84.429,289,5.35E-72,285,NA,NA,Synurophyceae,Synurales,Mallomonadaceae,Mallomonas,Mallomonas sp.
73,c920711be3d84ae6b5569b63fd8ac9f3,KX100839,83.509,285,6.97E-66,265,NA,NA,Synurophyceae,Synurales,Mallomonadaceae,Mallomonas,Mallomonas sp.
74,abb9c3b32e5bbaa00661a30a079c1cff,MN346641,83.446,296,4.16E-68,272,Metazoa,Arthropoda,Malacostraca,Amphipoda,Pardaliscidae,NA,Pardaliscidae sp. BOLD:ADF6557
75,77e1c5cb99305f2fb5c3513c28762b02,MZ631774,84.281,299,3.20E-74,292,NA,Arthropoda,Insecta,Diptera,Mycetophilidae,Mycetophila,Mycetophila stricklandi
76,f869bfe830c5ef58f3bc01fcfb716129,MZ631774,83.612,299,2.48E-70,279,NA,Arthropoda,Insecta,Diptera,Mycetophilidae,Mycetophila,Mycetophila stricklandi
77,2dba4c6c7a71e8657abb3c64b617c0b9,KX100775,82.253,293,1.95E-61,250,NA,NA,Chrysophyceae,Chromulinales,Chromulinaceae,Pedospumella,Pedospumella sp.
78,6854ae9aa280a6c2d0159b60a4f871db,KX100775,82.253,293,1.95E-61,250,NA,NA,Chrysophyceae,Chromulinales,Chromulinaceae,Pedospumella,Pedospumella sp.
79,a99d4f007d4b6e5c63579b1cd70d7216,KX100775,84.868,304,1.48E-77,303,NA,NA,Chrysophyceae,Chromulinales,Chromulinaceae,Pedospumella,Pedospumella sp.
80,ef6219cacb32b652b1fc194013ba3180,KX100775,82.594,293,4.19E-63,255,NA,NA,Chrysophyceae,Chromulinales,Chromulinaceae,Pedospumella,Pedospumella sp.
81,39cbdbd62d35ef07136180963eed7d40,KX100829,86.644,292,1.13E-83,324,NA,NA,Chrysophyceae,Chromulinales,Chromulinaceae,Pedospumella,Pedospumella sp. JBM19
82,78715e0177cb6e9514e01ba4826dd8e2,KX100829,86.301,292,5.27E-82,318,NA,NA,Chrysophyceae,Chromulinales,Chromulinaceae,Pedospumella,Pedospumella sp. JBM19
83,8f2128e085d71dd282338c2f4f1fbe06,KX100829,86.986,292,2.44E-85,329,NA,NA,Chrysophyceae,Chromulinales,Chromulinaceae,Pedospumella,Pedospumella sp. JBM19
84,dff36a2de0d41bc45dc77b86e2528c75,KX100829,86.644,292,1.13E-83,324,NA,NA,Chrysophyceae,Chromulinales,Chromulinaceae,Pedospumella,Pedospumella sp. JBM19
85,e2005efe93f5449d45bf3c26eb779527,KX100829,86.644,292,1.13E-83,324,NA,NA,Chrysophyceae,Chromulinales,Chromulinaceae,Pedospumella,Pedospumella sp. JBM19
86,1972cc9483dc60f303fe49312a176ae1,FJ030895,99.361,313,1.32E-157,569,NA,NA,Bigyra,Bicosoecida,NA,Caecitellus,Caecitellus parvulus
87,1b46e92f19b06bc7392825fa0e6154bd,FJ030895,99.361,313,1.32E-157,569,NA,NA,Bigyra,Bicosoecida,NA,Caecitellus,Caecitellus parvulus
88,1e28ee48fe6b79d044abdf519b59b15d,FJ030895,99.042,313,6.14E-156,564,NA,NA,Bigyra,Bicosoecida,NA,Caecitellus,Caecitellus parvulus
89,89a574231d1186a4604a0075914bae29,FJ030895,99.361,313,1.32E-157,569,NA,NA,Bigyra,Bicosoecida,NA,Caecitellus,Caecitellus parvulus
90,98711367e9a2905522a687b8f64bf50c,FJ030895,99.361,313,1.32E-157,569,NA,NA,Bigyra,Bicosoecida,NA,Caecitellus,Caecitellus parvulus
91,a6449ab6f988b6cbdfabb032e6b43b0b,FJ030895,99.681,313,2.83E-159,575,NA,NA,Bigyra,Bicosoecida,NA,Caecitellus,Caecitellus parvulus
92,a87283af684c4c8cbd4c8a9d67b175ca,FJ030895,99.361,313,1.32E-157,569,NA,NA,Bigyra,Bicosoecida,NA,Caecitellus,Caecitellus parvulus
93,a93444dd2f1c4a87b2c065760ed5ebd8,FJ030895,99.361,313,1.32E-157,569,NA,NA,Bigyra,Bicosoecida,NA,Caecitellus,Caecitellus parvulus
94,aca09f0475458288615990460b53edfb,FJ030895,99.361,313,1.32E-157,569,NA,NA,Bigyra,Bicosoecida,NA,Caecitellus,Caecitellus parvulus
95,b491e2fccfb03dfcdbe61734defa1216,FJ030895,99.361,313,1.32E-157,569,NA,NA,Bigyra,Bicosoecida,NA,Caecitellus,Caecitellus parvulus
96,bc71556658d0a73873bd9e3db6f26941,FJ030895,99.361,313,1.32E-157,569,NA,NA,Bigyra,Bicosoecida,NA,Caecitellus,Caecitellus parvulus
97,5e43ab44beab316a531c7b1bb0e5793f,MW731614,82.867,286,5.41E-62,252,Metazoa,Arthropoda,Arachnida,Araneae,Clubionidae,Clubiona,Clubiona xiaoci
98,7c8c6a655b2406ccc2d425f05ec895c2,MW731614,83.275,287,1.17E-63,257,Metazoa,Arthropoda,Arachnida,Araneae,Clubionidae,Clubiona,Clubiona xiaoci
99,88fabb73f100073e119888bb8dd23a5a,MW731614,83.217,286,1.17E-63,257,Metazoa,Arthropoda,Arachnida,Araneae,Clubionidae,Clubiona,Clubiona xiaoci
100,5ab55e334733b6069cc09b891489d265,KU247763,86.901,313,5.20E-92,351,Metazoa,Arthropoda,Hexanauplia,Calanoida,Spinocalanidae,Spinocalanus,Spinocalanus antarcticus
101,c9a3d24fa48f69f55d43442c54fd0cb6,KU247763,87.22,313,1.12E-93,357,Metazoa,Arthropoda,Hexanauplia,Calanoida,Spinocalanidae,Spinocalanus,Spinocalanus antarcticus
102,f724912b8d68eceb0efc6475b663f440,KU247763,86.901,313,5.20E-92,351,Metazoa,Arthropoda,Hexanauplia,Calanoida,Spinocalanidae,Spinocalanus,Spinocalanus antarcticus
103,584ac9a065d03719739ba72a62456334,GQ501325,86.392,316,8.80E-90,344,NA,NA,Dinophyceae,Peridiniales,Peridiniaceae,Scrippsiella,Scrippsiella trochoidea
104,c815d438e7393f1df97c36523174b7f6,OK054367,92.926,311,1.39E-122,453,Fungi,Ascomycota,Dothideomycetes,Pleosporales,Corynesporascaceae,Corynespora,Corynespora cassiicola
105,1bd9e2d582c91cd15cb0d90e5aa8fe78,KR264880,84.345,313,4.11E-78,305,NA,Oomycota,NA,Saprolegniales,Saprolegniaceae,Achlya,Achlya catenulata
106,02b91a6045f698aa408d77bc36e7f266,HQ708863,82.595,316,4.16E-68,272,NA,Oomycota,Peronosporea,Pythiales,Pythiaceae,Pythium,Pythium sp. CAL-2011c
107,3e637964eec261532de1b108eda1b7f1,HQ708863,82.736,307,1.94E-66,267,NA,Oomycota,Peronosporea,Pythiales,Pythiaceae,Pythium,Pythium sp. CAL-2011c
108,7e2d24f09df38aa99abdf2eb0dbb636a,HQ708863,82.595,316,4.16E-68,272,NA,Oomycota,Peronosporea,Pythiales,Pythiaceae,Pythium,Pythium sp. CAL-2011c
109,94d9717463afba80b7e8cd31a8bf8a96,HQ708863,83.228,316,1.92E-71,283,NA,Oomycota,Peronosporea,Pythiales,Pythiaceae,Pythium,Pythium sp. CAL-2011c
110,b9616e6bd7e6869492e466ca8bf7698c,HQ708863,83.544,316,4.14E-73,289,NA,Oomycota,Peronosporea,Pythiales,Pythiaceae,Pythium,Pythium sp. CAL-2011c
111,f0fda72ac35a23e01543b360bbc1619f,HQ708863,82.911,316,8.95E-70,278,NA,Oomycota,Peronosporea,Pythiales,Pythiaceae,Pythium,Pythium sp. CAL-2011c
112,02532d1fbad621488951a8893464a2b2,LT840186,85.256,312,4.08E-83,322,NA,Pseudomonadota,Alphaproteobacteria,Candidatus Pelagibacterales,Candidatus Pelagibacteraceae,Candidatus Pelagibacter,Candidatus Pelagibacter sp. HIMB1321
113,033ef326a9437d1301608175ee9c1197,LT840186,84.026,313,5.31E-77,302,NA,Pseudomonadota,Alphaproteobacteria,Candidatus Pelagibacterales,Candidatus Pelagibacteraceae,Candidatus Pelagibacter,Candidatus Pelagibacter sp. HIMB1321
114,0860de5594315d236ebf65d4b8f8f477,LT840186,84.936,312,1.90E-81,316,NA,Pseudomonadota,Alphaproteobacteria,Candidatus Pelagibacterales,Candidatus Pelagibacteraceae,Candidatus Pelagibacter,Candidatus Pelagibacter sp. HIMB1321
115,0a45ede41fe3d7c2283541ba36784040,LT840186,84.345,313,4.11E-78,305,NA,Pseudomonadota,Alphaproteobacteria,Candidatus Pelagibacterales,Candidatus Pelagibacteraceae,Candidatus Pelagibacter,Candidatus Pelagibacter sp. HIMB1321
116,0b60cf2b58f306fc2097192df8cba04a,LT840186,85.577,312,8.76E-85,327,NA,Pseudomonadota,Alphaproteobacteria,Candidatus Pelagibacterales,Candidatus Pelagibacteraceae,Candidatus Pelagibacter,Candidatus Pelagibacter sp. HIMB1321
117,0ce8dde536f8d7f75c565f19b1812ff5,LT840186,84.665,313,8.83E-80,311,NA,Pseudomonadota,Alphaproteobacteria,Candidatus Pelagibacterales,Candidatus Pelagibacteraceae,Candidatus Pelagibacter,Candidatus Pelagibacter sp. HIMB1321
118,0f559c60d679a6e07109d700c1c95142,LT840186,86.262,313,1.13E-88,340,NA,Pseudomonadota,Alphaproteobacteria,Candidatus Pelagibacterales,Candidatus Pelagibacteraceae,Candidatus Pelagibacter,Candidatus Pelagibacter sp. HIMB1321
119,125962db6ac502b1d3ca2733bf3ae19b,LT840186,85.577,312,8.76E-85,327,NA,Pseudomonadota,Alphaproteobacteria,Candidatus Pelagibacterales,Candidatus Pelagibacteraceae,Candidatus Pelagibacter,Candidatus Pelagibacter sp. HIMB1321
120,1488e7e167ed7e738c324857c54c5982,LT840186,86.262,313,1.13E-88,340,NA,Pseudomonadota,Alphaproteobacteria,Candidatus Pelagibacterales,Candidatus Pelagibacteraceae,Candidatus Pelagibacter,Candidatus Pelagibacter sp. HIMB1321
121,14f65109e5129af46de84f6f72f57780,LT840186,86.581,313,2.42E-90,346,NA,Pseudomonadota,Alphaproteobacteria,Candidatus Pelagibacterales,Candidatus Pelagibacteraceae,Candidatus Pelagibacter,Candidatus Pelagibacter sp. HIMB1321
122,16bc3d053c97004db4118f8e0ffd72c6,LT840186,84.615,312,8.83E-80,311,NA,Pseudomonadota,Alphaproteobacteria,Candidatus Pelagibacterales,Candidatus Pelagibacteraceae,Candidatus Pelagibacter,Candidatus Pelagibacter sp. HIMB1321
123,17541e3bc616626d3a0fd65dd8608644,LT840186,84.615,312,8.83E-80,311,NA,Pseudomonadota,Alphaproteobacteria,Candidatus Pelagibacterales,Candidatus Pelagibacteraceae,Candidatus Pelagibacter,Candidatus Pelagibacter sp. HIMB1321
124,17d6321023a9cbcdbabf9d3f37aad59b,LT840186,86.901,313,5.20E-92,351,NA,Pseudomonadota,Alphaproteobacteria,Candidatus Pelagibacterales,Candidatus Pelagibacteraceae,Candidatus Pelagibacter,Candidatus Pelagibacter sp. HIMB1321
125,1afba4af1bf85c4606d7734a0c38bfac,LT840186,84.615,312,8.83E-80,311,NA,Pseudomonadota,Alphaproteobacteria,Candidatus Pelagibacterales,Candidatus Pelagibacteraceae,Candidatus Pelagibacter,Candidatus Pelagibacter sp. HIMB1321
126,20de47d581518f1786fc9525900c1e96,LT840186,87.821,312,1.85E-96,366,NA,Pseudomonadota,Alphaproteobacteria,Candidatus Pelagibacterales,Candidatus Pelagibacteraceae,Candidatus Pelagibacter,Candidatus Pelagibacter sp. HIMB1321
127,21f762553fd01113b5eb847e30ceba32,LT840186,83.974,312,1.91E-76,300,NA,Pseudomonadota,Alphaproteobacteria,Candidatus Pelagibacterales,Candidatus Pelagibacteraceae,Candidatus Pelagibacter,Candidatus Pelagibacter sp. HIMB1321
128,23c76c121d2651834225b245efee1c28,LT840186,84.345,313,1.14E-78,307,NA,Pseudomonadota,Alphaproteobacteria,Candidatus Pelagibacterales,Candidatus Pelagibacteraceae,Candidatus Pelagibacter,Candidatus Pelagibacter sp. HIMB1321
129,2d96d3d0b047e68735e1e73c4d0ca303,LT840186,84.615,312,8.83E-80,311,NA,Pseudomonadota,Alphaproteobacteria,Candidatus Pelagibacterales,Candidatus Pelagibacteraceae,Candidatus Pelagibacter,Candidatus Pelagibacter sp. HIMB1321
130,30f4442937ccc025e17ff0b207f01c65,LT840186,85.256,312,4.08E-83,322,NA,Pseudomonadota,Alphaproteobacteria,Candidatus Pelagibacterales,Candidatus Pelagibacteraceae,Candidatus Pelagibacter,Candidatus Pelagibacter sp. HIMB1321
131,310c661eb9b15670647bba5c788a6705,LT840186,84.295,312,4.11E-78,305,NA,Pseudomonadota,Alphaproteobacteria,Candidatus Pelagibacterales,Candidatus Pelagibacteraceae,Candidatus Pelagibacter,Candidatus Pelagibacter sp. HIMB1321
132,33d37c4f9d0d73673f01f5f6ee5caf57,LT840186,84.615,312,8.83E-80,311,NA,Pseudomonadota,Alphaproteobacteria,Candidatus Pelagibacterales,Candidatus Pelagibacteraceae,Candidatus Pelagibacter,Candidatus Pelagibacter sp. HIMB1321
133,345a807936b896ef3606b0d6abdce4ee,LT840186,85.304,313,4.08E-83,322,NA,Pseudomonadota,Alphaproteobacteria,Candidatus Pelagibacterales,Candidatus Pelagibacteraceae,Candidatus Pelagibacter,Candidatus Pelagibacter sp. HIMB1321
134,37890c1f104219b746b425c1550dab0e,LT840186,83.974,312,1.91E-76,300,NA,Pseudomonadota,Alphaproteobacteria,Candidatus Pelagibacterales,Candidatus Pelagibacteraceae,Candidatus Pelagibacter,Candidatus Pelagibacter sp. HIMB1321
135,37d41899678f01ade7f8cfee6c6378f1,LT840186,84.615,312,8.83E-80,311,NA,Pseudomonadota,Alphaproteobacteria,Candidatus Pelagibacterales,Candidatus Pelagibacteraceae,Candidatus Pelagibacter,Candidatus Pelagibacter sp. HIMB1321
136,419df1669669fa4856e42dbd3c80425f,LT840186,85.304,313,4.08E-83,322,NA,Pseudomonadota,Alphaproteobacteria,Candidatus Pelagibacterales,Candidatus Pelagibacteraceae,Candidatus Pelagibacter,Candidatus Pelagibacter sp. HIMB1321
137,41d604b67695a0290aa385a1e2e33e83,LT840186,84.615,312,8.83E-80,311,NA,Pseudomonadota,Alphaproteobacteria,Candidatus Pelagibacterales,Candidatus Pelagibacteraceae,Candidatus Pelagibacter,Candidatus Pelagibacter sp. HIMB1321
138,42eb2412c48bd99194de1639a991b061,LT840186,88.141,312,3.99E-98,372,NA,Pseudomonadota,Alphaproteobacteria,Candidatus Pelagibacterales,Candidatus Pelagibacteraceae,Candidatus Pelagibacter,Candidatus Pelagibacter sp. HIMB1321
139,4330085d88385e922721b787424aa17d,LT840186,84.615,312,8.83E-80,311,NA,Pseudomonadota,Alphaproteobacteria,Candidatus Pelagibacterales,Candidatus Pelagibacteraceae,Candidatus Pelagibacter,Candidatus Pelagibacter sp. HIMB1321
140,434645fa65bdf2378852d8519ac59a1a,LT840186,84.295,312,4.11E-78,305,NA,Pseudomonadota,Alphaproteobacteria,Candidatus Pelagibacterales,Candidatus Pelagibacteraceae,Candidatus Pelagibacter,Candidatus Pelagibacter sp. HIMB1321
141,463cb34b13e2da2736e369e7b656feb9,LT840186,84.936,312,1.90E-81,316,NA,Pseudomonadota,Alphaproteobacteria,Candidatus Pelagibacterales,Candidatus Pelagibacteraceae,Candidatus Pelagibacter,Candidatus Pelagibacter sp. HIMB1321
142,48b6bcc68bd16250ab86a2d0a196b460,LT840186,84.936,312,1.90E-81,316,NA,Pseudomonadota,Alphaproteobacteria,Candidatus Pelagibacterales,Candidatus Pelagibacteraceae,Candidatus Pelagibacter,Candidatus Pelagibacter sp. HIMB1321
143,4c243f181bc729b9bf0a4e493909347a,LT840186,83.654,312,8.89E-75,294,NA,Pseudomonadota,Alphaproteobacteria,Candidatus Pelagibacterales,Candidatus Pelagibacteraceae,Candidatus Pelagibacter,Candidatus Pelagibacter sp. HIMB1321
144,4c9c23d13c6ebbe7881e1991924f08f6,LT840186,84.244,311,1.48E-77,303,NA,Pseudomonadota,Alphaproteobacteria,Candidatus Pelagibacterales,Candidatus Pelagibacteraceae,Candidatus Pelagibacter,Candidatus Pelagibacter sp. HIMB1321
145,4dd29960fc6c4f5de7b0d053f50c8d9f,LT840186,84.295,312,4.11E-78,305,NA,Pseudomonadota,Alphaproteobacteria,Candidatus Pelagibacterales,Candidatus Pelagibacteraceae,Candidatus Pelagibacter,Candidatus Pelagibacter sp. HIMB1321
146,51e5127168cff61667a9b91e6d227f2e,LT840186,84.295,312,4.11E-78,305,NA,Pseudomonadota,Alphaproteobacteria,Candidatus Pelagibacterales,Candidatus Pelagibacteraceae,Candidatus Pelagibacter,Candidatus Pelagibacter sp. HIMB1321
147,5200eb73fcc9eef0107425aecb503907,LT840186,83.974,312,1.91E-76,300,NA,Pseudomonadota,Alphaproteobacteria,Candidatus Pelagibacterales,Candidatus Pelagibacteraceae,Candidatus Pelagibacter,Candidatus Pelagibacter sp. HIMB1321
148,5ec5e9fabc8e93b2b35264737b1df86c,LT840186,88.179,313,1.11E-98,374,NA,Pseudomonadota,Alphaproteobacteria,Candidatus Pelagibacterales,Candidatus Pelagibacteraceae,Candidatus Pelagibacter,Candidatus Pelagibacter sp. HIMB1321
149,5eca6975ad095fb8c9d358b44fc7d43d,LT840186,85.256,312,4.08E-83,322,NA,Pseudomonadota,Alphaproteobacteria,Candidatus Pelagibacterales,Candidatus Pelagibacteraceae,Candidatus Pelagibacter,Candidatus Pelagibacter sp. HIMB1321
150,64a2adcb822c689024db75e05e03ebae,LT840186,85.256,312,4.08E-83,322,NA,Pseudomonadota,Alphaproteobacteria,Candidatus Pelagibacterales,Candidatus Pelagibacteraceae,Candidatus Pelagibacter,Candidatus Pelagibacter sp. HIMB1321
151,66323e603cdd2fce0c2edc969bde9b4c,LT840186,84.936,312,1.90E-81,316,NA,Pseudomonadota,Alphaproteobacteria,Candidatus Pelagibacterales,Candidatus Pelagibacteraceae,Candidatus Pelagibacter,Candidatus Pelagibacter sp. HIMB1321
152,6b091cb49931afb6f6fe8d4fa0c941f5,LT840186,83.387,313,4.14E-73,289,NA,Pseudomonadota,Alphaproteobacteria,Candidatus Pelagibacterales,Candidatus Pelagibacteraceae,Candidatus Pelagibacter,Candidatus Pelagibacter sp. HIMB1321
153,71e9cb65a58c7447acc472adceaba4d6,LT840186,85.577,312,8.76E-85,327,NA,Pseudomonadota,Alphaproteobacteria,Candidatus Pelagibacterales,Candidatus Pelagibacteraceae,Candidatus Pelagibacter,Candidatus Pelagibacter sp. HIMB1321
154,7567e95ac6240b1f4d760968037dc39d,LT840186,84.615,312,8.83E-80,311,NA,Pseudomonadota,Alphaproteobacteria,Candidatus Pelagibacterales,Candidatus Pelagibacteraceae,Candidatus Pelagibacter,Candidatus Pelagibacter sp. HIMB1321
155,75d3ac5da64aa66010547ef1fd871948,LT840186,83.974,312,1.91E-76,300,NA,Pseudomonadota,Alphaproteobacteria,Candidatus Pelagibacterales,Candidatus Pelagibacteraceae,Candidatus Pelagibacter,Candidatus Pelagibacter sp. HIMB1321
156,770ad88c3cdd662b43f997630e40a228,LT840186,86.262,313,1.13E-88,340,NA,Pseudomonadota,Alphaproteobacteria,Candidatus Pelagibacterales,Candidatus Pelagibacteraceae,Candidatus Pelagibacter,Candidatus Pelagibacter sp. HIMB1321
157,77afa48a4a2e2b02763357181148a1b7,LT840186,86.218,312,4.05E-88,339,NA,Pseudomonadota,Alphaproteobacteria,Candidatus Pelagibacterales,Candidatus Pelagibacteraceae,Candidatus Pelagibacter,Candidatus Pelagibacter sp. HIMB1321
158,784048447481c79df934e9237b0b8fd1,LT840186,84.295,312,4.11E-78,305,NA,Pseudomonadota,Alphaproteobacteria,Candidatus Pelagibacterales,Candidatus Pelagibacteraceae,Candidatus Pelagibacter,Candidatus Pelagibacter sp. HIMB1321
159,79013f89ee5bfc109565231f4ef901be,LT840186,87.54,313,2.40E-95,363,NA,Pseudomonadota,Alphaproteobacteria,Candidatus Pelagibacterales,Candidatus Pelagibacteraceae,Candidatus Pelagibacter,Candidatus Pelagibacter sp. HIMB1321
160,7e8f99cfe267cb73294bc6ab43c8bf53,LT840186,85.669,314,2.44E-85,329,NA,Pseudomonadota,Alphaproteobacteria,Candidatus Pelagibacterales,Candidatus Pelagibacteraceae,Candidatus Pelagibacter,Candidatus Pelagibacter sp. HIMB1321
161,8245d523719f3bdd87d716ebb0771a7f,LT840186,88.462,312,8.55E-100,377,NA,Pseudomonadota,Alphaproteobacteria,Candidatus Pelagibacterales,Candidatus Pelagibacteraceae,Candidatus Pelagibacter,Candidatus Pelagibacter sp. HIMB1321
162,8391248e4c30f4daaed1b02722cc34ba,LT840186,85.304,313,1.13E-83,324,NA,Pseudomonadota,Alphaproteobacteria,Candidatus Pelagibacterales,Candidatus Pelagibacteraceae,Candidatus Pelagibacter,Candidatus Pelagibacter sp. HIMB1321
163,84463a95cede79ef759a043d714e499f,LT840186,85.256,312,4.08E-83,322,NA,Pseudomonadota,Alphaproteobacteria,Candidatus Pelagibacterales,Candidatus Pelagibacteraceae,Candidatus Pelagibacter,Candidatus Pelagibacter sp. HIMB1321
164,84ae51ed3ec666d124ae8abda1afb298,LT840186,84.354,294,1.49E-72,287,NA,Pseudomonadota,Alphaproteobacteria,Candidatus Pelagibacterales,Candidatus Pelagibacteraceae,Candidatus Pelagibacter,Candidatus Pelagibacter sp. HIMB1321
165,894b0f0a2f65b33355b3148fffadf432,LT840186,84.615,312,8.83E-80,311,NA,Pseudomonadota,Alphaproteobacteria,Candidatus Pelagibacterales,Candidatus Pelagibacteraceae,Candidatus Pelagibacter,Candidatus Pelagibacter sp. HIMB1321
166,8994c1d86b0ed7bcdb308399157ed1e8,LT840186,83.974,312,1.91E-76,300,NA,Pseudomonadota,Alphaproteobacteria,Candidatus Pelagibacterales,Candidatus Pelagibacteraceae,Candidatus Pelagibacter,Candidatus Pelagibacter sp. HIMB1321
167,8a9dc3e0068dd636c60c91c9e5a77856,LT840186,84.936,312,1.90E-81,316,NA,Pseudomonadota,Alphaproteobacteria,Candidatus Pelagibacterales,Candidatus Pelagibacteraceae,Candidatus Pelagibacter,Candidatus Pelagibacter sp. HIMB1321
168,8ec53c2b063f5fe06bf0e16f0e48a2b7,LT840186,85.032,314,5.27E-82,318,NA,Pseudomonadota,Alphaproteobacteria,Candidatus Pelagibacterales,Candidatus Pelagibacteraceae,Candidatus Pelagibacter,Candidatus Pelagibacter sp. HIMB1321
169,8ec7804f84c1b93cd1818f680cc16baf,LT840186,84.295,312,4.11E-78,305,NA,Pseudomonadota,Alphaproteobacteria,Candidatus Pelagibacterales,Candidatus Pelagibacteraceae,Candidatus Pelagibacter,Candidatus Pelagibacter sp. HIMB1321
170,8f6b8634f1e0343160ec6269db126cec,LT840186,84.566,311,3.17E-79,309,NA,Pseudomonadota,Alphaproteobacteria,Candidatus Pelagibacterales,Candidatus Pelagibacteraceae,Candidatus Pelagibacter,Candidatus Pelagibacter sp. HIMB1321
171,909a139fcc9e192decb9c0ba567e0818,LT840186,85.437,309,4.08E-83,322,NA,Pseudomonadota,Alphaproteobacteria,Candidatus Pelagibacterales,Candidatus Pelagibacteraceae,Candidatus Pelagibacter,Candidatus Pelagibacter sp. HIMB1321
172,94270d8167587108319ddbe9de33acb8,LT840186,84.615,312,8.83E-80,311,NA,Pseudomonadota,Alphaproteobacteria,Candidatus Pelagibacterales,Candidatus Pelagibacteraceae,Candidatus Pelagibacter,Candidatus Pelagibacter sp. HIMB1321
173,964bd28a5644704a98dff2819c3f57d0,LT840186,84.615,312,8.83E-80,311,NA,Pseudomonadota,Alphaproteobacteria,Candidatus Pelagibacterales,Candidatus Pelagibacteraceae,Candidatus Pelagibacter,Candidatus Pelagibacter sp. HIMB1321
174,971860d0a324d38b66b87eca55d6e5d5,LT840186,84.615,312,8.83E-80,311,NA,Pseudomonadota,Alphaproteobacteria,Candidatus Pelagibacterales,Candidatus Pelagibacteraceae,Candidatus Pelagibacter,Candidatus Pelagibacter sp. HIMB1321
175,9790272d5e65ac01cacd92977e968ba2,LT840186,84.345,313,4.11E-78,305,NA,Pseudomonadota,Alphaproteobacteria,Candidatus Pelagibacterales,Candidatus Pelagibacteraceae,Candidatus Pelagibacter,Candidatus Pelagibacter sp. HIMB1321
176,9bd252d83ed61269e6274c34c1984cc3,LT840186,85.256,312,4.08E-83,322,NA,Pseudomonadota,Alphaproteobacteria,Candidatus Pelagibacterales,Candidatus Pelagibacteraceae,Candidatus Pelagibacter,Candidatus Pelagibacter sp. HIMB1321
177,a669e6dd7a1dc7eaa2d929b10417743c,LT840186,84.345,313,4.11E-78,305,NA,Pseudomonadota,Alphaproteobacteria,Candidatus Pelagibacterales,Candidatus Pelagibacteraceae,Candidatus Pelagibacter,Candidatus Pelagibacter sp. HIMB1321
178,a6ee6603ffb3e5cd1f66e896e3c33198,LT840186,87.5,312,8.64E-95,361,NA,Pseudomonadota,Alphaproteobacteria,Candidatus Pelagibacterales,Candidatus Pelagibacteraceae,Candidatus Pelagibacter,Candidatus Pelagibacter sp. HIMB1321
179,acc46396b8ebc1139506cd64925e45b4,LT840186,86.901,313,5.20E-92,351,NA,Pseudomonadota,Alphaproteobacteria,Candidatus Pelagibacterales,Candidatus Pelagibacteraceae,Candidatus Pelagibacter,Candidatus Pelagibacter sp. HIMB1321
180,ace128023e22a71712d6596919455249,LT840186,84.936,312,1.90E-81,316,NA,Pseudomonadota,Alphaproteobacteria,Candidatus Pelagibacterales,Candidatus Pelagibacteraceae,Candidatus Pelagibacter,Candidatus Pelagibacter sp. HIMB1321
181,b2253f5bd7a06f6d978226ecc6cd9d0d,LT840186,88.141,312,3.99E-98,372,NA,Pseudomonadota,Alphaproteobacteria,Candidatus Pelagibacterales,Candidatus Pelagibacteraceae,Candidatus Pelagibacter,Candidatus Pelagibacter sp. HIMB1321
182,b5b7e5988247442e104112db681297d7,LT840186,83.28,311,5.35E-72,285,NA,Pseudomonadota,Alphaproteobacteria,Candidatus Pelagibacterales,Candidatus Pelagibacteraceae,Candidatus Pelagibacter,Candidatus Pelagibacter sp. HIMB1321
183,b75da6817e7149764754f23530ea4f0f,LT840186,84.984,313,1.90E-81,316,NA,Pseudomonadota,Alphaproteobacteria,Candidatus Pelagibacterales,Candidatus Pelagibacteraceae,Candidatus Pelagibacter,Candidatus Pelagibacter sp. HIMB1321
184,b76a20f1e76f7e1385178baaf6ab89b6,LT840186,85.256,312,4.08E-83,322,NA,Pseudomonadota,Alphaproteobacteria,Candidatus Pelagibacterales,Candidatus Pelagibacteraceae,Candidatus Pelagibacter,Candidatus Pelagibacter sp. HIMB1321
185,b8ebe3ba0ceba058ba0884ee622b9bb7,LT840186,85.256,312,4.08E-83,322,NA,Pseudomonadota,Alphaproteobacteria,Candidatus Pelagibacterales,Candidatus Pelagibacteraceae,Candidatus Pelagibacter,Candidatus Pelagibacter sp. HIMB1321
186,ba2d9696a9374c86832c83e30e90061b,LT840186,84.665,313,8.83E-80,311,NA,Pseudomonadota,Alphaproteobacteria,Candidatus Pelagibacterales,Candidatus Pelagibacteraceae,Candidatus Pelagibacter,Candidatus Pelagibacter sp. HIMB1321
187,bb6ee490e05031b201577a7a9de3350c,LT840186,86.581,313,2.42E-90,346,NA,Pseudomonadota,Alphaproteobacteria,Candidatus Pelagibacterales,Candidatus Pelagibacteraceae,Candidatus Pelagibacter,Candidatus Pelagibacter sp. HIMB1321
188,c1380d783ac2483dd1da8243f918b5de,LT840186,84.984,313,5.27E-82,318,NA,Pseudomonadota,Alphaproteobacteria,Candidatus Pelagibacterales,Candidatus Pelagibacteraceae,Candidatus Pelagibacter,Candidatus Pelagibacter sp. HIMB1321
189,c29498ea5bc17fe8709cc7752016d30c,LT840186,88.462,312,8.58E-100,377,NA,Pseudomonadota,Alphaproteobacteria,Candidatus Pelagibacterales,Candidatus Pelagibacteraceae,Candidatus Pelagibacter,Candidatus Pelagibacter sp. HIMB1321
190,c6f458c40b2b10dcd90b4b3ec381f5af,LT840186,84.665,313,8.83E-80,311,NA,Pseudomonadota,Alphaproteobacteria,Candidatus Pelagibacterales,Candidatus Pelagibacteraceae,Candidatus Pelagibacter,Candidatus Pelagibacter sp. HIMB1321
191,c723ef460ccc9620897c7eb12907b81a,LT840186,87.22,313,1.12E-93,357,NA,Pseudomonadota,Alphaproteobacteria,Candidatus Pelagibacterales,Candidatus Pelagibacteraceae,Candidatus Pelagibacter,Candidatus Pelagibacter sp. HIMB1321
192,cdc051c843b9f5ee659d795b4b905229,LT840186,84.936,312,1.90E-81,316,NA,Pseudomonadota,Alphaproteobacteria,Candidatus Pelagibacterales,Candidatus Pelagibacteraceae,Candidatus Pelagibacter,Candidatus Pelagibacter sp. HIMB1321
193,ce68b8c2173adf777c5de4f02591501c,LT840186,85.897,312,1.88E-86,333,NA,Pseudomonadota,Alphaproteobacteria,Candidatus Pelagibacterales,Candidatus Pelagibacteraceae,Candidatus Pelagibacter,Candidatus Pelagibacter sp. HIMB1321
194,ce6af61e1020f1a3786c30dcc652d213,LT840186,83.013,312,1.92E-71,283,NA,Pseudomonadota,Alphaproteobacteria,Candidatus Pelagibacterales,Candidatus Pelagibacteraceae,Candidatus Pelagibacter,Candidatus Pelagibacter sp. HIMB1321
195,d01717ff17fcf13a8fad811b19e54a68,LT840186,86.218,312,4.05E-88,339,NA,Pseudomonadota,Alphaproteobacteria,Candidatus Pelagibacterales,Candidatus Pelagibacteraceae,Candidatus Pelagibacter,Candidatus Pelagibacter sp. HIMB1321
196,d205b783847206be9747a77d934c4695,LT840186,87.54,313,2.40E-95,363,NA,Pseudomonadota,Alphaproteobacteria,Candidatus Pelagibacterales,Candidatus Pelagibacteraceae,Candidatus Pelagibacter,Candidatus Pelagibacter sp. HIMB1321
197,d309c49392d055abbecb55c6d79ffa6d,LT840186,85.897,312,1.88E-86,333,NA,Pseudomonadota,Alphaproteobacteria,Candidatus Pelagibacterales,Candidatus Pelagibacteraceae,Candidatus Pelagibacter,Candidatus Pelagibacter sp. HIMB1321
198,d3fad418ce1fbea69acc47d4d9439376,LT840186,84.936,312,1.90E-81,316,NA,Pseudomonadota,Alphaproteobacteria,Candidatus Pelagibacterales,Candidatus Pelagibacteraceae,Candidatus Pelagibacter,Candidatus Pelagibacter sp. HIMB1321
199,d40cc6c79ca7f3c7cac3e5602484c357,LT840186,84.345,313,4.11E-78,305,NA,Pseudomonadota,Alphaproteobacteria,Candidatus Pelagibacterales,Candidatus Pelagibacteraceae,Candidatus Pelagibacter,Candidatus Pelagibacter sp. HIMB1321
200,d62dc886d6a11ca8377de536cc1114ba,LT840186,85.577,312,8.76E-85,327,NA,Pseudomonadota,Alphaproteobacteria,Candidatus Pelagibacterales,Candidatus Pelagibacteraceae,Candidatus Pelagibacter,Candidatus Pelagibacter sp. HIMB1321
201,d68278d4e0ecb83d009d4b49dfdc6b3b,LT840186,86.581,313,2.42E-90,346,NA,Pseudomonadota,Alphaproteobacteria,Candidatus Pelagibacterales,Candidatus Pelagibacteraceae,Candidatus Pelagibacter,Candidatus Pelagibacter sp. HIMB1321
202,d8f3033c147363b5ceb1fcdb932e3d91,LT840186,86.538,312,8.67E-90,344,NA,Pseudomonadota,Alphaproteobacteria,Candidatus Pelagibacterales,Candidatus Pelagibacteraceae,Candidatus Pelagibacter,Candidatus Pelagibacter sp. HIMB1321
203,d9a71413acf60dbd9941f4a3c104cfeb,LT840186,88.141,312,3.98E-98,372,NA,Pseudomonadota,Alphaproteobacteria,Candidatus Pelagibacterales,Candidatus Pelagibacteraceae,Candidatus Pelagibacter,Candidatus Pelagibacter sp. HIMB1321
204,db8f1ab2934d2903aec4e4f94a0592db,LT840186,85.577,312,8.76E-85,327,NA,Pseudomonadota,Alphaproteobacteria,Candidatus Pelagibacterales,Candidatus Pelagibacteraceae,Candidatus Pelagibacter,Candidatus Pelagibacter sp. HIMB1321
205,dcb39b65ab0f2f023b932d4d439f4bf0,LT840186,83.654,312,8.89E-75,294,NA,Pseudomonadota,Alphaproteobacteria,Candidatus Pelagibacterales,Candidatus Pelagibacteraceae,Candidatus Pelagibacter,Candidatus Pelagibacter sp. HIMB1321
206,e6b8d0eb64965d2e04365ae8096ab386,LT840186,86.901,313,5.20E-92,351,NA,Pseudomonadota,Alphaproteobacteria,Candidatus Pelagibacterales,Candidatus Pelagibacteraceae,Candidatus Pelagibacter,Candidatus Pelagibacter sp. HIMB1321
207,e8255531ee2e9b906d90f284f7059c65,LT840186,84.345,313,4.11E-78,305,NA,Pseudomonadota,Alphaproteobacteria,Candidatus Pelagibacterales,Candidatus Pelagibacteraceae,Candidatus Pelagibacter,Candidatus Pelagibacter sp. HIMB1321
208,ea5a8e8c766bfaefdbd3feff80c9edc0,LT840186,84.345,313,4.11E-78,305,NA,Pseudomonadota,Alphaproteobacteria,Candidatus Pelagibacterales,Candidatus Pelagibacteraceae,Candidatus Pelagibacter,Candidatus Pelagibacter sp. HIMB1321
209,ebc3c9d5edac39c3195e592c6c8a62f9,LT840186,83.974,312,1.91E-76,300,NA,Pseudomonadota,Alphaproteobacteria,Candidatus Pelagibacterales,Candidatus Pelagibacteraceae,Candidatus Pelagibacter,Candidatus Pelagibacter sp. HIMB1321
210,f1a6c78f0de7d94ad40fadd945ecf990,LT840186,85.304,313,1.13E-83,324,NA,Pseudomonadota,Alphaproteobacteria,Candidatus Pelagibacterales,Candidatus Pelagibacteraceae,Candidatus Pelagibacter,Candidatus Pelagibacter sp. HIMB1321
211,f5727c2859b22592a378b2e08556169e,LT840186,85.577,312,8.76E-85,327,NA,Pseudomonadota,Alphaproteobacteria,Candidatus Pelagibacterales,Candidatus Pelagibacteraceae,Candidatus Pelagibacter,Candidatus Pelagibacter sp. HIMB1321
212,f654386655f86aaa819313184b8cba8f,LT840186,84.936,312,1.90E-81,316,NA,Pseudomonadota,Alphaproteobacteria,Candidatus Pelagibacterales,Candidatus Pelagibacteraceae,Candidatus Pelagibacter,Candidatus Pelagibacter sp. HIMB1321
213,f76f8e5ded8dc189da2b47782f97d144,LT840186,84.615,312,8.83E-80,311,NA,Pseudomonadota,Alphaproteobacteria,Candidatus Pelagibacterales,Candidatus Pelagibacteraceae,Candidatus Pelagibacter,Candidatus Pelagibacter sp. HIMB1321
214,f78d7eaefe5762c7662a0ed60f84d142,LT840186,82.428,313,1.16E-68,274,NA,Pseudomonadota,Alphaproteobacteria,Candidatus Pelagibacterales,Candidatus Pelagibacteraceae,Candidatus Pelagibacter,Candidatus Pelagibacter sp. HIMB1321
215,fb7e9d866e27b543fd1265fcb6fc5c44,LT840186,83.333,312,4.14E-73,289,NA,Pseudomonadota,Alphaproteobacteria,Candidatus Pelagibacterales,Candidatus Pelagibacteraceae,Candidatus Pelagibacter,Candidatus Pelagibacter sp. HIMB1321
216,ffc4f0b7ba7fdf252e1022dd11490bb0,LT840186,84.665,313,8.83E-80,311,NA,Pseudomonadota,Alphaproteobacteria,Candidatus Pelagibacterales,Candidatus Pelagibacteraceae,Candidatus Pelagibacter,Candidatus Pelagibacter sp. HIMB1321
217,5d0ddfe7326294d3216930f8c47ba351,NC_004118,84.307,274,1.94E-66,267,Viridiplantae,Streptophyta,Coleochaetophyceae,Coleochaetales,Chaetosphaeridiaceae,Chaetosphaeridium,Chaetosphaeridium globosum
218,14c1683e413d40bd4d6a2c32e7fa315d,NC_066487,84.211,266,3.24E-64,259,NA,Haptophyta,NA,Isochrysidales,Isochrysidaceae,Isochrysis,Isochrysis galbana
219,3e1499bbd5d7c38af0bb9ca649273d23,NC_066487,81.47,313,4.19E-63,255,NA,Haptophyta,NA,Isochrysidales,Isochrysidaceae,Isochrysis,Isochrysis galbana
220,421827e18f78f39d847520abf4760b04,NC_066487,84.109,258,1.95E-61,250,NA,Haptophyta,NA,Isochrysidales,Isochrysidaceae,Isochrysis,Isochrysis galbana
221,4ea18d991aa5ee490dcc3bea82bb949f,NC_066487,81.15,313,1.95E-61,250,NA,Haptophyta,NA,Isochrysidales,Isochrysidaceae,Isochrysis,Isochrysis galbana
222,51266dfcd17d064e5fa531a185aeb58e,NC_066487,81.35,311,1.51E-62,254,NA,Haptophyta,NA,Isochrysidales,Isochrysidaceae,Isochrysis,Isochrysis galbana
223,7baf58da1108ba903b1244f26d8208f2,NC_066487,84.109,258,1.95E-61,250,NA,Haptophyta,NA,Isochrysidales,Isochrysidaceae,Isochrysis,Isochrysis galbana
224,7f1b02552468b3fda6c51949b246d26e,NC_066487,84.109,258,1.95E-61,250,NA,Haptophyta,NA,Isochrysidales,Isochrysidaceae,Isochrysis,Isochrysis galbana
225,a1051b6cb20470bf51263f62cbc0b28a,NC_066487,81.35,311,1.51E-62,254,NA,Haptophyta,NA,Isochrysidales,Isochrysidaceae,Isochrysis,Isochrysis galbana
226,c7fef2ace96ff3526e7043da9744c5fb,NC_066487,81.759,307,1.51E-62,254,NA,Haptophyta,NA,Isochrysidales,Isochrysidaceae,Isochrysis,Isochrysis galbana
227,cc210cdfce668779fba231804e4b4877,NC_066487,84.496,258,4.19E-63,255,NA,Haptophyta,NA,Isochrysidales,Isochrysidaceae,Isochrysis,Isochrysis galbana
228,cd5c2c4645f9791750e4b659bf581a57,NC_066487,83.835,266,1.51E-62,254,NA,Haptophyta,NA,Isochrysidales,Isochrysidaceae,Isochrysis,Isochrysis galbana
229,cf23506a83217e66fca00da5455d4404,NC_066487,83.835,266,1.51E-62,254,NA,Haptophyta,NA,Isochrysidales,Isochrysidaceae,Isochrysis,Isochrysis galbana
230,d2e0c3fe1c2d4ce10861c2d367a2c107,NC_066487,84.861,251,1.95E-61,250,NA,Haptophyta,NA,Isochrysidales,Isochrysidaceae,Isochrysis,Isochrysis galbana
231,0a3bb77ba7feb1df724cb07378fdecdc,LK023348,81.847,314,2.51E-65,263,Fungi,Mucoromycota,Mucoromycetes,Mucorales,Lichtheimiaceae,Lichtheimia,Lichtheimia ramosa
232,8fc14b478cfe2043fa3a814632beb683,OQ272453,82.781,302,6.97E-66,265,NA,Arthropoda,Insecta,Diptera,Culicidae,Anopheles,Anopheles rollai complex 5BB
233,3f00c608a173580d6af9ba14c7d69c73,HQ978711,100,313,2.19E-160,579,Metazoa,Arthropoda,Malacostraca,Isopoda,NA,NA,Isopoda sp. BOLD:AAC3755
234,4651532dfcd9ee2af1a50430445fe142,HQ978711,99.679,312,3.65E-158,571,Metazoa,Arthropoda,Malacostraca,Isopoda,NA,NA,Isopoda sp. BOLD:AAC3755
235,99b8c70edb8ee9181d33542b34f75607,HQ978711,100,312,7.85E-160,577,Metazoa,Arthropoda,Malacostraca,Isopoda,NA,NA,Isopoda sp. BOLD:AAC3755
236,debbdbf5e5650dd5e66443ad17966c91,MK189074,83.813,278,9.02E-65,261,NA,NA,NA,NA,NA,Chrysoparadoxa,Chrysoparadoxa australica
237,268e2d40046b7a8075e6dc8f447ec649,KT002787,82.918,281,5.43E-62,252,Metazoa,Arthropoda,Arachnida,Araneae,Linyphiidae,Solenysa,Solenysa reflexilis
238,71b71f441fa3a7212dd9e94703f94b7c,KT002787,82.918,281,5.43E-62,252,Metazoa,Arthropoda,Arachnida,Araneae,Linyphiidae,Solenysa,Solenysa reflexilis
239,92ad36317dd469aa3036d071c17a2c68,CP032228,100,313,2.19E-160,579,NA,Pseudomonadota,Alphaproteobacteria,Sphingomonadales,Erythrobacteraceae,Qipengyuania,Qipengyuania flava
240,ae88063d873723b314f85073b16822e2,CP032228,99.681,313,1.02E-158,573,NA,Pseudomonadota,Alphaproteobacteria,Sphingomonadales,Erythrobacteraceae,Qipengyuania,Qipengyuania flava
241,1d05f84d4cc7d5dbc1a8d95b1e897ece,HM045291,89.902,307,8.49E-105,394,Metazoa,Arthropoda,Hexanauplia,Calanoida,Acartiidae,Acartia,Acartia negligens
242,265871e86d9cd6954e7f523cea36ed8e,HM045291,99.681,313,1.02E-158,573,Metazoa,Arthropoda,Hexanauplia,Calanoida,Acartiidae,Acartia,Acartia negligens
243,3308122180e5d4153f5f7368d262f26b,HM045291,96.644,298,2.27E-135,496,Metazoa,Arthropoda,Hexanauplia,Calanoida,Acartiidae,Acartia,Acartia negligens
244,6285c49a90bd1b87bbb1add82a73638f,HM045291,99.351,154,8.95E-70,278,Metazoa,Arthropoda,Hexanauplia,Calanoida,Acartiidae,Acartia,Acartia negligens
245,64e77100d1b4cbab4c195676607947b3,HM045291,99.679,312,3.65E-158,571,Metazoa,Arthropoda,Hexanauplia,Calanoida,Acartiidae,Acartia,Acartia negligens
246,74bb467ffc08b011734efff3226b1aa3,HM045291,99.679,312,3.65E-158,571,Metazoa,Arthropoda,Hexanauplia,Calanoida,Acartiidae,Acartia,Acartia negligens
247,7b63e9b2f723a7090a85831802428749,HM045291,99.681,313,1.02E-158,573,Metazoa,Arthropoda,Hexanauplia,Calanoida,Acartiidae,Acartia,Acartia negligens
248,7c13b27cf7891fc536f901a73a4ca11e,HM045291,99.679,312,3.65E-158,571,Metazoa,Arthropoda,Hexanauplia,Calanoida,Acartiidae,Acartia,Acartia negligens
249,865c33afa8432cced3d25303ac377389,HM045291,99.359,312,1.70E-156,566,Metazoa,Arthropoda,Hexanauplia,Calanoida,Acartiidae,Acartia,Acartia negligens
250,b9a86949dd816a02e9e494b141e1cf1f,HM045291,99.679,312,3.65E-158,571,Metazoa,Arthropoda,Hexanauplia,Calanoida,Acartiidae,Acartia,Acartia negligens
251,bde31d5d8e5b84de694795451c05ec7b,HM045291,100,312,7.85E-160,577,Metazoa,Arthropoda,Hexanauplia,Calanoida,Acartiidae,Acartia,Acartia negligens
252,cdbe394768309d5dd990ce21079a869e,HM045291,99.679,312,3.65E-158,571,Metazoa,Arthropoda,Hexanauplia,Calanoida,Acartiidae,Acartia,Acartia negligens
253,cdd28acdf0368f90c0d44e2e919626aa,HM045291,99.679,312,3.65E-158,571,Metazoa,Arthropoda,Hexanauplia,Calanoida,Acartiidae,Acartia,Acartia negligens
254,f0f0312c157a0fbd52ee982cb4526b25,HM045291,99.681,313,1.02E-158,573,Metazoa,Arthropoda,Hexanauplia,Calanoida,Acartiidae,Acartia,Acartia negligens
255,f271960d3c994958d4e5f9ceeef3b0ac,HM045291,100,312,7.85E-160,577,Metazoa,Arthropoda,Hexanauplia,Calanoida,Acartiidae,Acartia,Acartia negligens
256,f3ab06a381cd417192b8cbf3197d8646,HM045291,99.359,312,1.70E-156,566,Metazoa,Arthropoda,Hexanauplia,Calanoida,Acartiidae,Acartia,Acartia negligens
257,1f76b559f2cde8b76ba75c6a8dff3479,MT250559,84.806,283,5.35E-72,285,NA,NA,Phaeophyceae,Laminariales,Laminariaceae,Macrocystis,Macrocystis pyrifera
258,c69a86ad0a938722daf928a36a3f409e,MT250559,84.452,283,2.49E-70,279,NA,NA,Phaeophyceae,Laminariales,Laminariaceae,Macrocystis,Macrocystis pyrifera
259,d2b9b817988a320a3eb0db50f6ba1913,MT250559,84.194,310,1.91E-76,300,NA,NA,Phaeophyceae,Laminariales,Laminariaceae,Macrocystis,Macrocystis pyrifera
260,18978e37a3604cd68d5ec92bb65c1b4a,MT366950,89.137,313,1.10E-103,390,Fungi,Basidiomycota,Cystobasidiomycetes,Cystobasidiales,Cystobasidiaceae,Cystobasidium,Cystobasidium sp.
261,1bfce23ea91335a509dccfd18e6c586f,MT366950,89.103,312,3.96E-103,388,Fungi,Basidiomycota,Cystobasidiomycetes,Cystobasidiales,Cystobasidiaceae,Cystobasidium,Cystobasidium sp.
262,1e07c08f1ffe6f81cc909bfd2ee3fc17,MT366950,89.744,312,1.83E-106,399,Fungi,Basidiomycota,Cystobasidiomycetes,Cystobasidiales,Cystobasidiaceae,Cystobasidium,Cystobasidium sp.
263,31924c8f62623944b286d418099ce179,MT366950,89.744,312,1.83E-106,399,Fungi,Basidiomycota,Cystobasidiomycetes,Cystobasidiales,Cystobasidiaceae,Cystobasidium,Cystobasidium sp.
264,37de3390bc3d71caa6cec780d65797a7,MT366950,88.141,312,3.99E-98,372,Fungi,Basidiomycota,Cystobasidiomycetes,Cystobasidiales,Cystobasidiaceae,Cystobasidium,Cystobasidium sp.
265,54a314a603ddcb6132ba22efee5131ca,MT366950,89.423,312,8.52E-105,394,Fungi,Basidiomycota,Cystobasidiomycetes,Cystobasidiales,Cystobasidiaceae,Cystobasidium,Cystobasidium sp.
266,60fc88fdf23961fd4410e98bc17a9ce1,MT366950,89.423,312,8.52E-105,394,Fungi,Basidiomycota,Cystobasidiomycetes,Cystobasidiales,Cystobasidiaceae,Cystobasidium,Cystobasidium sp.
267,7f5071c03b68372d30020c14356617c4,MT366950,89.423,312,8.52E-105,394,Fungi,Basidiomycota,Cystobasidiomycetes,Cystobasidiales,Cystobasidiaceae,Cystobasidium,Cystobasidium sp.
268,8f17d58e9e8f0ae31ec6086c0f913f28,MT366950,89.103,312,3.96E-103,388,Fungi,Basidiomycota,Cystobasidiomycetes,Cystobasidiales,Cystobasidiaceae,Cystobasidium,Cystobasidium sp.
269,97e794b37e5fcbba84ede9d81205e836,MT366950,89.423,312,8.52E-105,394,Fungi,Basidiomycota,Cystobasidiomycetes,Cystobasidiales,Cystobasidiaceae,Cystobasidium,Cystobasidium sp.
270,d4f58fb4b87439d8bd5567ba8be8cfb8,MT366950,87.5,312,8.64E-95,361,Fungi,Basidiomycota,Cystobasidiomycetes,Cystobasidiales,Cystobasidiaceae,Cystobasidium,Cystobasidium sp.
271,d64db85b08968a38a4a535ed9628e8f4,MT366950,89.423,312,8.52E-105,394,Fungi,Basidiomycota,Cystobasidiomycetes,Cystobasidiales,Cystobasidiaceae,Cystobasidium,Cystobasidium sp.
272,f174be311c447efb95ed1f703a736fc9,MT366950,89.423,312,8.52E-105,394,Fungi,Basidiomycota,Cystobasidiomycetes,Cystobasidiales,Cystobasidiaceae,Cystobasidium,Cystobasidium sp.
273,5404f2f486aab382ca69417af64deb74,KJ654110,82.166,314,2.51E-65,263,NA,Oomycota,NA,Peronosporales,Peronosporaceae,Peronospora,Peronospora trifoliorum
274,dba9023d5541b8c1cb7bb13f59970df2,MN317567,85.256,312,4.08E-83,322,NA,Discosea,Flabellinia,Dactylopodida,Paramoebidae,Cunea,Cunea russae
275,07a0157a045250bbf0307d6d8e21f393,EU123948,96.486,313,4.85E-142,518,Viridiplantae,Chlorophyta,Trebouxiophyceae,Trebouxiales,Trebouxiaceae,Trebouxia,Trebouxia aggregata
276,0acd73ff371409fbeea052f2c96b5668,EU123948,96.805,313,1.04E-143,523,Viridiplantae,Chlorophyta,Trebouxiophyceae,Trebouxiales,Trebouxiaceae,Trebouxia,Trebouxia aggregata
277,3f9cc2e393781e3986892a32adba643c,EU123948,96.805,313,1.04E-143,523,Viridiplantae,Chlorophyta,Trebouxiophyceae,Trebouxiales,Trebouxiaceae,Trebouxia,Trebouxia aggregata
278,86e1d35fcc6789e90853eeafd45b9c86,EU123948,96.805,313,1.04E-143,523,Viridiplantae,Chlorophyta,Trebouxiophyceae,Trebouxiales,Trebouxiaceae,Trebouxia,Trebouxia aggregata
279,c0fbdc7b1bdde50ee4a653e8b2552891,EU123948,97.125,313,2.24E-145,529,Viridiplantae,Chlorophyta,Trebouxiophyceae,Trebouxiales,Trebouxiaceae,Trebouxia,Trebouxia aggregata
280,661f0563d08729f6b19c55fba1901634,MH760235,83.013,312,6.92E-71,281,NA,Oomycota,NA,Peronosporales,Peronosporaceae,Phytophthora,Phytophthora colocasiae
281,7da60e8fd6cad46dd8365322ce8720aa,MH760235,83.333,312,1.49E-72,287,NA,Oomycota,NA,Peronosporales,Peronosporaceae,Phytophthora,Phytophthora colocasiae
282,acf1640883483c7fe4e0c4c38a3defa0,MH760235,83.654,312,3.20E-74,292,NA,Oomycota,NA,Peronosporales,Peronosporaceae,Phytophthora,Phytophthora colocasiae
283,df1cf8754c38002e029f6c6eba2a0365,MH760235,83.013,312,6.92E-71,281,NA,Oomycota,NA,Peronosporales,Peronosporaceae,Phytophthora,Phytophthora colocasiae
284,efc4b9ee8b6c3ff962a9a87174c2f8db,HE797902,82.41,307,1.94E-66,267,NA,Oomycota,NA,Pythiales,Pythiaceae,Pythium,Pythium oopapillum
285,9ed15b273ee5ba6a32079bcafc3d795a,MH114407,82.867,286,4.19E-63,255,NA,Arthropoda,Insecta,Diptera,Mycetophilidae,Austrosynapha,Austrosynapha sp. JSGS1
286,a992b729d668e1681e769abb3d4da73e,MH114407,82.517,286,1.95E-61,250,NA,Arthropoda,Insecta,Diptera,Mycetophilidae,Austrosynapha,Austrosynapha sp. JSGS1
287,577dec47cac45dd3212242ba4ae9748a,MG968190,82.292,288,1.95E-61,250,NA,Arthropoda,Insecta,Diptera,Asilidae,Emphysomera,Emphysomera nigra
288,df2ff6838e943b15e3c52bdbb6ac3078,MG968190,82.292,288,1.95E-61,250,NA,Arthropoda,Insecta,Diptera,Asilidae,Emphysomera,Emphysomera nigra
289,082db37dd3862e581e4582a37ea898e5,KT257394,83.793,290,4.16E-68,272,NA,Oomycota,NA,NA,NA,Haptoglossa,Haptoglossa sp. DM2 4/12
290,21ec88de5bb93a11c816116526b92757,KT257394,84.483,290,1.92E-71,283,NA,Oomycota,NA,NA,NA,Haptoglossa,Haptoglossa sp. DM2 4/12
291,3271703451684bff14e7773d7c465ecf,KT257394,83.505,291,4.16E-68,272,NA,Oomycota,NA,NA,NA,Haptoglossa,Haptoglossa sp. DM2 4/12
292,54618d96f991e41ae90e57f5dc6bb6a8,KT257394,83.505,291,4.16E-68,272,NA,Oomycota,NA,NA,NA,Haptoglossa,Haptoglossa sp. DM2 4/12
293,5faab8ba2a3a83be16f63353a8b154f1,KT257394,83.849,291,8.95E-70,278,NA,Oomycota,NA,NA,NA,Haptoglossa,Haptoglossa sp. DM2 4/12
294,6ec381d6cb8bc80e79731b99ed604e01,KT257394,82.818,291,9.02E-65,261,NA,Oomycota,NA,NA,NA,Haptoglossa,Haptoglossa sp. DM2 4/12
295,716c8a31044df0e7e419b0e96a0b19f4,KT257394,85.149,303,4.11E-78,305,NA,Oomycota,NA,NA,NA,Haptoglossa,Haptoglossa sp. DM2 4/12
296,8bb5609fd38cc0a5a65442ae4ca94432,KT257394,83.793,290,4.16E-68,272,NA,Oomycota,NA,NA,NA,Haptoglossa,Haptoglossa sp. DM2 4/12
297,d243fb773d6c5e400504b20ebb81f81e,KT257394,83.562,292,1.16E-68,274,NA,Oomycota,NA,NA,NA,Haptoglossa,Haptoglossa sp. DM2 4/12
298,d28c0b704e4ab871d8083844ac9a58d9,KT257394,83.505,291,4.16E-68,272,NA,Oomycota,NA,NA,NA,Haptoglossa,Haptoglossa sp. DM2 4/12
299,ec14772e24d60d460b92de6ee745556e,KT257394,84.959,246,1.94E-61,250,NA,Oomycota,NA,NA,NA,Haptoglossa,Haptoglossa sp. DM2 4/12
300,2c24119cf0e260d88adcfe733f930d64,JF907042,84.936,312,1.90E-81,316,NA,NA,Raphidophyceae,Chattonellales,Chattonellaceae,Chattonella,Chattonella subsalsa
301,30c5faf0febcb03a40c2dd1635270ee2,JF907042,85.256,312,4.08E-83,322,NA,NA,Raphidophyceae,Chattonellales,Chattonellaceae,Chattonella,Chattonella subsalsa
302,343f058fb4cf29481c635a07c852310e,JF907042,82.54,315,4.16E-68,272,NA,NA,Raphidophyceae,Chattonellales,Chattonellaceae,Chattonella,Chattonella subsalsa
303,6156a1297469c3584a19f54c29c9e81c,JF907042,82.201,309,9.02E-65,261,NA,NA,Raphidophyceae,Chattonellales,Chattonellaceae,Chattonella,Chattonella subsalsa
304,64c87e2e7e09a21e8aa294805c775a6f,JF907042,82.857,315,8.95E-70,278,NA,NA,Raphidophyceae,Chattonellales,Chattonellaceae,Chattonella,Chattonella subsalsa
305,6c1a44f8b4542265b02619bd563afa38,JF907042,83.175,315,1.92E-71,283,NA,NA,Raphidophyceae,Chattonellales,Chattonellaceae,Chattonella,Chattonella subsalsa
306,85bb692e86c3503f7c390bc1c0ff8793,JF907042,82.857,315,8.95E-70,278,NA,NA,Raphidophyceae,Chattonellales,Chattonellaceae,Chattonella,Chattonella subsalsa
307,8c30aa2c55b72f4b07de0db97473725c,JF907042,81.905,315,9.02E-65,261,NA,NA,Raphidophyceae,Chattonellales,Chattonellaceae,Chattonella,Chattonella subsalsa
308,9994a63cdd701f18b244ff3a9d1b169e,JF907042,83.175,315,1.92E-71,283,NA,NA,Raphidophyceae,Chattonellales,Chattonellaceae,Chattonella,Chattonella subsalsa
309,bddafe73d17130c9f67340dc59e1f53c,JF907042,82.54,315,4.16E-68,272,NA,NA,Raphidophyceae,Chattonellales,Chattonellaceae,Chattonella,Chattonella subsalsa
310,c0c7226f0f5e27b990789204f0fee15d,JF907042,82.857,315,8.95E-70,278,NA,NA,Raphidophyceae,Chattonellales,Chattonellaceae,Chattonella,Chattonella subsalsa
311,c4147afcdb16f999385cf8ca00fc92ac,JF907042,83.175,315,1.92E-71,283,NA,NA,Raphidophyceae,Chattonellales,Chattonellaceae,Chattonella,Chattonella subsalsa
312,071bd09306c501b8a80b8d9e8bd2ab3c,OM460701,83.673,294,1.16E-68,274,NA,NA,Phaeophyceae,Fucales,Sargassaceae,Sargassum,Sargassum sp.
313,16f47b854dfd0e3cf3ce7441171363b2,OM460701,83.673,294,1.23E-68,274,NA,NA,Phaeophyceae,Fucales,Sargassaceae,Sargassum,Sargassum sp.
314,187fef3a63379db638aff28da5b04687,OM460701,83.333,294,5.39E-67,268,NA,NA,Phaeophyceae,Fucales,Sargassaceae,Sargassum,Sargassum sp.
315,2f032e5a5de2232efedd83373fd70df1,OM460701,82.295,305,6.97E-66,265,NA,NA,Phaeophyceae,Fucales,Sargassaceae,Sargassum,Sargassum sp.
316,3aef6913a9406932b6caf43218b9016b,OM460701,83.333,294,5.39E-67,268,NA,NA,Phaeophyceae,Fucales,Sargassaceae,Sargassum,Sargassum sp.
317,4094038ceac51e2ae78695758d653c06,OM460701,83.333,294,5.39E-67,268,NA,NA,Phaeophyceae,Fucales,Sargassaceae,Sargassum,Sargassum sp.
318,4ea2a7bfde7ab857b27a7c54e8f8ee87,OM460701,83.673,294,1.16E-68,274,NA,NA,Phaeophyceae,Fucales,Sargassaceae,Sargassum,Sargassum sp.
319,5bd0745bbe9256ecd11253fc292f6638,OM460701,83.117,308,8.95E-70,278,NA,NA,Phaeophyceae,Fucales,Sargassaceae,Sargassum,Sargassum sp.
320,707b67149c77c2fc001b33f482e68374,OM460701,83.333,294,5.39E-67,268,NA,NA,Phaeophyceae,Fucales,Sargassaceae,Sargassum,Sargassum sp.
321,7efa8d56400c1ac6bdde8380919e2581,OM460701,83.333,294,5.39E-67,268,NA,NA,Phaeophyceae,Fucales,Sargassaceae,Sargassum,Sargassum sp.
322,82f74a77cb42e3566ba2f9b9642c264f,OM460701,83.673,294,1.16E-68,274,NA,NA,Phaeophyceae,Fucales,Sargassaceae,Sargassum,Sargassum sp.
323,86586bbbb2dbedc29397da2ec7feb896,OM460701,82.993,294,2.51E-65,263,NA,NA,Phaeophyceae,Fucales,Sargassaceae,Sargassum,Sargassum sp.
324,9490b459b87b4d2e41aa5010fee08542,OM460701,83.673,294,1.16E-68,274,NA,NA,Phaeophyceae,Fucales,Sargassaceae,Sargassum,Sargassum sp.
325,98f27f64e8f42cc193dc225dce04d64e,OM460701,84.014,294,2.49E-70,279,NA,NA,Phaeophyceae,Fucales,Sargassaceae,Sargassum,Sargassum sp.
326,9c25dce3201b2883d1b8bd157a2948a1,OM460701,83.333,294,5.39E-67,268,NA,NA,Phaeophyceae,Fucales,Sargassaceae,Sargassum,Sargassum sp.
327,9f3ccd53b13c8fcc6aaf8d2bd925abc0,OM460701,83.333,294,5.39E-67,268,NA,NA,Phaeophyceae,Fucales,Sargassaceae,Sargassum,Sargassum sp.
328,a9f6b6ca1cb45607a6bfdb87bf673950,OM460701,83.673,294,1.16E-68,274,NA,NA,Phaeophyceae,Fucales,Sargassaceae,Sargassum,Sargassum sp.
329,b53311f2179e218c9fc066c1150e0f21,OM460701,83.673,294,1.16E-68,274,NA,NA,Phaeophyceae,Fucales,Sargassaceae,Sargassum,Sargassum sp.
330,b8e9f9959fdc1bcb96469c5c37b94407,OM460701,83.333,294,5.39E-67,268,NA,NA,Phaeophyceae,Fucales,Sargassaceae,Sargassum,Sargassum sp.
331,bd1752daaed94661fd9ae70de3930024,OM460701,83.333,294,5.39E-67,268,NA,NA,Phaeophyceae,Fucales,Sargassaceae,Sargassum,Sargassum sp.
332,be6c2ade3c06d31095c9a7a1e047b202,OM460701,83.333,294,5.39E-67,268,NA,NA,Phaeophyceae,Fucales,Sargassaceae,Sargassum,Sargassum sp.
333,d1f686153173025562ced01d0fa96ac6,OM460701,82.623,305,1.50E-67,270,NA,NA,Phaeophyceae,Fucales,Sargassaceae,Sargassum,Sargassum sp.
334,d7c7ddb106dad7908ad70703fa6e4983,OM460701,83.333,294,5.39E-67,268,NA,NA,Phaeophyceae,Fucales,Sargassaceae,Sargassum,Sargassum sp.
335,d990348c750c790a600ac25e26a706e3,OM460701,83.333,294,5.39E-67,268,NA,NA,Phaeophyceae,Fucales,Sargassaceae,Sargassum,Sargassum sp.
336,e2eac16fd6743836a52fcbb92a4f3900,OM460701,83.333,294,5.39E-67,268,NA,NA,Phaeophyceae,Fucales,Sargassaceae,Sargassum,Sargassum sp.
337,e643b88d31d1114b69f439d991900bc6,OM460701,84.014,294,2.49E-70,279,NA,NA,Phaeophyceae,Fucales,Sargassaceae,Sargassum,Sargassum sp.
338,e90bcc8264a3f878ce3910723e2a41e0,OM460701,83.333,294,5.39E-67,268,NA,NA,Phaeophyceae,Fucales,Sargassaceae,Sargassum,Sargassum sp.
339,f0624c9e1a324cef9fcf1f6562c681b1,OM460701,83.333,294,5.39E-67,268,NA,NA,Phaeophyceae,Fucales,Sargassaceae,Sargassum,Sargassum sp.
340,f21f030dff18cbeab24cc6b336124b17,OM460701,83.333,294,5.39E-67,268,NA,NA,Phaeophyceae,Fucales,Sargassaceae,Sargassum,Sargassum sp.
341,02ceda66c9aadfade182ddb2b1fa8859,HM067012,99.367,316,1.03E-158,573,NA,NA,Dinophyceae,Gymnodiniales,Kareniaceae,Takayama,Takayama acrotrocha
342,10da24153e8592a70320d267febc95fb,HM067012,99.051,316,4.79E-157,568,NA,NA,Dinophyceae,Gymnodiniales,Kareniaceae,Takayama,Takayama acrotrocha
343,49d7092986822aba03946d023a39a4d1,HM067012,99.684,316,2.22E-160,579,NA,NA,Dinophyceae,Gymnodiniales,Kareniaceae,Takayama,Takayama acrotrocha
344,573cc2d53f8f427a29e4c59b272f95f5,HM067012,99.367,316,1.03E-158,573,NA,NA,Dinophyceae,Gymnodiniales,Kareniaceae,Takayama,Takayama acrotrocha
345,7527cef31ca13e58a50ea7be7501fc4d,HM067012,99.051,316,4.79E-157,568,NA,NA,Dinophyceae,Gymnodiniales,Kareniaceae,Takayama,Takayama acrotrocha
346,9d6041c9fce50134cfda76efd3e60ca7,HM067012,99.051,316,4.79E-157,568,NA,NA,Dinophyceae,Gymnodiniales,Kareniaceae,Takayama,Takayama acrotrocha
347,b6aa25cdef4ba12274a1ba9d04334189,HM067012,99.367,316,1.03E-158,573,NA,NA,Dinophyceae,Gymnodiniales,Kareniaceae,Takayama,Takayama acrotrocha
348,eea647cf08dd8dfcf85d2397d822f5a3,HM067012,99.367,316,1.03E-158,573,NA,NA,Dinophyceae,Gymnodiniales,Kareniaceae,Takayama,Takayama acrotrocha
349,3e2764547b4f1839043cd52455cfb852,MG421931,84.127,315,5.31E-77,302,Metazoa,Cnidaria,Hydrozoa,NA,NA,NA,Hydrozoa sp. BCnid2010-008
350,55784d9fddcefc63e991ae1ca65cae9e,OR926977,83.045,289,9.02E-65,261,NA,Arthropoda,Insecta,Diptera,Phoridae,Megaselia,Megaselia bifurcata
351,18e05647e5dec9bf4b1568701b662c0e,MW735768,98.418,316,1.04E-153,556,Metazoa,Ctenophora,Tentaculata,Lobata,Eurhamphaeidae,Eurhamphaea,Eurhamphaea vexilligera
352,1ed86b319b378a413255a0c647546fa6,KP136553,91.475,305,1.41E-112,420,Metazoa,Arthropoda,NA,NA,NA,NA,Crustacea environmental sample
353,2c0054be6f570494c0b9cf843d09f127,NC_085329,82.253,293,1.95E-61,250,NA,NA,Phaeophyceae,Dictyotales,Dictyotaceae,Dictyotopsis,Dictyotopsis propagulifera
354,885f28cf0e1032bcf03b93b20da42893,NC_085329,86.254,291,6.82E-81,315,NA,NA,Phaeophyceae,Dictyotales,Dictyotaceae,Dictyotopsis,Dictyotopsis propagulifera
355,8f87f0ef266568e8b42b2ef58d65e4c4,NC_085329,82.594,293,4.19E-63,255,NA,NA,Phaeophyceae,Dictyotales,Dictyotaceae,Dictyotopsis,Dictyotopsis propagulifera
356,9e605fb4c03faaf3db82ed6ca5cebdfe,NC_085329,82.935,293,9.02E-65,261,NA,NA,Phaeophyceae,Dictyotales,Dictyotaceae,Dictyotopsis,Dictyotopsis propagulifera
357,b541792199fe14c64855c8f0370cb731,NC_085329,82.253,293,1.95E-61,250,NA,NA,Phaeophyceae,Dictyotales,Dictyotaceae,Dictyotopsis,Dictyotopsis propagulifera
358,d3055de9896c65140b10d860a1cdf722,NC_085329,82.792,308,4.16E-68,272,NA,NA,Phaeophyceae,Dictyotales,Dictyotaceae,Dictyotopsis,Dictyotopsis propagulifera
359,2ba8835be3952a2f5c15271abbe391f8,HQ708384,81.789,313,9.02E-65,261,NA,Oomycota,NA,Peronosporales,Peronosporaceae,Phytophthora,Phytophthora quercina
360,89a953ec0f53138564a54e8b085d2b8e,KX665245,98.714,311,1.33E-152,553,Metazoa,Cnidaria,Hydrozoa,Leptothecata,Clytiidae,Clytia,Clytia sp. 1 AFC-2016
361,d16b6e852626c5beddfd8231e0dc1e09,HQ548255,81.818,297,1.95E-61,250,NA,NA,Insecta,Diptera,Tachinidae,Ceromya,Ceromya sp. Janzen34
362,7fc9c772981876f24df70188b7c1ecc9,CP099434,86.084,309,1.88E-86,333,Fungi,Ascomycota,Dothideomycetes,Mycosphaerellales,Mycosphaerellaceae,Septoria,Septoria linicola
363,877349a06e345f2192b38e327ae8828c,MF867799,82.903,310,6.92E-71,281,NA,Arthropoda,Insecta,Diptera,Mycetophilidae,Boletina,Boletina sp. BIOUG21644-F08
364,5a6a986047f66eeda7dbd0f8c06ad06d,LC716768,87.859,313,5.16E-97,368,Fungi,Ascomycota,Sordariomycetes,Hypocreales,Ophiocordycipitaceae,Purpureocillium,Purpureocillium lilacinum
365,2a7d8572a79eda14e51923a02cb83e8f,KU197692,82.748,313,8.95E-70,278,Metazoa,Nemertea,Palaeonemertea,Archinemertea,Cephalotrichidae,Cephalothrix,Cephalothrix sp. 1 TCH-2015
366,c7c25b5db04f3f1e7437d4862c397ef8,KU197692,82.428,313,4.16E-68,272,Metazoa,Nemertea,Palaeonemertea,Archinemertea,Cephalotrichidae,Cephalothrix,Cephalothrix sp. 1 TCH-2015
367,95cd7fea0b586abd78545e87556751b9,KY818387,83.045,289,2.51E-65,263,Metazoa,Mollusca,Gastropoda,Stylommatophora,Hygromiidae,Ganula,Ganula sp. 2 MTN-2017
368,2ad24d66ca5ee02dc75d50f7718621eb,NC_022168,100,313,2.19E-160,579,Fungi,Ascomycota,Pichiomycetes,Serinales,Debaryomycetaceae,Spathaspora,[Candida] sake
369,5be8a511f2778acddd768777820d6aa5,KC440070,83.63,281,6.97E-66,265,Metazoa,Cnidaria,Hydrozoa,Leptothecata,Campanulariidae,Eucheilota,Eucheilota maculata
370,ddf0afbe1b939d7f44d5edc6ed898d91,KC440070,83.986,281,1.50E-67,270,Metazoa,Cnidaria,Hydrozoa,Leptothecata,Campanulariidae,Eucheilota,Eucheilota maculata
371,06751983e3fb16bc3ca470ca5b58523e,LC797028,99.042,313,2.21E-155,562,Fungi,Ascomycota,Eurotiomycetes,Eurotiales,Aspergillaceae,Aspergillus,Aspergillus magnivesiculatus
372,72f0d57de571096551ea389303bdd4a5,LC797028,99.042,313,2.21E-155,562,Fungi,Ascomycota,Eurotiomycetes,Eurotiales,Aspergillaceae,Aspergillus,Aspergillus magnivesiculatus
373,77dca8cd4945cfc71aa963efabaac41d,LC797028,98.722,313,1.03E-153,556,Fungi,Ascomycota,Eurotiomycetes,Eurotiales,Aspergillaceae,Aspergillus,Aspergillus magnivesiculatus
374,fcbb3df4a036728e300e21743ff750a3,LC797028,94.888,313,1.06E-133,490,Fungi,Ascomycota,Eurotiomycetes,Eurotiales,Aspergillaceae,Aspergillus,Aspergillus magnivesiculatus
375,00f0194536f236dd28e76e97b9ddb3c5,KF697349,82.581,310,5.39E-67,268,NA,NA,Chrysophyceae,Chromulinales,Chromulinaceae,Pedospumella,Pedospumella sinomuralis
376,07399ded2b4143b33ae35a0c2e010905,KF697349,88.889,306,8.58E-100,377,NA,NA,Chrysophyceae,Chromulinales,Chromulinaceae,Pedospumella,Pedospumella sinomuralis
377,1e2a7b8f764cc2643ecec13d57de1f2d,KF697349,88.562,306,3.99E-98,372,NA,NA,Chrysophyceae,Chromulinales,Chromulinaceae,Pedospumella,Pedospumella sinomuralis
378,2797048642817cb899985ea061378250,KF697349,89.216,306,1.84E-101,383,NA,NA,Chrysophyceae,Chromulinales,Chromulinaceae,Pedospumella,Pedospumella sinomuralis
379,3314091977aca05fd3203f92e4412951,KF697349,82.903,310,1.16E-68,274,NA,NA,Chrysophyceae,Chromulinales,Chromulinaceae,Pedospumella,Pedospumella sinomuralis
380,335ec7caf774f3f5a5a2e9d779a25ea4,KF697349,90.879,307,2.35E-110,412,NA,NA,Chrysophyceae,Chromulinales,Chromulinaceae,Pedospumella,Pedospumella sinomuralis
381,33eea9e74b28b1a64d0fdef1ce3b25c5,KF697349,82.903,310,1.16E-68,274,NA,NA,Chrysophyceae,Chromulinales,Chromulinaceae,Pedospumella,Pedospumella sinomuralis
382,39982b8346197b758938e36b70bcba38,KF697349,83.036,336,2.10E-76,300,NA,NA,Chrysophyceae,Chromulinales,Chromulinaceae,Pedospumella,Pedospumella sinomuralis
383,4b8100ec5ff168a1318720d37a56d7d5,KF697349,82.581,310,5.39E-67,268,NA,NA,Chrysophyceae,Chromulinales,Chromulinaceae,Pedospumella,Pedospumella sinomuralis
384,65013eae1d87a0ea68a7c9bb3ea4c588,KF697349,84.488,303,1.91E-76,300,NA,NA,Chrysophyceae,Chromulinales,Chromulinaceae,Pedospumella,Pedospumella sinomuralis
385,7c6bb15dffcefeb48eadf8b0a48c757f,KF697349,82.581,310,5.39E-67,268,NA,NA,Chrysophyceae,Chromulinales,Chromulinaceae,Pedospumella,Pedospumella sinomuralis
386,8da9af0aebad8774b47ebc4bdd03e883,KF697349,91.205,307,5.06E-112,418,NA,NA,Chrysophyceae,Chromulinales,Chromulinaceae,Pedospumella,Pedospumella sinomuralis
387,959788cc1dc38858b1cd21e442be1a60,KF697349,84.818,303,4.11E-78,305,NA,NA,Chrysophyceae,Chromulinales,Chromulinaceae,Pedospumella,Pedospumella sinomuralis
388,99708c48109d576dc2ee5e100b49b903,KF697349,86.557,305,1.46E-87,337,NA,NA,Chrysophyceae,Chromulinales,Chromulinaceae,Pedospumella,Pedospumella sinomuralis
389,9fc5a57ad93590713004b20abc964b3f,KF697349,88.889,306,8.58E-100,377,NA,NA,Chrysophyceae,Chromulinales,Chromulinaceae,Pedospumella,Pedospumella sinomuralis
390,a5994c5b1df016dd16417c688566a6ec,KF697349,85.668,307,1.13E-83,324,NA,NA,Chrysophyceae,Chromulinales,Chromulinaceae,Pedospumella,Pedospumella sinomuralis
391,ad3d8267be42e48f2389cde5b6e01191,KF697349,82.581,310,5.39E-67,268,NA,NA,Chrysophyceae,Chromulinales,Chromulinaceae,Pedospumella,Pedospumella sinomuralis
392,cd36a5cec710525a2633dd43f7c62ec5,KF697349,85.149,303,8.83E-80,311,NA,NA,Chrysophyceae,Chromulinales,Chromulinaceae,Pedospumella,Pedospumella sinomuralis
393,d9d849246225bf92f1d9cce08433c149,KF697349,85.016,307,2.45E-80,313,NA,NA,Chrysophyceae,Chromulinales,Chromulinaceae,Pedospumella,Pedospumella sinomuralis
394,dce64a6cab32b25b3d2c75d8a03d7e39,KF697349,82.258,310,2.51E-65,263,NA,NA,Chrysophyceae,Chromulinales,Chromulinaceae,Pedospumella,Pedospumella sinomuralis
395,e99e3364ea447e72246fb7727f8807a4,KF697349,88.889,306,8.58E-100,377,NA,NA,Chrysophyceae,Chromulinales,Chromulinaceae,Pedospumella,Pedospumella sinomuralis
396,f130d3c6caab2d6744ee8ad56850299e,KF697349,90.879,307,2.35E-110,412,NA,NA,Chrysophyceae,Chromulinales,Chromulinaceae,Pedospumella,Pedospumella sinomuralis
397,fea2f86408474eea942f23740e083dcb,KF697349,84.818,303,4.11E-78,305,NA,NA,Chrysophyceae,Chromulinales,Chromulinaceae,Pedospumella,Pedospumella sinomuralis
398,fee3e6bb5ff40fce12f34f625b573da1,KF697349,88.889,306,8.58E-100,377,NA,NA,Chrysophyceae,Chromulinales,Chromulinaceae,Pedospumella,Pedospumella sinomuralis
399,054a47936550cf871b8c771b4728b467,LC595934,82.428,313,4.16E-68,272,NA,Oomycota,NA,Peronosporales,Peronosporaceae,Phytophthora,Phytophthora pistaciae
400,9c036861debcacde85d281a8c574d5b8,LC595934,82.109,313,1.94E-66,267,NA,Oomycota,NA,Peronosporales,Peronosporaceae,Phytophthora,Phytophthora pistaciae
401,9f7d120b347c237ad3e229cceacbd611,LC595934,82.109,313,1.94E-66,267,NA,Oomycota,NA,Peronosporales,Peronosporaceae,Phytophthora,Phytophthora pistaciae
402,581358f08ebe429ae7d97a188290e786,MG968198,83.103,290,3.21E-64,259,NA,Arthropoda,Insecta,Diptera,Tachinidae,Erynniopsis,Erynniopsis antennata
403,5c97a737ff494c8afedb13a17d9448ad,MG109150,82.639,288,4.19E-63,255,NA,Arthropoda,Insecta,Diptera,Mycetophilidae,Mycetophila,Mycetophila sp. BIOUG22064-D04
404,9cfb9a714040cb684ac983e87a9295a6,EF377325,84.091,308,6.95E-76,298,NA,NA,Dinophyceae,Prorocentrales,Prorocentraceae,Prorocentrum,Prorocentrum lima
405,03aa07557ed6a42b61122e54894b8b51,FJ939572,100,316,4.76E-162,584,NA,NA,Dinophyceae,Prorocentrales,Prorocentraceae,Prorocentrum,Prorocentrum minimum
406,539f1d1afcf33dde2324d77e5ba62232,FJ939572,99.367,316,1.03E-158,573,NA,NA,Dinophyceae,Prorocentrales,Prorocentraceae,Prorocentrum,Prorocentrum minimum
407,625300d309b785527b3a43f4b505c198,FJ939572,99.684,316,2.22E-160,579,NA,NA,Dinophyceae,Prorocentrales,Prorocentraceae,Prorocentrum,Prorocentrum minimum
408,e0bb550c819fde3b2118a1fca99e6d58,FJ939572,99.684,316,2.22E-160,579,NA,NA,Dinophyceae,Prorocentrales,Prorocentraceae,Prorocentrum,Prorocentrum minimum
409,0e617e3114bc3af48829cade986e8389,MH535935,83.051,295,1.94E-66,267,NA,NA,NA,NA,NA,NA,Amoebozoa sp.
410,5c8122bf361b2deb6046c16f03c348da,MH535935,86.957,299,1.46E-87,337,NA,NA,NA,NA,NA,NA,Amoebozoa sp.
411,6a0859d649837a667eecc81cd95a9d8c,MH535935,87.543,289,5.24E-87,335,NA,NA,NA,NA,NA,NA,Amoebozoa sp.
412,6f4c407da2b69908de04aefbbd7bf029,MH535935,82.278,316,1.94E-66,267,NA,NA,NA,NA,NA,NA,Amoebozoa sp.
413,9b0101564718806da0f98596ae5eea95,MH535935,87.213,305,6.73E-91,348,NA,NA,NA,NA,NA,NA,Amoebozoa sp.
414,a419de464056d9ae06a86cb680aa21ce,MH535935,84.211,304,8.89E-75,294,NA,NA,NA,NA,NA,NA,Amoebozoa sp.
415,ae2ffe9f11633deacc0dbb344638d808,MH535935,83.39,295,4.16E-68,272,NA,NA,NA,NA,NA,NA,Amoebozoa sp.
416,b8859e477fa923381f8c4ff20f5ef75d,MH535935,87.541,305,1.45E-92,353,NA,NA,NA,NA,NA,NA,Amoebozoa sp.
417,bbfc9213a4ab5c7c3a9f67d0c979d993,MH535935,82.278,316,1.94E-66,267,NA,NA,NA,NA,NA,NA,Amoebozoa sp.
418,d6011da9f8f352a577b85bf0692083a8,MH535936,81.699,306,5.43E-62,252,NA,NA,NA,NA,NA,NA,Amoebozoa sp.
419,e6f9e5592b15c823a3b2ef594428e337,MH535935,84.539,304,1.91E-76,300,NA,NA,NA,NA,NA,NA,Amoebozoa sp.
420,e9f5673d8413ef4dd453795d0f0c12d9,MH535935,83.333,282,3.24E-64,259,NA,NA,NA,NA,NA,NA,Amoebozoa sp.
421,efe1cf0e53e6752fed5b83264cb354da,MH535935,82.595,316,4.16E-68,272,NA,NA,NA,NA,NA,NA,Amoebozoa sp.
422,02435eafffe4caae713add3999d2b858,MN082145,84.615,312,8.83E-80,311,NA,NA,NA,Telonemida,NA,NA,Telonemida sp.
423,26746eececdcac804b397008bc299880,AM286310,83.986,281,1.50E-67,270,Metazoa,Mollusca,Gastropoda,NA,Planorbidae,Bulinus,Bulinus forskalii
424,41497b6c2cd8a49407b3cc50b4dcd898,NC_058638,85.121,289,3.20E-74,292,Fungi,Zoopagomycota,Entomophthoromycetes,Entomophthorales,Ancylistaceae,Conidiobolus,Conidiobolus mycophagus
425,e4fbc74b1973be189d1bf6e9169909d6,NC_058638,83.766,308,4.14E-73,289,Fungi,Zoopagomycota,Entomophthoromycetes,Entomophthorales,Ancylistaceae,Conidiobolus,Conidiobolus mycophagus
426,84511c00bd807c8ac2d5f1ef9cab4c9f,OP903811,82.258,310,3.24E-64,259,NA,Oomycota,NA,Pythiales,Pythiaceae,Phytopythium,Phytopythium citrinum
427,441277b45ad24da0c207ca958b4ad69f,MF891314,84.722,288,4.14E-73,289,NA,Arthropoda,Insecta,Diptera,Mycetophilidae,Sceptonia,Sceptonia sp. BIOUG19150-A10
428,b1f8a9e9f19ec7f1447e324a2d84e35d,MF891314,84.722,288,4.12E-73,289,NA,Arthropoda,Insecta,Diptera,Mycetophilidae,Sceptonia,Sceptonia sp. BIOUG19150-A10
429,04c6883d04a12d57305a8b91197afb79,MG202007,85.942,313,5.24E-87,335,NA,Picozoa,NA,NA,NA,NA,Picobiliphyte sp. MS584-11
430,0b7fbda190629caf14f7db4bace9bc2b,MG202007,91.374,313,2.34E-115,429,NA,Picozoa,NA,NA,NA,NA,Picobiliphyte sp. MS584-11
431,265f2f2cc95c50808ed0421dfd651c4a,MG202007,87.625,299,3.10E-89,342,NA,Picozoa,NA,NA,NA,NA,Picobiliphyte sp. MS584-11
432,3047a583408c96b3cf75ccdcbd218bf2,MG202007,86.513,304,5.24E-87,335,NA,Picozoa,NA,NA,NA,NA,Picobiliphyte sp. MS584-11
433,3ca17cf33265a8d058d2bc6b5d02185b,MG202007,87.171,304,2.42E-90,346,NA,Picozoa,NA,NA,NA,NA,Picobiliphyte sp. MS584-11
434,6ce54bf067b421653106cff5333c6ce4,MG202007,86.943,314,5.20E-92,351,NA,Picozoa,NA,NA,NA,NA,Picobiliphyte sp. MS584-11
435,8f0cc4edf38970ea0d3a3e2b4f0bc985,MG202007,86.184,304,2.44E-85,329,NA,Picozoa,NA,NA,NA,NA,Picobiliphyte sp. MS584-11
436,99704fdcdb65b00e918a5a79bbd95cf8,MG202007,86.755,302,1.46E-87,337,NA,Picozoa,NA,NA,NA,NA,Picobiliphyte sp. MS584-11
437,b1a4d1428180e23d09a7ae33a8d32ee3,MG202007,86.557,305,1.88E-86,333,NA,Picozoa,NA,NA,NA,NA,Picobiliphyte sp. MS584-11
438,ce90c260385a3efcee9c47522a7e2999,MG202007,86.23,305,8.76E-85,327,NA,Picozoa,NA,NA,NA,NA,Picobiliphyte sp. MS584-11
439,db1e444f6032dc44014f16ff29200e48,MG202007,86.624,314,2.42E-90,346,NA,Picozoa,NA,NA,NA,NA,Picobiliphyte sp. MS584-11
440,e25338663fb35ba6a6804877d080cfe0,MG202007,86.842,304,1.13E-88,340,NA,Picozoa,NA,NA,NA,NA,Picobiliphyte sp. MS584-11
441,f30b496e1976b749fb686e56097b7bc1,MG202007,86.557,305,5.24E-87,335,NA,Picozoa,NA,NA,NA,NA,Picobiliphyte sp. MS584-11
442,8c9f27773ea14506c3a87ccb4e218232,EF104667,82.353,289,1.95E-61,250,NA,Arthropoda,Insecta,Diptera,Agromyzidae,Ophiomyia,Ophiomyia sp. Opcam-1
443,0e5c6f17442e55192db096b1f1b200a0,NC_036938,81.731,312,9.02E-65,261,NA,Haptophyta,NA,Prymnesiales,Chrysochromulinaceae,Chrysochromulina,Chrysochromulina parva
444,341d3699caed7ecb01520852dbb194b1,NC_036938,81.41,312,4.19E-63,255,NA,Haptophyta,NA,Prymnesiales,Chrysochromulinaceae,Chrysochromulina,Chrysochromulina parva
445,4e20be728c13a0c869d79c845b268d2b,NC_036938,86.581,313,2.42E-90,346,NA,Haptophyta,NA,Prymnesiales,Chrysochromulinaceae,Chrysochromulina,Chrysochromulina parva
446,51b2dc0007e912513b6efe37c092fd69,NC_036938,86.262,313,1.13E-88,340,NA,Haptophyta,NA,Prymnesiales,Chrysochromulinaceae,Chrysochromulina,Chrysochromulina parva
447,82d2b0a40d5094a530c3035116810ba7,NC_036938,82.253,293,1.51E-62,254,NA,Haptophyta,NA,Prymnesiales,Chrysochromulinaceae,Chrysochromulina,Chrysochromulina parva
448,946455fa2de3226e3b1d4a6f64b0e846,NC_036938,83.934,305,3.20E-74,292,NA,Haptophyta,NA,Prymnesiales,Chrysochromulinaceae,Chrysochromulina,Chrysochromulina parva
449,9a96d8eb2afef0d7188e290a0e52edd8,NC_036938,81.553,309,4.19E-63,255,NA,Haptophyta,NA,Prymnesiales,Chrysochromulinaceae,Chrysochromulina,Chrysochromulina parva
450,b3f360d005986f2cfa88269604dc8217,NC_036938,83.987,306,8.89E-75,294,NA,Haptophyta,NA,Prymnesiales,Chrysochromulinaceae,Chrysochromulina,Chrysochromulina parva
451,c91ea0735dd0f6cc5cc96e90ad92c9ea,NC_036938,83.987,306,8.89E-75,294,NA,Haptophyta,NA,Prymnesiales,Chrysochromulinaceae,Chrysochromulina,Chrysochromulina parva
452,e71beeb70f3d9d115b34cba52ca236c2,NC_036938,85.161,310,8.83E-80,311,NA,Haptophyta,NA,Prymnesiales,Chrysochromulinaceae,Chrysochromulina,Chrysochromulina parva
453,e94bdff645ec5ab259c8396f0da1cd5f,NC_036938,84.691,307,4.11E-78,305,NA,Haptophyta,NA,Prymnesiales,Chrysochromulinaceae,Chrysochromulina,Chrysochromulina parva
454,f86e20e47324e65213fcc9c5c2cdc612,NC_036938,83.987,306,8.89E-75,294,NA,Haptophyta,NA,Prymnesiales,Chrysochromulinaceae,Chrysochromulina,Chrysochromulina parva
455,fc0475c43f3402a5cb4bcdaf82441bc5,NC_036938,81.47,313,1.17E-63,257,NA,Haptophyta,NA,Prymnesiales,Chrysochromulinaceae,Chrysochromulina,Chrysochromulina parva
456,3d937672c0190a58ec86bc937e85e824,KC791164,83.959,293,3.22E-69,276,NA,Rhodophyta,Bangiophyceae,Bangiales,Bangiaceae,Neoporphyra,Neoporphyra haitanensis
457,46937134cdee7e96f1432181336d8884,KC791164,82.918,281,5.43E-62,252,NA,Rhodophyta,Bangiophyceae,Bangiales,Bangiaceae,Neoporphyra,Neoporphyra haitanensis
458,a5bf627d2d8ba34583640377766953a2,KC791164,83.39,295,4.16E-68,272,NA,Rhodophyta,Bangiophyceae,Bangiales,Bangiaceae,Neoporphyra,Neoporphyra haitanensis
459,2404f93ee66e042966b33abf47c54864,NC_022178,83.333,312,4.14E-73,289,NA,Oomycota,NA,Saprolegniales,Saprolegniaceae,Achlya,Achlya hypogyna
460,89d541fae3d5084c7d03c4614585c2fb,NC_022178,84.026,313,1.91E-76,300,NA,Oomycota,NA,Saprolegniales,Saprolegniaceae,Achlya,Achlya hypogyna
461,927a2adba4fee3d9802de05592bda0ac,NC_022178,84.95,299,1.48E-77,303,NA,Oomycota,NA,Saprolegniales,Saprolegniaceae,Achlya,Achlya hypogyna
462,d5b918c7bd5b7b257c8d918276c8b86c,NC_022178,83.946,299,1.49E-72,287,NA,Oomycota,NA,Saprolegniales,Saprolegniaceae,Achlya,Achlya hypogyna
463,da1ebaa8694b5322e1c345b9af130568,NC_022178,83.987,306,3.20E-74,292,NA,Oomycota,NA,Saprolegniales,Saprolegniaceae,Achlya,Achlya hypogyna
464,eebc3f36f077e5d69874d614bacb7c44,NC_022178,84.3,293,1.49E-72,287,NA,Oomycota,NA,Saprolegniales,Saprolegniaceae,Achlya,Achlya hypogyna
465,f1adf36109a4a4cd8b4158c7ad2d9ed2,NC_022178,84.345,313,4.11E-78,305,NA,Oomycota,NA,Saprolegniales,Saprolegniaceae,Achlya,Achlya hypogyna
466,f6a4949cdc26269204dc2e8bc6697f2f,NC_022178,84.295,312,4.11E-78,305,NA,Oomycota,NA,Saprolegniales,Saprolegniaceae,Achlya,Achlya hypogyna
467,fe0d2658c73cb783a51c9eca3ed23902,NC_022178,84.281,299,3.20E-74,292,NA,Oomycota,NA,Saprolegniales,Saprolegniaceae,Achlya,Achlya hypogyna
468,14d5a7d77ee41db49840094aff9ff424,KC876697,83.276,293,1.50E-67,270,Metazoa,Porifera,Demospongiae,Desmacellida,Desmacellidae,Desmacella,Desmacella cf. annexa CM-2010
469,123af4d36a290894cd6aaff986ada5c7,KF281132,83.217,286,9.02E-65,261,NA,NA,Phaeophyceae,Ectocarpales,Scytosiphonaceae,Colpomenia,Colpomenia sp. 1WA
470,12b3c05c2bff5a4917c65362f7fc92b6,KF281132,83.217,286,9.02E-65,261,NA,NA,Phaeophyceae,Ectocarpales,Scytosiphonaceae,Colpomenia,Colpomenia sp. 1WA
471,192671202ad989a0abadee2033fee5a9,KF281132,83.566,286,1.94E-66,267,NA,NA,Phaeophyceae,Ectocarpales,Scytosiphonaceae,Colpomenia,Colpomenia sp. 1WA
472,629b2ab5f473200b0816d3a2cee29097,KF281130,82.468,308,1.94E-66,267,NA,NA,Phaeophyceae,Ectocarpales,Scytosiphonaceae,Colpomenia,Colpomenia sp. 1WA
473,638299e2b0fafeede5baf71762abeff1,KF281130,83,300,4.16E-68,272,NA,NA,Phaeophyceae,Ectocarpales,Scytosiphonaceae,Colpomenia,Colpomenia sp. 1WA
474,8f3390ddd24b7c1a1d29de37228637d0,KF281130,81.818,308,4.19E-63,255,NA,NA,Phaeophyceae,Ectocarpales,Scytosiphonaceae,Colpomenia,Colpomenia sp. 1WA
475,95a9381c9c214cc53feb44d5f7c4344f,KF281130,83.056,301,4.16E-68,272,NA,NA,Phaeophyceae,Ectocarpales,Scytosiphonaceae,Colpomenia,Colpomenia sp. 1WA
476,09b654f22bcdeb9e8839f54416aaa3fa,KF281381,85.761,309,8.76E-85,327,NA,NA,Phaeophyceae,Ectocarpales,Scytosiphonaceae,Scytosiphon,Scytosiphon sp. 1lomentaria
477,5dd53f39fd36be1cae2f91322f50b2e4,MZ736448,82.274,299,4.19E-63,255,NA,Oomycota,NA,Peronosporales,Peronosporaceae,Phytophthora,Phytophthora vulcanica
478,6b0d07a473eb76bedbf9d0f363f2848b,CP084983,100,313,2.19E-160,579,Fungi,Ascomycota,Eurotiomycetes,Eurotiales,Aspergillaceae,Aspergillus,Aspergillus fumigatus
479,2d84666fb340a26cdfae9f72b3b06ad4,KX665223,82.828,297,6.97E-66,265,Metazoa,Cnidaria,Hydrozoa,Leptothecata,Obeliidae,Obelia,Obelia dichotoma
480,448f58d524989e0bb2ff9fef9564c8ca,MW277711,99.042,313,2.21E-155,562,Metazoa,Cnidaria,Hydrozoa,Leptothecata,Obeliidae,Obelia,Obelia dichotoma
481,5cc09ff324b28eacf773c0516614ba86,KX665223,83.746,283,5.39E-67,268,Metazoa,Cnidaria,Hydrozoa,Leptothecata,Obeliidae,Obelia,Obelia dichotoma
482,6d2483e533788f4c1edd014b18ac01ed,CP149572,100,313,2.19E-160,579,NA,Pseudomonadota,Alphaproteobacteria,Sphingomonadales,Erythrobacteraceae,Qipengyuania,Qipengyuania sp. GPGPB31
483,a2613bc4d392ea9287291f28620407d1,KM888091,84.615,299,6.87E-76,298,NA,Oomycota,NA,Saprolegniales,Saprolegniaceae,Achlya,Achlya bisexualis
484,c329aa05ec5b42fd956478122f0a7da5,MH136968,83.81,315,2.47E-75,296,NA,Oomycota,NA,Peronosporales,Peronosporaceae,Phytophthora,Phytophthora psychrophila
485,687d9cc9748218a8d3f7140a8e8ef593,JN557915,96.203,316,4.90E-142,518,NA,NA,Dinophyceae,Suessiales,Suessiaceae,Pelagodinium,Pelagodinium beii
486,80815a401e769281b583fbd8f9c02138,JN557915,95.886,316,2.28E-140,512,NA,NA,Dinophyceae,Suessiales,Suessiaceae,Pelagodinium,Pelagodinium beii
487,919b4b30801e0e21cf6579ec7eed1d6d,KX665162,81.847,314,2.77E-65,263,Metazoa,Cnidaria,Hydrozoa,Leptothecata,Obeliidae,Obelia,Obelia geniculata
488,95ac92505703e0110041b9f4bc66e29d,LC107842,82.155,297,4.19E-63,255,NA,NA,Phaeophyceae,Ectocarpales,Chordariaceae,Sauvageaugloia,Sauvageaugloia divaricata
489,40137d1e839bcbe33f1bdff6de59110d,MN866089,85.43,302,2.45E-80,313,NA,Oomycota,NA,Peronosporales,Peronosporaceae,Phytophthora,Phytophthora cinnamomi
490,bd344740dad48f170df17813c4b6e1ea,MN866089,85.43,302,2.45E-80,313,NA,Oomycota,NA,Peronosporales,Peronosporaceae,Phytophthora,Phytophthora cinnamomi
491,cd3535d43a3c99905ec4dc6693a3b880,MN866089,85.762,302,5.27E-82,318,NA,Oomycota,NA,Peronosporales,Peronosporaceae,Phytophthora,Phytophthora cinnamomi
492,12b95c09e611d4483969bdd66a94b78c,HQ882827,100,313,2.19E-160,579,Metazoa,Arthropoda,Protura,NA,Fujientomidae,Fujientomon,Fujientomon dicestum
493,6774bc09cba70f4f727d823ce743592c,HQ882827,99.681,313,1.02E-158,573,Metazoa,Arthropoda,Protura,NA,Fujientomidae,Fujientomon,Fujientomon dicestum
494,6e1145bb6069776bc153bd39445f584a,KX931017,97.444,313,4.81E-147,534,Fungi,Ascomycota,Eurotiomycetes,Eurotiales,Aspergillaceae,Penicillium,Penicillium sp. ShG4C
495,ce77aa90b4b71a91480172bfa393e4aa,KX931017,96.805,313,1.04E-143,523,Fungi,Ascomycota,Eurotiomycetes,Eurotiales,Aspergillaceae,Penicillium,Penicillium sp. ShG4C
496,27888df1c9d716549bfd5305012046c4,MZ607118,83.871,279,6.97E-66,265,NA,Arthropoda,Insecta,Diptera,Mycetophilidae,Anatella,Anatella dampfi
497,22bfb5e07ddab6c626e8b9810ae99b14,MT766284,81.731,312,9.02E-65,261,NA,NA,Phaeophyceae,Ectocarpales,Chordariaceae,Laminariocolax,Laminariocolax aecidioides
498,6bb63b1f331df092b50a93ce2cbc0e86,MT766284,81.731,312,9.02E-65,261,NA,NA,Phaeophyceae,Ectocarpales,Chordariaceae,Laminariocolax,Laminariocolax aecidioides
499,a9df207951bc366601b7904835cafdd4,MT766284,81.731,312,9.02E-65,261,NA,NA,Phaeophyceae,Ectocarpales,Chordariaceae,Laminariocolax,Laminariocolax aecidioides
500,72dd13f4c0148eddd2ebf8c5a1d66102,KR260264,84.528,265,9.02E-65,261,NA,NA,Phaeophyceae,Dictyotales,Dictyotaceae,Lobophora,Lobophora sp. WA04
501,3279298b5a5733135d78afa449b7cba9,OP080627,100,312,7.85E-160,577,NA,Discosea,Flabellinia,NA,Vannellidae,Vannella,Vannella robusta
502,5738b0e7fbffc1665e948625f92ef131,KX665251,83.63,281,6.97E-66,265,Metazoa,Cnidaria,Hydrozoa,Leptothecata,Clytiidae,Clytia,Clytia gracilis
503,0d360b4ddb3a023d3e53d87af203c4c5,KR822558,83.221,298,1.16E-68,274,Metazoa,Mollusca,Gastropoda,NA,Acroloxidae,Pseudancylastrum,Frolikhiancylus frolikhae
504,85a283f58f6b4c5949b001f5d7d1fbb7,KR822560,82.609,299,6.97E-66,265,Metazoa,Mollusca,Gastropoda,NA,Acroloxidae,Pseudancylastrum,Frolikhiancylus frolikhae
505,92b4125ea6d9a27d9db01a1ebfbfcd45,KR822558,82.155,297,4.19E-63,255,Metazoa,Mollusca,Gastropoda,NA,Acroloxidae,Pseudancylastrum,Frolikhiancylus frolikhae
506,e33a98c40e84c1294ff0113ca54e00c2,KR822558,82.155,297,4.19E-63,255,Metazoa,Mollusca,Gastropoda,NA,Acroloxidae,Pseudancylastrum,Frolikhiancylus frolikhae
507,NA,NA,NA,NA,NA,NA,Fungi,Ascomycota,Taphrinomycetes,Taphrinales,Taphrinaceae,Taphrina,Taphrina wiesneri
508,421b44d1ecb263564c89c6f9dcd2333e,MH309622,82.034,295,5.43E-62,252,NA,NA,Phaeophyceae,Sphacelariales,Sphacelariaceae,Chaetopteris,Chaetopteris plumosa
509,70e458daae573d791a01a7981bae22c1,MH309622,82.373,295,1.17E-63,257,NA,NA,Phaeophyceae,Sphacelariales,Sphacelariaceae,Chaetopteris,Chaetopteris plumosa
510,ad8093b2ee73bd848af352f325ba4e9d,MH309622,82.095,296,5.43E-62,252,NA,NA,Phaeophyceae,Sphacelariales,Sphacelariaceae,Chaetopteris,Chaetopteris plumosa
511,e28a6106624748c6e25cef364719dde1,MH309622,82.373,295,1.17E-63,257,NA,NA,Phaeophyceae,Sphacelariales,Sphacelariaceae,Chaetopteris,Chaetopteris plumosa
512,96c96dd507afc5a8ee3e1db3c2ba9d28,MW224090,82.55,298,3.24E-64,259,NA,NA,Phaeophyceae,Dictyotales,Dictyotaceae,Dictyota,Dictyota sp.
513,e6ecabcad4306d6e0e1980e13507968c,MW224090,82.215,298,1.51E-62,254,NA,NA,Phaeophyceae,Dictyotales,Dictyotaceae,Dictyota,Dictyota sp.
514,3e7ac7ec9a352c2a3393519f81fc0ee2,KM202120,85.315,286,8.89E-75,294,Viridiplantae,Chlorophyta,Trebouxiophyceae,Chlorellales,Chlorellaceae,Nannochloris,Nannochloris sp. MBTD-CMFRI-S048
515,48e81790c3d2cf0f7d99fb4495263f97,KM202120,84.965,286,4.14E-73,289,Viridiplantae,Chlorophyta,Trebouxiophyceae,Chlorellales,Chlorellaceae,Nannochloris,Nannochloris sp. MBTD-CMFRI-S048
516,e29ffe5fba76b0181a6049526759b270,KM202120,85.664,286,1.91E-76,300,Viridiplantae,Chlorophyta,Trebouxiophyceae,Chlorellales,Chlorellaceae,Nannochloris,Nannochloris sp. MBTD-CMFRI-S048
517,b5b57c9f0a7faa770e81c5ae49701f55,NC_029851,91.401,314,2.34E-115,429,Fungi,Ascomycota,Sordariomycetes,Hypocreales,Bionectriaceae,Emericellopsis,Emericellopsis fuci
518,0ea7fd27f2513c071a7a9654200955a3,NC_050879,89.137,313,1.10E-103,390,Fungi,Ascomycota,Dothideomycetes,Cladosporiales,Cladosporiaceae,Cladosporium,Cladosporium sphaerospermum
519,a4fde3f9008568589a9b6bfe7cd8381a,NC_050879,89.216,306,1.84E-101,383,Fungi,Ascomycota,Dothideomycetes,Cladosporiales,Cladosporiaceae,Cladosporium,Cladosporium sphaerospermum
520,a9c51a903ccb9fac5a5b3fbec178b952,NC_050879,88.818,313,5.13E-102,385,Fungi,Ascomycota,Dothideomycetes,Cladosporiales,Cladosporiaceae,Cladosporium,Cladosporium sphaerospermum
521,b02af56e9af705f47e6938e4f95e281f,NC_050879,88.498,313,2.39E-100,379,Fungi,Ascomycota,Dothideomycetes,Cladosporiales,Cladosporiaceae,Cladosporium,Cladosporium sphaerospermum
522,139cafd3a55b8eed4a9a5c1d19ad82fc,MW849265,93.93,313,1.06E-128,473,NA,Bacillariophyta,Bacillariophyceae,Bacillariales,Bacillariaceae,Cylindrotheca,Cylindrotheca closterium
523,6d2e652172df3c3a7e241fd63da33d32,MW849265,94.249,313,2.29E-130,479,NA,Bacillariophyta,Bacillariophyceae,Bacillariales,Bacillariaceae,Cylindrotheca,Cylindrotheca closterium
524,94041bbaefb65c94196d080ef9313f37,NC_037986,94.872,312,3.80E-133,488,NA,Bacillariophyta,Bacillariophyceae,Bacillariales,Bacillariaceae,Cylindrotheca,Cylindrotheca closterium
525,1f9912a01c3fdbd8e44665e3eed9ddc1,MG770233,84.543,317,4.11E-78,305,NA,Oomycota,NA,Pythiales,Pythiaceae,Globisporangium,Globisporangium heterothallicum
526,f8df46ee3da2a5a4dc21fd26adb2d39e,MG770233,84.227,317,1.91E-76,300,NA,Oomycota,NA,Pythiales,Pythiaceae,Globisporangium,Globisporangium heterothallicum
527,1cd5218e98467053101721c4da8eb9b6,CP039616,100,313,2.19E-160,579,Fungi,Ascomycota,Pichiomycetes,Pichiales,Pichiaceae,Pichia,Pichia kudriavzevii
528,c765c7d73c06bbdd4e7bd3ed7b38d920,NC_079662,91.837,294,8.46E-110,411,Fungi,Basidiomycota,Agaricomycetes,Boletales,Boletaceae,Aureoboletus,Aureoboletus raphanaceus
529,23fdf4d6a6a0b77562b470537dc23984,ON532083,99.042,313,2.21E-155,562,Metazoa,Cnidaria,Hydrozoa,Siphonophorae,Agalmatidae,Nanomia,Nanomia bijuga
530,ec1403758f6c8c304b2e2b16f59df138,ON532083,99.042,313,2.21E-155,562,Metazoa,Cnidaria,Hydrozoa,Siphonophorae,Agalmatidae,Nanomia,Nanomia bijuga
531,f656cd85894ada1e05542f51740a7bba,ON532083,99.361,313,4.74E-157,568,Metazoa,Cnidaria,Hydrozoa,Siphonophorae,Agalmatidae,Nanomia,Nanomia bijuga
532,88f5be5f15aa6c4fe1c26cc7532daf1c,MH535943,87.582,306,4.02E-93,355,NA,Discosea,Flabellinia,NA,Vannellidae,Vannella,Vannella sp.
533,cbec87be88655147aeff29d17285368c,MH535943,81.789,313,8.98E-65,261,NA,Discosea,Flabellinia,NA,Vannellidae,Vannella,Vannella sp.
534,e7e6bb30fb5a8be4e73fd22858912809,MH535943,87.213,305,6.73E-91,348,NA,Discosea,Flabellinia,NA,Vannellidae,Vannella,Vannella sp.
535,1ecc2598fc9f966a424d9e2417d67849,KC732415,86.538,312,8.70E-90,344,NA,NA,NA,NA,NA,NA,zooplankton environmental sample
536,3b420986ce84234818a1a5449fb95b15,KC732422,81.962,316,2.51E-65,263,NA,NA,NA,NA,NA,NA,zooplankton environmental sample
537,48e0a67fe7ede35ff57bbfcb1965e897,KC732415,83.165,297,1.50E-67,270,NA,NA,NA,NA,NA,NA,zooplankton environmental sample
538,54055180067d59194d401e96f867265d,KC732422,82.237,304,1.17E-63,257,NA,NA,NA,NA,NA,NA,zooplankton environmental sample
539,791d69e2fabc7af6974d016240b93e13,MN690125,90.064,312,3.94E-108,405,NA,NA,NA,NA,NA,NA,zooplankton environmental sample
540,a715ddfda6b876f16e65174eb77246cd,KC732415,83.165,297,1.50E-67,270,NA,NA,NA,NA,NA,NA,zooplankton environmental sample
541,dc27b93d641f9062b781ecdafc2e1ebc,KC732422,81.646,316,1.17E-63,257,NA,NA,NA,NA,NA,NA,zooplankton environmental sample
542,1fb0d495676b0238c96db96dd62b7a28,CP046098,100,313,2.19E-160,579,Fungi,Ascomycota,Saccharomycetes,Saccharomycetales,Saccharomycetaceae,Saccharomyces,Saccharomyces cerevisiae
543,d7966cafc5abb286acae34174f7c4338,CP046098,99.361,313,4.74E-157,568,Fungi,Ascomycota,Saccharomycetes,Saccharomycetales,Saccharomycetaceae,Saccharomyces,Saccharomyces cerevisiae
544,fa7bcfe70836c49b4029b65df939691d,CP046098,99.681,313,1.02E-158,573,Fungi,Ascomycota,Saccharomycetes,Saccharomycetales,Saccharomycetaceae,Saccharomyces,Saccharomyces cerevisiae
545,b2fd69110f9d07fdf250a9ce8e8a55b9,MW831016,97.115,312,8.05E-145,527,NA,NA,Aves,Galliformes,Phasianidae,Gallus,Gallus gallus
546,d006fd3f39d6aa957215d64c0e5d689c,MT445415,100,313,2.19E-160,579,NA,NA,Aves,Galliformes,Phasianidae,Gallus,Gallus gallus
547,24caa21b434db57285997ef8d8e0e05b,LC471307,83.974,312,1.91E-76,300,NA,NA,Phaeophyceae,Ectocarpales,Scytosiphonaceae,Petalonia,Petalonia fascia
548,30bf1d339626724fd66270e84b54954e,LC471307,83.108,296,1.50E-67,270,NA,NA,Phaeophyceae,Ectocarpales,Scytosiphonaceae,Petalonia,Petalonia fascia
549,3984231aeb86600ef1fa8d11477a7a16,LC471307,83.654,312,8.89E-75,294,NA,NA,Phaeophyceae,Ectocarpales,Scytosiphonaceae,Petalonia,Petalonia fascia
550,42a2031eca495e60d354a1f8cc759bf4,KF367757,81.639,305,5.43E-62,252,NA,NA,Phaeophyceae,Ectocarpales,Scytosiphonaceae,Petalonia,Petalonia fascia
551,55b333d3398a76c252af6d0b8b6b30a6,LC471307,83.654,312,8.89E-75,294,NA,NA,Phaeophyceae,Ectocarpales,Scytosiphonaceae,Petalonia,Petalonia fascia
552,b4213597ad4e6c0be9121f1b4cbf6f69,LC471307,83.333,312,4.14E-73,289,NA,NA,Phaeophyceae,Ectocarpales,Scytosiphonaceae,Petalonia,Petalonia fascia
553,da49ce1a41d904a27ee114bc17230f4e,LC471307,83.013,312,1.92E-71,283,NA,NA,Phaeophyceae,Ectocarpales,Scytosiphonaceae,Petalonia,Petalonia fascia
554,f0f868caf152120d313fd3608ede2a2d,LC471307,83.654,312,8.89E-75,294,NA,NA,Phaeophyceae,Ectocarpales,Scytosiphonaceae,Petalonia,Petalonia fascia
555,f8d77499226b76bec8126704bfebd006,LC471307,83.974,312,1.91E-76,300,NA,NA,Phaeophyceae,Ectocarpales,Scytosiphonaceae,Petalonia,Petalonia fascia
556,0b7da0d5b045be3e5bf4180ef60ffc54,ON867008,84.437,302,6.87E-76,298,NA,Haptophyta,NA,Isochrysidales,Noelaerhabdaceae,Emiliania,Emiliania huxleyi
557,25714f8b861e3fcbf5d260e2de206044,ON867007,81.967,305,1.51E-62,254,NA,Haptophyta,NA,Isochrysidales,Noelaerhabdaceae,Emiliania,Emiliania huxleyi
558,2941a47044ae229618e2dafe8fb3b3a5,ON867007,82.895,304,4.16E-68,272,NA,Haptophyta,NA,Isochrysidales,Noelaerhabdaceae,Emiliania,Emiliania huxleyi
559,2ef36ed32c9ca9fd5703166c8895418f,ON867008,84.768,302,1.48E-77,303,NA,Haptophyta,NA,Isochrysidales,Noelaerhabdaceae,Emiliania,Emiliania huxleyi
560,8fbada9d9f19acfad9205949aaf1f61c,ON867009,83.838,297,1.92E-71,283,NA,Haptophyta,NA,Isochrysidales,Noelaerhabdaceae,Emiliania,Emiliania huxleyi
561,a8d977d992319c28325152d5b4863b6f,ON867008,83.113,302,3.22E-69,276,NA,Haptophyta,NA,Isochrysidales,Noelaerhabdaceae,Emiliania,Emiliania huxleyi
562,eae7cae0e91bc06f61be0bd718bbac74,OL703628,85.016,307,8.83E-80,311,NA,Haptophyta,NA,Isochrysidales,Noelaerhabdaceae,Emiliania,Emiliania huxleyi
563,3b0db36589ab3b43438561b0ccf944ca,JN418677,87.829,304,1.12E-93,357,NA,Bacillariophyta,Bacillariophyceae,Naviculales,Pinnulariaceae,Pinnularia,Pinnularia neomajor
564,df09e0053399a64371136a50f6cf190d,JN418677,83.673,294,8.95E-70,278,NA,Bacillariophyta,Bacillariophyceae,Naviculales,Pinnulariaceae,Pinnularia,Pinnularia neomajor
565,431fc469c7c74aad4658db25dbec8d97,CP138594,93.891,311,1.38E-127,470,Fungi,Ascomycota,Dothideomycetes,Mycosphaerellales,Teratosphaeriaceae,Acrodontium,Acrodontium crateriforme
566,8876ce7b5575602fc024da0d7f860a97,CP138594,93.569,311,6.43E-126,464,Fungi,Ascomycota,Dothideomycetes,Mycosphaerellales,Teratosphaeriaceae,Acrodontium,Acrodontium crateriforme
567,a072a071266a014599e1114dcf3c118d,CP138594,93.569,311,6.40E-126,464,Fungi,Ascomycota,Dothideomycetes,Mycosphaerellales,Teratosphaeriaceae,Acrodontium,Acrodontium crateriforme
568,c166a9357b63071a5a636f4163cf2939,CP138594,93.569,311,6.40E-126,464,Fungi,Ascomycota,Dothideomycetes,Mycosphaerellales,Teratosphaeriaceae,Acrodontium,Acrodontium crateriforme
569,562bfdff021b79a268e46eb5b403f5a4,NC_057168,99.361,313,4.74E-157,568,NA,NA,Pelagophyceae,Pelagomonadales,Pelagomonadaceae,Pelagomonas,Pelagomonas calceolata
570,9866f597d428db9ee9bdbae2655c92cb,NC_057168,100,313,2.19E-160,579,NA,NA,Pelagophyceae,Pelagomonadales,Pelagomonadaceae,Pelagomonas,Pelagomonas calceolata
571,0b5f96cf1bfb9c6b00f487dcf9a643aa,MF326861,84.615,312,8.83E-80,311,NA,Oomycota,NA,Peronosporales,Peronosporaceae,Phytophthora,Phytophthora personensis
572,ddf295f1f7610f3a92c93c14c4d65454,FN663989,82.792,308,3.22E-69,276,NA,NA,Chrysophyceae,Chromulinales,Dinobryaceae,Poteriospumella,Poteriospumella lacustris
573,2ee4c2d3a9923e2e455b371d623ac360,FJ030896,85.437,309,1.47E-82,320,NA,NA,Dictyochophyceae,Pedinellales,NA,Pseudopedinella,Pseudopedinella elastica
574,6601b01dc74801bfa2b3d701096aef8f,FJ030896,85.761,309,3.15E-84,326,NA,NA,Dictyochophyceae,Pedinellales,NA,Pseudopedinella,Pseudopedinella elastica
575,7b366f698097952456e6ee05db60bc26,FJ030896,86.731,309,4.05E-88,339,NA,NA,Dictyochophyceae,Pedinellales,NA,Pseudopedinella,Pseudopedinella elastica
576,f34477cdd1b8f05448035d0fe439525b,FJ030896,86.364,308,5.24E-87,335,NA,NA,Dictyochophyceae,Pedinellales,NA,Pseudopedinella,Pseudopedinella elastica
577,666f257722b76aa0608785038f14697f,MZ630030,83.553,304,5.35E-72,285,NA,Arthropoda,Insecta,Diptera,Mycetophilidae,Mycetophila,Mycetophila gibbula
578,d1284df0d087c66777554d8e19bc91cb,MK083780,82.692,312,3.22E-69,276,Metazoa,Arthropoda,Insecta,Coleoptera,Chrysomelidae,NA,Chrysomelidae sp. INDOBIOSYS-CCDB27062-E03
579,23a1c6c0005945b833c562895f904e32,GQ501400,99.683,315,7.97E-160,577,NA,NA,Dinophyceae,Thoracosphaerales,Thoracosphaeraceae,Thoracosphaera,Thoracosphaera heimii
580,29b5e40145707db764a582b44be07b53,GQ501400,95.886,316,2.28E-140,512,NA,NA,Dinophyceae,Thoracosphaerales,Thoracosphaeraceae,Thoracosphaera,Thoracosphaera heimii
581,41e3e0bffbeac9225551ced0411ca822,GQ501400,99.051,316,4.79E-157,568,NA,NA,Dinophyceae,Thoracosphaerales,Thoracosphaeraceae,Thoracosphaera,Thoracosphaera heimii
582,b0ffaf8a7ece27c5141b3d108e5ac3f9,GQ501400,96.835,316,2.26E-145,529,NA,NA,Dinophyceae,Thoracosphaerales,Thoracosphaeraceae,Thoracosphaera,Thoracosphaera heimii
583,c91613d610c164088099d8af585883c8,GQ501400,98.107,317,4.83E-152,551,NA,NA,Dinophyceae,Thoracosphaerales,Thoracosphaeraceae,Thoracosphaera,Thoracosphaera heimii
584,f2eb13bf693f02b1251cf6d708e95cff,GQ501400,96.519,316,1.05E-143,523,NA,NA,Dinophyceae,Thoracosphaerales,Thoracosphaeraceae,Thoracosphaera,Thoracosphaera heimii
585,fee7bf4f39d7b5f286564aa18214efc2,GQ501400,100,316,4.76E-162,584,NA,NA,Dinophyceae,Thoracosphaerales,Thoracosphaeraceae,Thoracosphaera,Thoracosphaera heimii
586,9e6788a12ae822cecc8ec7487dd00d46,KC494936,84,300,4.14E-73,289,NA,Oomycota,NA,Peronosporales,Peronosporaceae,Hyaloperonospora,Hyaloperonospora dentariae-macrophyllae
587,472221f6b96ae11979aece812eccbca1,GQ501183,98.734,316,2.23E-155,562,NA,NA,Dinophyceae,Gonyaulacales,Pyrocystaceae,Alexandrium,Alexandrium tamarense
588,6aa8198c8ace3777317cca1fac3ecbd6,GQ501183,98.418,316,1.04E-153,556,NA,NA,Dinophyceae,Gonyaulacales,Pyrocystaceae,Alexandrium,Alexandrium tamarense
589,83bb528789fcb1191aefce07f136d2d4,GQ501183,100,316,4.76E-162,584,NA,NA,Dinophyceae,Gonyaulacales,Pyrocystaceae,Alexandrium,Alexandrium tamarense
590,cb640fca17499d4c173910cae2c331f3,GQ501183,99.367,316,1.03E-158,573,NA,NA,Dinophyceae,Gonyaulacales,Pyrocystaceae,Alexandrium,Alexandrium tamarense
591,de78d8247b23ee2f5bc9efb7abb9f381,GQ501183,99.367,316,1.03E-158,573,NA,NA,Dinophyceae,Gonyaulacales,Pyrocystaceae,Alexandrium,Alexandrium tamarense
592,22bf115f2b16100fe881e467ffb913ac,KC494941,83.893,298,1.92E-71,283,NA,Oomycota,NA,Peronosporales,Peronosporaceae,Hyaloperonospora,Hyaloperonospora cardamines-enneaphyllos
593,29abbc04d07ed18882ca8b748e833c4b,KC494941,84.228,298,4.14E-73,289,NA,Oomycota,NA,Peronosporales,Peronosporaceae,Hyaloperonospora,Hyaloperonospora cardamines-enneaphyllos
594,e38609ccac3e2ad16b2223de1ca24296,KC494941,84.899,298,1.91E-76,300,NA,Oomycota,NA,Peronosporales,Peronosporaceae,Hyaloperonospora,Hyaloperonospora cardamines-enneaphyllos
595,f1674f5daf070671f3f9dd8691a723c6,KC494941,83.893,298,1.92E-71,283,NA,Oomycota,NA,Peronosporales,Peronosporaceae,Hyaloperonospora,Hyaloperonospora cardamines-enneaphyllos
596,95173508b2b2547f71ec9d683ba1e26d,FJ030897,88.055,293,6.73E-91,348,NA,NA,Dictyochophyceae,Florenciellales,NA,Pseudochattonella,Pseudochattonella farcimen
597,9c95e0712305e62966969ccab9285164,FJ030897,87.459,303,1.87E-91,350,NA,NA,Dictyochophyceae,Florenciellales,NA,Pseudochattonella,Pseudochattonella farcimen
598,4d9fb5a200ad6d8001c7d1a717e3e5c7,NC_000946,83.946,299,5.35E-72,285,NA,NA,Bigyra,Bicosoecida,Cafeteriaceae,Cafeteria,Cafeteria roenbergensis
599,618a576419d33d73b2e4267e76421eda,NC_000946,96.497,314,1.35E-142,520,NA,NA,Bigyra,Bicosoecida,Cafeteriaceae,Cafeteria,Cafeteria roenbergensis
600,dd2e3e110846a74727ce1a4416ea1eb8,NC_000946,84.281,299,1.15E-73,291,NA,NA,Bigyra,Bicosoecida,Cafeteriaceae,Cafeteria,Cafeteria roenbergensis
601,f5bf22f400d43681a8bef79de93ed008,NC_000946,95.208,313,8.14E-135,494,NA,NA,Bigyra,Bicosoecida,Cafeteriaceae,Cafeteria,Cafeteria roenbergensis
602,00cae1e5195bb05abfd34d5cdcda139b,MT760738,82.623,305,5.39E-67,268,NA,Haptophyta,NA,Phaeocystales,Phaeocystaceae,Phaeocystis,Phaeocystis globosa
603,04c855cba7ad147f6ef6f21999f37e4f,MT760738,100,313,2.19E-160,579,NA,Haptophyta,NA,Phaeocystales,Phaeocystaceae,Phaeocystis,Phaeocystis globosa
604,42a8fcb38fe3360bc4b4cd187a4d2e2d,MT760738,82.951,305,1.16E-68,274,NA,Haptophyta,NA,Phaeocystales,Phaeocystaceae,Phaeocystis,Phaeocystis globosa
605,755e8a85b6e22f95fc62d5f74a936f98,MT760738,84.142,309,6.87E-76,298,NA,Haptophyta,NA,Phaeocystales,Phaeocystaceae,Phaeocystis,Phaeocystis globosa
606,864a24424b1c941176ed2cca5a4f200a,OQ679046,84.615,312,3.16E-79,309,NA,Haptophyta,NA,Phaeocystales,Phaeocystaceae,Phaeocystis,Phaeocystis globosa
607,8a56b52c574288ef8613e79ff6158641,MT760738,99.361,313,4.74E-157,568,NA,Haptophyta,NA,Phaeocystales,Phaeocystaceae,Phaeocystis,Phaeocystis globosa
608,a661e205196207b2f3b9009d1ed0be6d,MT760742,81.818,308,4.19E-63,255,NA,Haptophyta,NA,Phaeocystales,Phaeocystaceae,Phaeocystis,Phaeocystis globosa
609,ad5a0b4cbbec0c98fcc068169d191db6,OQ679046,84.936,312,6.82E-81,315,NA,Haptophyta,NA,Phaeocystales,Phaeocystaceae,Phaeocystis,Phaeocystis globosa
610,c5cf99798cc08fe8fda699afa8ad30a9,MT760738,99.681,313,1.02E-158,573,NA,Haptophyta,NA,Phaeocystales,Phaeocystaceae,Phaeocystis,Phaeocystis globosa
611,cd4588a8a867c759aafb0c925e436b54,MT760738,99.681,313,1.02E-158,573,NA,Haptophyta,NA,Phaeocystales,Phaeocystaceae,Phaeocystis,Phaeocystis globosa
612,e05bd8cfd9ddd12aa0adc5d951bf44de,MT760738,99.042,313,2.21E-155,562,NA,Haptophyta,NA,Phaeocystales,Phaeocystaceae,Phaeocystis,Phaeocystis globosa
613,d9da3840949d86ab82270ccb1ba0c931,AB775232,82.623,305,5.39E-67,268,NA,NA,Phaeophyceae,Ectocarpales,Chordariaceae,Stictyosiphon,Stictyosiphon soriferus
614,1e5ad41a6a8e5af8d005ad23c02f2b23,OP004347,99.367,316,1.03E-158,573,NA,NA,Dinophyceae,Prorocentrales,Prorocentraceae,Prorocentrum,Prorocentrum micans
615,4dd5482f77ee06ca1e03d708e3dd538e,OP004347,100,316,4.76E-162,584,NA,NA,Dinophyceae,Prorocentrales,Prorocentraceae,Prorocentrum,Prorocentrum micans
616,023390d51fa5e571fcbd4958aa20d993,MZ292873,99.367,316,1.03E-158,573,Metazoa,Cnidaria,Hydrozoa,Siphonophorae,Diphyidae,Chelophyes,Chelophyes contorta
617,385420e9395daed6c482d40826e18130,GQ501238,99.684,316,6.16E-161,580,NA,NA,Dinophyceae,Suessiales,Suessiaceae,Protodinium,Protodinium simplex
618,5865eec85018c391e56e8383cccfc497,GQ501238,99.367,316,2.87E-159,575,NA,NA,Dinophyceae,Suessiales,Suessiaceae,Protodinium,Protodinium simplex
619,9a5720f01a29837ae7660f259554aa14,GQ501238,98.734,316,6.20E-156,564,NA,NA,Dinophyceae,Suessiales,Suessiaceae,Protodinium,Protodinium simplex
620,66fbe60c8935e6c3a7e22cd841e3619e,NC_071711,91.987,312,1.40E-117,436,Fungi,Ascomycota,Dothideomycetes,Pleosporales,Periconiaceae,Periconia,Periconia digitata
621,0fa482b0211ae9bf02d6c490eb771c9c,NC_002553,83.502,297,1.16E-68,274,NA,NA,NA,Malawimonadida,Malawimonadidae,Malawimonas,Malawimonas jakobiformis
622,1741d483caeab0b7a942ac77807eab99,NC_002553,82.492,297,1.17E-63,257,NA,NA,NA,Malawimonadida,Malawimonadidae,Malawimonas,Malawimonas jakobiformis
623,457d05bebe68ebf26c0fe2baf1397d81,NC_002553,82.828,297,2.51E-65,263,NA,NA,NA,Malawimonadida,Malawimonadidae,Malawimonas,Malawimonas jakobiformis
624,7ddbbcdb16c71df2dec8e958b5ac1899,NC_002553,82.828,297,2.51E-65,263,NA,NA,NA,Malawimonadida,Malawimonadidae,Malawimonas,Malawimonas jakobiformis
625,aab87888d00ae5b016a9db424ec2ed27,NC_002553,82.699,289,4.19E-63,255,NA,NA,NA,Malawimonadida,Malawimonadidae,Malawimonas,Malawimonas jakobiformis
626,b15edd904560640a75a4b6ff28ca5f23,NC_002553,82.492,297,1.17E-63,257,NA,NA,NA,Malawimonadida,Malawimonadidae,Malawimonas,Malawimonas jakobiformis
627,c45a48259aa1e495a2b4f2d41195e54e,NC_002553,82.828,297,2.51E-65,263,NA,NA,NA,Malawimonadida,Malawimonadidae,Malawimonas,Malawimonas jakobiformis
628,f0e6622fc3a325b90e5f749e88c01b6a,NC_002553,83.099,284,4.19E-63,255,NA,NA,NA,Malawimonadida,Malawimonadidae,Malawimonas,Malawimonas jakobiformis
629,fc7a0200b0546ab5010497dfc5ee820f,NC_002553,82.492,297,1.17E-63,257,NA,NA,NA,Malawimonadida,Malawimonadidae,Malawimonas,Malawimonas jakobiformis
630,027424f5c17ca403d3cd426ff94d43af,GQ501817,91.195,318,2.36E-115,429,NA,NA,Dinophyceae,NA,NA,NA,uncultured dinoflagellate
631,049f4ad98b5f7c6dfbd26d5333839d6b,GQ501510,98.101,316,4.83E-152,551,NA,NA,Dinophyceae,NA,NA,NA,uncultured dinoflagellate
632,05f7e225d92489bfa2c48ad4f1108211,GQ501510,97.468,316,1.05E-148,540,NA,NA,Dinophyceae,NA,NA,NA,uncultured dinoflagellate
633,061676ba76d50ec2994bcd92a1fd4378,GQ501469,95.57,316,1.06E-138,507,NA,NA,Dinophyceae,NA,NA,NA,uncultured dinoflagellate
634,06593c5f8983f400ae5312599c8c7db9,GQ501510,99.051,316,4.79E-157,568,NA,NA,Dinophyceae,NA,NA,NA,uncultured dinoflagellate
635,08b7bab0f9a757200755bb1af173e44d,GQ501792,99.684,316,2.22E-160,579,NA,NA,Dinophyceae,NA,NA,NA,uncultured dinoflagellate
636,0bf80a39f6a987928882e29aee16559a,GQ501792,99.051,316,4.79E-157,568,NA,NA,Dinophyceae,NA,NA,NA,uncultured dinoflagellate
637,0e1d807250c54b8034095a05a0631745,GQ501755,98.734,316,2.23E-155,562,NA,NA,Dinophyceae,NA,NA,NA,uncultured dinoflagellate
638,115b03bcf0bd71f221d54c8bc0711287,GQ501817,99.367,316,1.03E-158,573,NA,NA,Dinophyceae,NA,NA,NA,uncultured dinoflagellate
639,147a2243f8557544e63658c01e105967,GQ501683,98.101,316,4.83E-152,551,NA,NA,Dinophyceae,NA,NA,NA,uncultured dinoflagellate
640,162cd789cc2bced06b930c211de3e253,GQ501610,93.038,316,2.33E-125,462,NA,NA,Dinophyceae,NA,NA,NA,uncultured dinoflagellate
641,16b740f8f8da627157de485a4fff24f2,GQ501755,98.418,316,1.04E-153,556,NA,NA,Dinophyceae,NA,NA,NA,uncultured dinoflagellate
642,17207a2e3f3a2de2754e3498f45282f2,GQ501510,98.418,316,1.04E-153,556,NA,NA,Dinophyceae,NA,NA,NA,uncultured dinoflagellate
643,19175abea05d5292f6c47f11f34548ea,GQ501510,96.835,316,2.26E-145,529,NA,NA,Dinophyceae,NA,NA,NA,uncultured dinoflagellate
644,1be71cae21cd2560ada0b7c2ab7afbdc,GQ501773,97.468,316,1.05E-148,540,NA,NA,Dinophyceae,NA,NA,NA,uncultured dinoflagellate
645,1cf685ac69e0f91ca1a0895db03f975b,GQ501811,99.051,316,4.79E-157,568,NA,NA,Dinophyceae,NA,NA,NA,uncultured dinoflagellate
646,1e70e24316ae6ed2f2cd4885acd52c69,GQ501512,100,316,4.76E-162,584,NA,NA,Dinophyceae,NA,NA,NA,uncultured dinoflagellate
647,1fe06c13152236f648db2ab90ad52a27,GQ501844,87.937,315,4.04E-98,372,NA,NA,Dinophyceae,NA,NA,NA,uncultured dinoflagellate
648,21e5999caccbbc80314804352f797da2,GQ501773,96.203,316,4.90E-142,518,NA,NA,Dinophyceae,NA,NA,NA,uncultured dinoflagellate
649,25853377fccab1dd52ecdea0b979c3f4,GQ501512,98.734,316,2.23E-155,562,NA,NA,Dinophyceae,NA,NA,NA,uncultured dinoflagellate
650,25f0ecb903e72dbb253919d166903be5,GQ501705,98.101,316,4.83E-152,551,NA,NA,Dinophyceae,NA,NA,NA,uncultured dinoflagellate
651,26ed332af470df2f054bfeee5fffcb42,GQ501456,94.937,316,2.29E-135,496,NA,NA,Dinophyceae,NA,NA,NA,uncultured dinoflagellate
652,2a49c0060cefb127cd831f8c9b298167,GQ501817,99.367,316,1.03E-158,573,NA,NA,Dinophyceae,NA,NA,NA,uncultured dinoflagellate
653,2f7b847336faf091588e26723c58d12b,GQ501456,94.62,316,1.07E-133,490,NA,NA,Dinophyceae,NA,NA,NA,uncultured dinoflagellate
654,306a30115dd952871d792e98e926a3bc,GQ501755,98.734,316,2.23E-155,562,NA,NA,Dinophyceae,NA,NA,NA,uncultured dinoflagellate
655,30e834b144f1a7ca45e79e738f0d522a,GQ501510,98.101,316,4.83E-152,551,NA,NA,Dinophyceae,NA,NA,NA,uncultured dinoflagellate
656,32fc7491f274b5fdde2fe814c0284267,GQ501774,92.405,316,5.04E-122,451,NA,NA,Dinophyceae,NA,NA,NA,uncultured dinoflagellate
657,336f8625896c71678f25d258263aa3eb,GQ501809,98.418,316,1.04E-153,556,NA,NA,Dinophyceae,NA,NA,NA,uncultured dinoflagellate
658,37ee3f2ba799ec35cd03c9ce05d2e4ca,GQ501695,92.722,316,1.08E-123,457,NA,NA,Dinophyceae,NA,NA,NA,uncultured dinoflagellate
659,3864806e4f44f671d7a89513547a9cad,GQ501776,99.367,316,2.87E-159,575,NA,NA,Dinophyceae,NA,NA,NA,uncultured dinoflagellate
660,3fe5477ec3b000191f3d6086ddc4c53d,GQ501792,95.253,316,4.93E-137,501,NA,NA,Dinophyceae,NA,NA,NA,uncultured dinoflagellate
661,42401a0796face0e8a0ce0c248a3f498,GQ501683,98.101,316,4.83E-152,551,NA,NA,Dinophyceae,NA,NA,NA,uncultured dinoflagellate
662,44aa4315667a9772a961f0dc33f2d734,GQ501510,97.152,316,4.86E-147,534,NA,NA,Dinophyceae,NA,NA,NA,uncultured dinoflagellate
663,4660f281444aa3bd6c928740d9ba8408,GQ501456,98.101,316,4.83E-152,551,NA,NA,Dinophyceae,NA,NA,NA,uncultured dinoflagellate
664,48dce8c373816e26342bbb776e4a7c1a,GQ501809,97.785,316,2.25E-150,545,NA,NA,Dinophyceae,NA,NA,NA,uncultured dinoflagellate
665,4af013f85bd91199ccd460588c8143bb,GQ502022,91.139,316,2.36E-115,429,NA,NA,Dinophyceae,NA,NA,NA,uncultured dinoflagellate
666,4be241bca9eae1c655c928719f6802f9,GQ501510,96.486,313,4.85E-142,518,NA,NA,Dinophyceae,NA,NA,NA,uncultured dinoflagellate
667,4d350ed40f7fe42d4b3313fd2f56c10d,GQ501469,90.19,316,2.38E-110,412,NA,NA,Dinophyceae,NA,NA,NA,uncultured dinoflagellate
668,4e302f47d2e669184852c1fb36720ed6,GQ501510,98.101,316,4.83E-152,551,NA,NA,Dinophyceae,NA,NA,NA,uncultured dinoflagellate
669,505c0ac2b96499ba3e4610178a3b4a57,GQ501788,99.051,316,4.79E-157,568,NA,NA,Dinophyceae,NA,NA,NA,uncultured dinoflagellate
670,575fe0527ae513428f0809e8d4a5d4a1,GQ501521,92.994,314,1.08E-123,457,NA,NA,Dinophyceae,NA,NA,NA,uncultured dinoflagellate
671,5a25552a72e4f81cbdd038de7ee0701c,GQ501808,98.418,316,1.04E-153,556,NA,NA,Dinophyceae,NA,NA,NA,uncultured dinoflagellate
672,5c33b35d0755362d28b9c4a4dc7d211b,GQ501521,93.631,314,5.00E-127,468,NA,NA,Dinophyceae,NA,NA,NA,uncultured dinoflagellate
673,5cc8f865710afc45cb82e902f58eba50,GQ501816,94.62,316,1.07E-133,490,NA,NA,Dinophyceae,NA,NA,NA,uncultured dinoflagellate
674,5f14c5100780b6c5c1347d0e6276499b,GQ501510,98.101,316,4.83E-152,551,NA,NA,Dinophyceae,NA,NA,NA,uncultured dinoflagellate
675,5fc18cdbc0614e97af2dc74a29416545,GQ501803,97.152,316,4.86E-147,534,NA,NA,Dinophyceae,NA,NA,NA,uncultured dinoflagellate
676,6029057ef7cc232817cd67d6a0a700cc,GQ501510,96.835,316,2.26E-145,529,NA,NA,Dinophyceae,NA,NA,NA,uncultured dinoflagellate
677,616fab30e4aec38410ff087d5a7edb72,GQ501817,99.684,316,2.22E-160,579,NA,NA,Dinophyceae,NA,NA,NA,uncultured dinoflagellate
678,632c7231ad0d209d6142bff8c8b859eb,GQ501469,99.684,316,2.22E-160,579,NA,NA,Dinophyceae,NA,NA,NA,uncultured dinoflagellate
679,69461f11a1460d767938670242e31af1,GQ501817,99.367,316,1.03E-158,573,NA,NA,Dinophyceae,NA,NA,NA,uncultured dinoflagellate
680,695b2b9836338fdb91c5b68133be3afa,GQ501844,88.254,315,8.67E-100,377,NA,NA,Dinophyceae,NA,NA,NA,uncultured dinoflagellate
681,69e798023d5e630f0b88db7eb39a1bad,GQ501796,99.051,316,1.33E-157,569,NA,NA,Dinophyceae,NA,NA,NA,uncultured dinoflagellate
682,6ca0d413cfa69c2df32d8d8073ee166d,GQ501792,97.785,316,2.25E-150,545,NA,NA,Dinophyceae,NA,NA,NA,uncultured dinoflagellate
683,6ddb894e6a8b0040f54cb5998795fece,GQ501538,90.852,317,1.10E-113,424,NA,NA,Dinophyceae,NA,NA,NA,uncultured dinoflagellate
684,6e5920f47eee0eaa16a22b54f0bffb3a,GQ501809,91.167,317,2.36E-115,429,NA,NA,Dinophyceae,NA,NA,NA,uncultured dinoflagellate
685,6f260dafa1e86d32c6d7f6a820a84473,GQ501469,95.253,316,4.93E-137,501,NA,NA,Dinophyceae,NA,NA,NA,uncultured dinoflagellate
686,7018108dae5461c59acfa0a8f1153e65,GQ501469,95.253,316,4.93E-137,501,NA,NA,Dinophyceae,NA,NA,NA,uncultured dinoflagellate
687,7022520aa85c22bc3a59ba58e5e5c2f1,GQ501779,96.519,316,1.05E-143,523,NA,NA,Dinophyceae,NA,NA,NA,uncultured dinoflagellate
688,719de1fb3eae6c6813d48e5756368edb,GQ501747,97.468,316,1.05E-148,540,NA,NA,Dinophyceae,NA,NA,NA,uncultured dinoflagellate
689,7217861467bc628288909ca40b1ae00d,GQ501808,99.051,316,4.79E-157,568,NA,NA,Dinophyceae,NA,NA,NA,uncultured dinoflagellate
690,72b34d26660ee62cc5ec57bb986685af,GQ501683,99.684,316,2.22E-160,579,NA,NA,Dinophyceae,NA,NA,NA,uncultured dinoflagellate
691,72b391c0edc8ccb5dbbb87d81f0fd3bf,GQ501792,96.53,317,1.06E-143,523,NA,NA,Dinophyceae,NA,NA,NA,uncultured dinoflagellate
692,73a7b09fe57acaf2a3c83be699e01255,GQ501510,98.101,316,4.83E-152,551,NA,NA,Dinophyceae,NA,NA,NA,uncultured dinoflagellate
693,74a9817c607fa3e856fd9d25ba3dddd3,GQ501808,98.418,316,1.04E-153,556,NA,NA,Dinophyceae,NA,NA,NA,uncultured dinoflagellate
694,7bf7bd2819dcbaf3e415339fc90abc58,GQ501510,97.785,316,2.25E-150,545,NA,NA,Dinophyceae,NA,NA,NA,uncultured dinoflagellate
695,7cc97d45e14bd36282a4febea565b97e,GQ501469,90.823,316,1.10E-113,424,NA,NA,Dinophyceae,NA,NA,NA,uncultured dinoflagellate
696,7f1fc6614e01d439316a48c5990e823e,GQ501792,98.101,316,4.83E-152,551,NA,NA,Dinophyceae,NA,NA,NA,uncultured dinoflagellate
697,86dd2f381c1f9a08ab2706a9e07a5ab0,GQ501808,99.367,316,1.03E-158,573,NA,NA,Dinophyceae,NA,NA,NA,uncultured dinoflagellate
698,86e9b68bfb10ecc93527025d4c9937f0,GQ501809,97.785,316,2.25E-150,545,NA,NA,Dinophyceae,NA,NA,NA,uncultured dinoflagellate
699,8765c67e9f025120bd92042378391ab3,GQ501844,87.937,315,4.04E-98,372,NA,NA,Dinophyceae,NA,NA,NA,uncultured dinoflagellate
700,8e5c5be5ff4d5236b95a43779ad58612,GQ501811,99.684,316,2.22E-160,579,NA,NA,Dinophyceae,NA,NA,NA,uncultured dinoflagellate
701,8ee054d4207280dfbcb8a14eef90e2f0,GQ501841,99.684,316,2.22E-160,579,NA,NA,Dinophyceae,NA,NA,NA,uncultured dinoflagellate
702,90002a7d9c125b73c783f3187f7b7988,GQ501803,92.722,316,1.08E-123,457,NA,NA,Dinophyceae,NA,NA,NA,uncultured dinoflagellate
703,910f7dd03f631e59d50eaf0bb0857a68,GQ501456,95.253,316,4.93E-137,501,NA,NA,Dinophyceae,NA,NA,NA,uncultured dinoflagellate
704,91ec78bb9992414202aed9f796c61878,GQ501792,100,316,4.76E-162,584,NA,NA,Dinophyceae,NA,NA,NA,uncultured dinoflagellate
705,941e6fabf3f47dbe627f1ed6cb1d02f3,GQ501610,100,316,4.76E-162,584,NA,NA,Dinophyceae,NA,NA,NA,uncultured dinoflagellate
706,94260f2ccd13db46a23f6d039a80d855,HM236193,99.684,316,2.22E-160,579,NA,NA,Dinophyceae,NA,NA,NA,uncultured dinoflagellate
707,94ba0499693fc5aed1164aca64201f7c,GQ501817,100,316,4.76E-162,584,NA,NA,Dinophyceae,NA,NA,NA,uncultured dinoflagellate
708,95c846a1ecdfea59d5f61f2440c8c78e,GQ501610,93.987,316,2.31E-130,479,NA,NA,Dinophyceae,NA,NA,NA,uncultured dinoflagellate
709,95ce40875d63b0b2a0429822b778dc8f,GQ501792,97.468,316,1.05E-148,540,NA,NA,Dinophyceae,NA,NA,NA,uncultured dinoflagellate
710,96ccaf1d24c8205e0cbc6da2fb460357,GQ501792,98.418,316,1.04E-153,556,NA,NA,Dinophyceae,NA,NA,NA,uncultured dinoflagellate
711,98ad56819963bc103d479da3b89265d2,GQ501510,98.418,316,1.04E-153,556,NA,NA,Dinophyceae,NA,NA,NA,uncultured dinoflagellate
712,9aad9e259aa9db49bba889afaec3acb9,GQ501456,93.038,316,2.33E-125,462,NA,NA,Dinophyceae,NA,NA,NA,uncultured dinoflagellate
713,9d0ec03df9bf959432bb139abd124ba7,GQ501710,99.367,316,1.03E-158,573,NA,NA,Dinophyceae,NA,NA,NA,uncultured dinoflagellate
714,9e25486ce7f0accfd749a4ee4e0ae36a,GQ501811,100,316,4.76E-162,584,NA,NA,Dinophyceae,NA,NA,NA,uncultured dinoflagellate
715,a0b66ff1efb5babdf65f9d7c2c17ecbc,GQ501512,98.418,316,1.04E-153,556,NA,NA,Dinophyceae,NA,NA,NA,uncultured dinoflagellate
716,a3ee93b9efd6e31fb59ce59a52a0f7e1,GQ501779,95.57,316,1.06E-138,507,NA,NA,Dinophyceae,NA,NA,NA,uncultured dinoflagellate
717,a48c6c5e4d0d9824c92a8b777a9e4b60,GQ501510,97.785,316,2.25E-150,545,NA,NA,Dinophyceae,NA,NA,NA,uncultured dinoflagellate
718,a79fa4d021bcbbef599ba081bc29bc86,GQ501683,98.734,316,2.23E-155,562,NA,NA,Dinophyceae,NA,NA,NA,uncultured dinoflagellate
719,a8b4e87f6dc266822ec7e179d56ebcf9,GQ501773,99.367,316,1.03E-158,573,NA,NA,Dinophyceae,NA,NA,NA,uncultured dinoflagellate
720,aad9be6ae1e3ec61c98ea06a167cfefd,GQ501808,97.468,316,1.05E-148,540,NA,NA,Dinophyceae,NA,NA,NA,uncultured dinoflagellate
721,ad1d4db55cfbef7ed1604b4a1fc0e4e0,GQ501469,100,316,4.76E-162,584,NA,NA,Dinophyceae,NA,NA,NA,uncultured dinoflagellate
722,b011ccf67356f8b9e7d4e5f6bfd876a4,GQ501796,99.684,316,6.16E-161,580,NA,NA,Dinophyceae,NA,NA,NA,uncultured dinoflagellate
723,b169445e9417a20137febe4417d0db60,GQ501626,95.57,316,2.95E-139,508,NA,NA,Dinophyceae,NA,NA,NA,uncultured dinoflagellate
724,b2353495d8364a0267600b0314e3aaab,GQ501812,99.367,316,1.03E-158,573,NA,NA,Dinophyceae,NA,NA,NA,uncultured dinoflagellate
725,b57b6075dbaeb64a3b6a58826f946fba,GQ501510,97.785,316,2.25E-150,545,NA,NA,Dinophyceae,NA,NA,NA,uncultured dinoflagellate
726,b8a67928e4b6c9a9a72c3928116cf95d,GQ501705,97.785,316,2.25E-150,545,NA,NA,Dinophyceae,NA,NA,NA,uncultured dinoflagellate
727,b8f20e77400eede6b92191b6663ac18e,HM236193,93.354,316,5.00E-127,468,NA,NA,Dinophyceae,NA,NA,NA,uncultured dinoflagellate
728,b973e2c0e75dc72aee92b38936a2c999,GQ501776,96.203,316,1.36E-142,520,NA,NA,Dinophyceae,NA,NA,NA,uncultured dinoflagellate
729,bbfb70f1b86a176d987fefca639ea5fa,GQ501779,96.519,316,1.05E-143,523,NA,NA,Dinophyceae,NA,NA,NA,uncultured dinoflagellate
730,bf65a13ed22d9727a03e922fb9ab5f8b,GQ501510,97.152,316,4.86E-147,534,NA,NA,Dinophyceae,NA,NA,NA,uncultured dinoflagellate
731,c0041bcd05c1e5f3125cab1a5a1fa10c,GQ501510,97.468,316,1.05E-148,540,NA,NA,Dinophyceae,NA,NA,NA,uncultured dinoflagellate
732,c0daec098e352b7ad3c58f775678ce2f,GQ501510,97.785,316,2.25E-150,545,NA,NA,Dinophyceae,NA,NA,NA,uncultured dinoflagellate
733,c1c26b23db4b04e4151956b1741f66cf,GQ501808,96.835,316,2.26E-145,529,NA,NA,Dinophyceae,NA,NA,NA,uncultured dinoflagellate
734,c28324f9491fa31210f8c89a867f379e,GQ501610,98.734,316,2.23E-155,562,NA,NA,Dinophyceae,NA,NA,NA,uncultured dinoflagellate
735,c2cd18c137a995b43a28f143e08d01b2,GQ501695,93.038,316,2.33E-125,462,NA,NA,Dinophyceae,NA,NA,NA,uncultured dinoflagellate
736,c3bee02b02b259859f9f2946036fe88a,GQ501456,94.62,316,1.07E-133,490,NA,NA,Dinophyceae,NA,NA,NA,uncultured dinoflagellate
737,c3d124a94a9c9a9b6c209306f3e799f7,GQ501610,92.744,317,1.08E-123,457,NA,NA,Dinophyceae,NA,NA,NA,uncultured dinoflagellate
738,c5bc0bda348c5b93c853d00d27e34179,GQ501710,99.684,316,2.22E-160,579,NA,NA,Dinophyceae,NA,NA,NA,uncultured dinoflagellate
739,cba3c91784b5cde663cc09de869786f1,GQ501456,94.937,316,2.29E-135,496,NA,NA,Dinophyceae,NA,NA,NA,uncultured dinoflagellate
740,d0ecc36ce4c51265556f4f1eaef575f3,GQ501456,95.57,316,1.06E-138,507,NA,NA,Dinophyceae,NA,NA,NA,uncultured dinoflagellate
741,d45a58c99f4a9832e93010fb5022eb91,GQ501776,99.684,316,6.16E-161,580,NA,NA,Dinophyceae,NA,NA,NA,uncultured dinoflagellate
742,d4bd7040db4ff494e5fff5f61b7eee11,GQ501792,99.051,316,4.79E-157,568,NA,NA,Dinophyceae,NA,NA,NA,uncultured dinoflagellate
743,d5e28e07a206f79f169d957f73cbf66f,GQ501456,94.304,316,4.97E-132,484,NA,NA,Dinophyceae,NA,NA,NA,uncultured dinoflagellate
744,d6b0eecedcc2428faf656a1450cc0ba0,GQ501456,94.937,316,2.29E-135,496,NA,NA,Dinophyceae,NA,NA,NA,uncultured dinoflagellate
745,d6bef25e2e8a8888720d439427e66589,GQ501792,99.367,316,1.03E-158,573,NA,NA,Dinophyceae,NA,NA,NA,uncultured dinoflagellate
746,d7172ca7d67032bc7e9246c5dd564280,GQ501510,98.101,316,4.83E-152,551,NA,NA,Dinophyceae,NA,NA,NA,uncultured dinoflagellate
747,d76a639709572b292a132a2ca73a6a02,HM236193,99.367,316,1.03E-158,573,NA,NA,Dinophyceae,NA,NA,NA,uncultured dinoflagellate
748,d8e1b974fa5195a3f854096444584f9c,GQ501809,92.114,317,2.34E-120,446,NA,NA,Dinophyceae,NA,NA,NA,uncultured dinoflagellate
749,d900dde2fd0fdc3e43371656b77f8ab9,HM236193,99.367,316,1.03E-158,573,NA,NA,Dinophyceae,NA,NA,NA,uncultured dinoflagellate
750,e09fe2cd26f3594f27884d07432b8685,GQ501828,96.215,317,4.90E-142,518,NA,NA,Dinophyceae,NA,NA,NA,uncultured dinoflagellate
751,e3ebfe0c9fa84a2fc61f5e100469354f,GQ501773,97.152,316,4.86E-147,534,NA,NA,Dinophyceae,NA,NA,NA,uncultured dinoflagellate
752,e492bbf19243215ec306c965eda52747,GQ501844,87.937,315,4.04E-98,372,NA,NA,Dinophyceae,NA,NA,NA,uncultured dinoflagellate
753,e990884de08cec64488348aba7a351f9,GQ501755,97.152,316,4.86E-147,534,NA,NA,Dinophyceae,NA,NA,NA,uncultured dinoflagellate
754,ea2fd00f1112d3f629f507a385368ae3,GQ501610,99.367,316,1.03E-158,573,NA,NA,Dinophyceae,NA,NA,NA,uncultured dinoflagellate
755,eb03699e1ba53b166c29d43f9827ad68,GQ501705,97.468,316,1.05E-148,540,NA,NA,Dinophyceae,NA,NA,NA,uncultured dinoflagellate
756,ecb7718eea8ea4e24786c7f02800e5b5,GQ501773,99.684,316,2.22E-160,579,NA,NA,Dinophyceae,NA,NA,NA,uncultured dinoflagellate
757,efb089ebd9abc331860caac0b8a41169,GQ501538,90.536,317,5.11E-112,418,NA,NA,Dinophyceae,NA,NA,NA,uncultured dinoflagellate
758,f54aade2f46e9014fb3e043cb950dc53,GQ501809,91.483,317,5.07E-117,435,NA,NA,Dinophyceae,NA,NA,NA,uncultured dinoflagellate
759,f71c4e0c94e99b394f1b3f5ad08b8460,HM236193,97.189,249,3.95E-113,422,NA,NA,Dinophyceae,NA,NA,NA,uncultured dinoflagellate
760,f721febf158d69dd21cfc8e73f911daa,GQ501510,98.101,316,4.83E-152,551,NA,NA,Dinophyceae,NA,NA,NA,uncultured dinoflagellate
761,f7a6a00eb90b9280a1dcec1cc6fa779b,GQ501521,93.631,314,4.98E-127,468,NA,NA,Dinophyceae,NA,NA,NA,uncultured dinoflagellate
762,f7c68b0f8d7b378e625d3fa1a0f6ec37,GQ501808,99.051,316,4.79E-157,568,NA,NA,Dinophyceae,NA,NA,NA,uncultured dinoflagellate
763,f8b02573f85ceac9b235fc73e85ebe4e,GQ501755,98.418,316,1.04E-153,556,NA,NA,Dinophyceae,NA,NA,NA,uncultured dinoflagellate
764,fb7ff8c5e94e6162705e70332f7d0c46,GQ501456,94.62,316,1.07E-133,490,NA,NA,Dinophyceae,NA,NA,NA,uncultured dinoflagellate
765,fce06aba4ae5f2eee0d78755fe1f0084,GQ501811,99.683,315,7.97E-160,577,NA,NA,Dinophyceae,NA,NA,NA,uncultured dinoflagellate
766,0ff051e8eaed0a8d707c50034fc09a65,NC_046950,83.688,282,6.97E-66,265,Viridiplantae,Streptophyta,Zygnemophyceae,Zygnematales,Mesotaeniaceae,Roya,Roya anglica
767,27972761b0bedd778ee6beff54a4dded,NC_046950,84.043,282,1.50E-67,270,Viridiplantae,Streptophyta,Zygnemophyceae,Zygnematales,Mesotaeniaceae,Roya,Roya anglica
768,8a0f733e37d6f19d469d17ebd0e295c3,NC_060425,91.374,313,2.34E-115,429,Fungi,Basidiomycota,Agaricomycetes,Russulales,Peniophoraceae,Peniophora,Peniophora lycii
769,72940b3937063ff6c6fbdf4b7c0d8c8c,GU804236,96.795,312,3.75E-143,521,NA,Arthropoda,Insecta,Orthoptera,Gryllidae,Gryllus,Gryllus sp. BOLD:ABX6481
770,edef69a599edab6d1eb03b57f84a2c8e,GU804236,96.785,311,1.34E-142,520,NA,Arthropoda,Insecta,Orthoptera,Gryllidae,Gryllus,Gryllus sp. BOLD:ABX6481
771,106cbac31347ea05491ff22cf7ddd95c,JX989833,89.744,312,1.83E-106,399,Fungi,Ascomycota,Leotiomycetes,Chaetomellales,Chaetomellaceae,Synchaetomella,Synchaetomella acerina
772,3373982d23b9245a4586767b0fe2dc73,JX989833,86.901,313,1.87E-91,350,Fungi,Ascomycota,Leotiomycetes,Chaetomellales,Chaetomellaceae,Synchaetomella,Synchaetomella acerina
773,5af209690705ced0b71f1dc404e2193e,JX989833,88.312,308,5.16E-97,368,Fungi,Ascomycota,Leotiomycetes,Chaetomellales,Chaetomellaceae,Synchaetomella,Synchaetomella acerina
774,7ce6446f4adc4f5571793a07fb78394f,JX989833,88.636,308,1.11E-98,374,Fungi,Ascomycota,Leotiomycetes,Chaetomellales,Chaetomellaceae,Synchaetomella,Synchaetomella acerina
775,ed3c7d58e9cabb4fcc68b35fe6ee6fc9,JX989833,89.423,312,8.52E-105,394,Fungi,Ascomycota,Leotiomycetes,Chaetomellales,Chaetomellaceae,Synchaetomella,Synchaetomella acerina
776,104348dd92877480b50e7e96848781ff,KX096899,85.034,294,1.91E-76,300,NA,NA,Phaeophyceae,Fucales,Durvillaeaceae,Durvillaea,Durvillaea potatorum
777,1cc91ab85271e7ac1adf4de53564850b,KX096899,84.694,294,8.89E-75,294,NA,NA,Phaeophyceae,Fucales,Durvillaeaceae,Durvillaea,Durvillaea potatorum
778,54b386868460880428e19ce828d4f77f,KX096899,84.694,294,8.89E-75,294,NA,NA,Phaeophyceae,Fucales,Durvillaeaceae,Durvillaea,Durvillaea potatorum
779,731a2c027541383d702e9b61f086716c,KX096899,84.694,294,8.89E-75,294,NA,NA,Phaeophyceae,Fucales,Durvillaeaceae,Durvillaea,Durvillaea potatorum
780,0d56604e924a128a3b1a6f2cba651979,MG421474,86.063,287,3.17E-79,309,Metazoa,Cnidaria,Hydrozoa,Anthoathecata,Corynidae,NA,Corynidae sp. BCnid2010-002
781,fbe33db7bcb44ccd19a9d93781c8a26a,MG421474,84.694,294,8.89E-75,294,Metazoa,Cnidaria,Hydrozoa,Anthoathecata,Corynidae,NA,Corynidae sp. BCnid2010-002
782,3e914cef415d1bf8cc62f22514d331e3,NC_026126,84.345,313,4.11E-78,305,NA,Bacillariophyta,Bacillariophyceae,Naviculales,Berkeleyaceae,Berkeleya,Berkeleya fennica
783,eff15b8f40fd7115369924e54b00caee,JQ354708,82.026,306,9.02E-65,261,NA,Bacillariophyta,Bacillariophyceae,Cymbellales,Gomphonemataceae,Gomphonema,Gomphonema parvulum
784,613e7676d190f9fd4ddd59c774ca50cd,JX995245,100,310,1.01E-158,573,Metazoa,Arthropoda,Hexanauplia,Calanoida,Acartiidae,Acartia,Acartia clausii
785,ca06e81a9c5b57434a9b8dd5e35d398a,JX995246,99.677,310,4.71E-157,568,Metazoa,Arthropoda,Hexanauplia,Calanoida,Acartiidae,Acartia,Acartia clausii
786,d238d1a8fb0f4b443ed06a0060f29b77,JX995246,99.355,310,2.19E-155,562,Metazoa,Arthropoda,Hexanauplia,Calanoida,Acartiidae,Acartia,Acartia clausii
787,551437c63fc0fd46c1cb1d4af79fd57c,LT594379,99.679,312,3.65E-158,571,Fungi,Ascomycota,Pichiomycetes,Serinales,Debaryomycetaceae,Candida,Candida orthopsilosis
788,fa3baa7e5ea67a48d58da2eae2801e01,LT594379,100,313,2.19E-160,579,Fungi,Ascomycota,Pichiomycetes,Serinales,Debaryomycetaceae,Candida,Candida orthopsilosis
789,2747fe9cf6fccea06c3b1b40ade0858c,KY911089,100,313,2.19E-160,579,Fungi,Basidiomycota,Malasseziomycetes,Malasseziales,Malasseziaceae,Malassezia,Malassezia globosa
790,944e0491b591b8edcf65f8907695443c,CP046440,100,313,2.19E-160,579,Fungi,Basidiomycota,Malasseziomycetes,Malasseziales,Malasseziaceae,Malassezia,Malassezia globosa
791,ec540ffa457f63cfb98147942753e26d,CP046440,99.681,313,1.02E-158,573,Fungi,Basidiomycota,Malasseziomycetes,Malasseziales,Malasseziaceae,Malassezia,Malassezia globosa
792,986afb903d610afa0b2a0aacff9dc42e,MH477750,84.713,314,2.45E-80,313,NA,Oomycota,NA,Peronosporales,Peronosporaceae,Phytophthora,Phytophthora moyootj
793,c6151ea255d9058728be3698d91a06d9,KM641614,82.155,297,1.51E-62,254,NA,Arthropoda,Insecta,Diptera,Agromyzidae,NA,Agromyzidae sp. BOLD:ACG3968
794,2a3f894b1359e059ce470312a2d007f5,MK757522,83.774,265,1.95E-61,250,Metazoa,Arthropoda,Malacostraca,Cumacea,Nannastacidae,Campylaspis,Campylaspis horrida
795,30f20d20584f07626f998701c013a8d7,NC_045905,86.731,309,8.70E-90,344,Fungi,Ascomycota,Dothideomycetes,Dothideales,Dothioraceae,Sydowia,Sydowia polyspora
796,718d44966a53705622b07c2f3389f537,NC_045905,89.542,306,3.96E-103,388,Fungi,Ascomycota,Dothideomycetes,Dothideales,Dothioraceae,Sydowia,Sydowia polyspora
797,9bfcb1326fec3229f9c8d301f416893b,NC_045905,86.408,309,4.05E-88,339,Fungi,Ascomycota,Dothideomycetes,Dothideales,Dothioraceae,Sydowia,Sydowia polyspora
798,e3d3653866bf6d5e7229c18b34be6d36,NC_045905,87.055,309,1.87E-91,350,Fungi,Ascomycota,Dothideomycetes,Dothideales,Dothioraceae,Sydowia,Sydowia polyspora
799,ebad210cb66d1154bab15d597d540868,NC_045905,86.731,309,8.70E-90,344,Fungi,Ascomycota,Dothideomycetes,Dothideales,Dothioraceae,Sydowia,Sydowia polyspora
800,1a91f76e64ffa9f72f1c2da60a5977fd,HM770077,99.681,313,1.02E-158,573,Metazoa,Arthropoda,Hexanauplia,Calanoida,Clausocalanidae,Pseudocalanus,Pseudocalanus elongatus
801,7dd107fac4c3042b5468bb2b2c07649a,HM770077,99.361,313,4.74E-157,568,Metazoa,Arthropoda,Hexanauplia,Calanoida,Clausocalanidae,Pseudocalanus,Pseudocalanus elongatus
802,fed49b6410a67132741909c7bfb3aca7,HM770077,100,313,2.19E-160,579,Metazoa,Arthropoda,Hexanauplia,Calanoida,Clausocalanidae,Pseudocalanus,Pseudocalanus elongatus
803,33717c750f96a9117b010b1d62d0179c,NC_027747,82.392,301,9.02E-65,261,NA,NA,Bolidophyceae,Parmales,Triparmaceae,Triparma,Triparma laevis
804,365c839069f786446828d5f5f4def7b0,NC_027747,82.373,295,4.19E-63,255,NA,NA,Bolidophyceae,Parmales,Triparmaceae,Triparma,Triparma laevis
805,43481f24b408f12f196656c2786b2f1b,NC_027747,83.221,298,4.16E-68,272,NA,NA,Bolidophyceae,Parmales,Triparmaceae,Triparma,Triparma laevis
806,4dafc24654b35616eb0ddd5ef119c589,NC_027747,82.566,304,5.39E-67,268,NA,NA,Bolidophyceae,Parmales,Triparmaceae,Triparma,Triparma laevis
807,99c70836470bab85fd9ee8f171141330,NC_027747,83.502,297,3.22E-69,276,NA,NA,Bolidophyceae,Parmales,Triparmaceae,Triparma,Triparma laevis
808,a011d8c4b6ec188516ba69cbd4d8ecf6,NC_027747,82.392,301,9.02E-65,261,NA,NA,Bolidophyceae,Parmales,Triparmaceae,Triparma,Triparma laevis
809,aa95cf795384a7edc8f1bd1fb707235b,NC_027747,82.392,301,9.02E-65,261,NA,NA,Bolidophyceae,Parmales,Triparmaceae,Triparma,Triparma laevis
810,dbc71408b051c58581a93364bfd455d0,NC_027747,82.724,301,1.94E-66,267,NA,NA,Bolidophyceae,Parmales,Triparmaceae,Triparma,Triparma laevis
811,e54267934d928e95447926ee4f98654f,NC_027747,83.838,297,6.92E-71,281,NA,NA,Bolidophyceae,Parmales,Triparmaceae,Triparma,Triparma laevis
812,2edca24c3b0d78c14fc8ecc6c2537c5f,KR381878,82.428,313,1.50E-67,270,NA,Arthropoda,Insecta,Diptera,Mycetophilidae,Bolitophila,Bolitophila austriaca
813,4e76f88685f04b52b0e2172ff6141e68,MT654630,83.929,280,1.17E-63,257,Metazoa,Mollusca,Gastropoda,Stylommatophora,Ariophantidae,Asperitas,Asperitas trochus
814,80a3e15d8d0e5bc135191726ab5beebf,ON164668,83.451,284,9.02E-65,261,NA,Oomycota,NA,Pythiales,Pythiaceae,Globisporangium,Globisporangium sylvaticum
815,9f96aab919fa68b2519ef8a2a76e09dc,DQ465281,85.357,280,1.15E-73,291,NA,Arthropoda,Insecta,Diptera,Culicidae,Anopheles,Anopheles arabiensis
816,021ee85274849b2290c59dda4823fe8e,MG811651,83.688,282,1.94E-66,267,Metazoa,Cnidaria,Hydrozoa,Anthoathecata,Zancleidae,Zanclea,Zanclea implexa
817,0c55eaa7ff0db25e92781c60c6cebf0e,CP142599,94.249,313,2.29E-130,479,Fungi,Ascomycota,Eurotiomycetes,Eurotiales,Aspergillaceae,Penicillium,Penicillium coffeae
818,77ccabb85240c7b80de6536bd4dbc350,MT010913,99.681,313,1.02E-158,573,Fungi,Ascomycota,Sordariomycetes,Hypocreales,Nectriaceae,Fusarium,Fusarium globosum
819,7afc0272acd0fb5b70546491169b0cf9,MT010913,100,313,2.19E-160,579,Fungi,Ascomycota,Sordariomycetes,Hypocreales,Nectriaceae,Fusarium,Fusarium globosum
820,918d08fa4d06c5fe92ded8ea25dffb98,MT010913,99.681,313,1.02E-158,573,Fungi,Ascomycota,Sordariomycetes,Hypocreales,Nectriaceae,Fusarium,Fusarium globosum
821,03d53f03fb6fea3491570195c8e2b5cd,MK922345,83.923,311,6.87E-76,298,NA,NA,Pelagophyceae,Pelagomonadales,Pelagomonadaceae,Aureococcus,Aureococcus anophagefferens
822,1f03b5facdc4db4f24b2465f623a19ae,MK922345,82.951,305,3.22E-69,276,NA,NA,Pelagophyceae,Pelagomonadales,Pelagomonadaceae,Aureococcus,Aureococcus anophagefferens
823,aba0f37c49d16d3539e622e3f2734f55,MK922345,83.28,311,1.49E-72,287,NA,NA,Pelagophyceae,Pelagomonadales,Pelagomonadaceae,Aureococcus,Aureococcus anophagefferens
824,b28f3429a587fa59bcb58fb79103c197,MK922345,85.39,308,1.47E-82,320,NA,NA,Pelagophyceae,Pelagomonadales,Pelagomonadaceae,Aureococcus,Aureococcus anophagefferens
825,38969c2a3d216245cadd044e167207f0,ON256545,82.623,305,5.39E-67,268,Metazoa,Mollusca,Gastropoda,NA,Ancylidae,Burnupia,Burnupia sp. UGSB 25228
826,964782014d372a6505a3689005f50109,ON256545,82.951,305,1.16E-68,274,Metazoa,Mollusca,Gastropoda,NA,Ancylidae,Burnupia,Burnupia sp. UGSB 25228
827,fa37520e63721285fcf23b49360ff94a,ON256545,82.295,305,2.51E-65,263,Metazoa,Mollusca,Gastropoda,NA,Ancylidae,Burnupia,Burnupia sp. UGSB 25228
828,395f7f94fe93e37a7c5d57d920e1f9a4,KR690193,81.848,303,1.51E-62,254,NA,Arthropoda,Insecta,Diptera,Agromyzidae,NA,Agromyzidae sp. BOLD-2016
829,39031d598f19ce8703df08cf97944534,KX496688,82.474,291,1.51E-62,254,Metazoa,Mollusca,Gastropoda,Littorinimorpha,Pomatiidae,Opisthosiphon,Opisthosiphon eleutheraense
830,0096515a0855fbacae9f4b6a91967ae1,LC632467,84.859,284,5.35E-72,285,Metazoa,Mollusca,Gastropoda,NA,Planorbidae,Gyraulus,Gyraulus soritai
831,7715ecd47d6e915d48b1016c8707820e,LC632472,83.217,286,3.24E-64,259,Metazoa,Mollusca,Gastropoda,NA,Planorbidae,Gyraulus,Gyraulus soritai
832,d0d446732b3fda14f68eda5950f9502e,LC632467,83.099,284,1.51E-62,254,Metazoa,Mollusca,Gastropoda,NA,Planorbidae,Gyraulus,Gyraulus soritai
833,7c4e7ceb0e9e641f5f870336fe94ca7c,NC_035825,83.226,310,1.92E-71,283,Fungi,Ascomycota,Arthoniomycetes,Arthoniales,Opegraphaceae,Opegrapha,Opegrapha vulgata
834,bddbe05904a6c1d3de3e302c6e5d39a3,NC_035825,83.548,310,4.14E-73,289,Fungi,Ascomycota,Arthoniomycetes,Arthoniales,Opegraphaceae,Opegrapha,Opegrapha vulgata
835,035c59d67804a2cd11eaecaa7b1b6e15,KM819500,82.109,313,5.39E-67,268,NA,Oomycota,NA,Pythiales,Pythiogetonaceae,Pythiogeton,Pythiogeton ramosum
836,52bc9dd321f4759e3b872b97ce726b5e,MN640580,82.857,315,2.49E-70,279,Fungi,Zoopagomycota,Entomophthoromycetes,Entomophthorales,Ancylistaceae,Conidiobolus,Conidiobolus sp.
837,c42fd7702e26051454898b30024d2d52,MN640580,82.54,315,1.16E-68,274,Fungi,Zoopagomycota,Entomophthoromycetes,Entomophthorales,Ancylistaceae,Conidiobolus,Conidiobolus sp.
838,daa894dd81437b9d9019cc2650749612,MN640580,82.54,315,1.16E-68,274,Fungi,Zoopagomycota,Entomophthoromycetes,Entomophthorales,Ancylistaceae,Conidiobolus,Conidiobolus sp.
839,f3e39bd9f04f389761d4d684ba8dbd92,MN640580,82.54,315,1.16E-68,274,Fungi,Zoopagomycota,Entomophthoromycetes,Entomophthorales,Ancylistaceae,Conidiobolus,Conidiobolus sp.
840,715e0bfed7576127e4ea3c481be625ea,NC_029206,82.109,313,1.94E-66,267,NA,NA,Phaeophyceae,Laminariales,Laminariaceae,Saccharina,Saccharina sculpera
841,4bcf423f4ac61bc7c7e68f67f5f71361,MN593345,92.652,313,4.98E-122,451,Fungi,Ascomycota,Eurotiomycetes,Chaetothyriales,Trichomeriaceae,Arthrocladium,Arthrocladium fulminans
842,afb5229ebd49f3353a6a2ca008cd554f,MN593345,90.096,313,1.09E-108,407,Fungi,Ascomycota,Eurotiomycetes,Chaetothyriales,Trichomeriaceae,Arthrocladium,Arthrocladium fulminans
843,e397784e1cc66260e4f20c1f71ef5dc7,MN593345,89.776,313,5.09E-107,401,Fungi,Ascomycota,Eurotiomycetes,Chaetothyriales,Trichomeriaceae,Arthrocladium,Arthrocladium fulminans
844,033d24a8352c7b96daf23b93fb8145a5,KF543357,98.734,316,2.23E-155,562,NA,NA,Dinophyceae,Gonyaulacales,Amphidomataceae,Azadinium,Azadinium dalianense
845,0a1c5979487adf511ee49fce14650e36,KF543357,99.367,316,1.03E-158,573,NA,NA,Dinophyceae,Gonyaulacales,Amphidomataceae,Azadinium,Azadinium dalianense
846,2061fd42ba025b54da2ceec206864138,KF543357,99.684,316,2.22E-160,579,NA,NA,Dinophyceae,Gonyaulacales,Amphidomataceae,Azadinium,Azadinium dalianense
847,2f908f6126c0c5cb2f0bf28e59b21dce,KF543357,97.468,316,1.05E-148,540,NA,NA,Dinophyceae,Gonyaulacales,Amphidomataceae,Azadinium,Azadinium dalianense
848,4181c0dd7a70a56edfa51c38bad60916,KF543357,99.683,315,7.97E-160,577,NA,NA,Dinophyceae,Gonyaulacales,Amphidomataceae,Azadinium,Azadinium dalianense
849,447cb867d299c3677fe9c365c34e1a77,KF543357,96.53,317,1.05E-143,523,NA,NA,Dinophyceae,Gonyaulacales,Amphidomataceae,Azadinium,Azadinium dalianense
850,4ffc8b334e501e27f42e3519eb123d32,KF543357,99.684,316,2.22E-160,579,NA,NA,Dinophyceae,Gonyaulacales,Amphidomataceae,Azadinium,Azadinium dalianense
851,68db54fe5fac00262475dc6f9c6700f1,KF543357,95.253,316,1.77E-136,499,NA,NA,Dinophyceae,Gonyaulacales,Amphidomataceae,Azadinium,Azadinium dalianense
852,6b5f7fb363c6b2e1f389b52946031f09,KF543357,96.519,316,1.05E-143,523,NA,NA,Dinophyceae,Gonyaulacales,Amphidomataceae,Azadinium,Azadinium dalianense
853,7055410a81a4eaa7812ebc80a8db1540,KF543357,96.845,317,2.26E-145,529,NA,NA,Dinophyceae,Gonyaulacales,Amphidomataceae,Azadinium,Azadinium dalianense
854,7a87a017b906d3f90e974e921844fc99,KF543357,99.367,316,1.03E-158,573,NA,NA,Dinophyceae,Gonyaulacales,Amphidomataceae,Azadinium,Azadinium dalianense
855,82d68780f20b5964f2101dc1131b1d14,KF543357,100,316,4.76E-162,584,NA,NA,Dinophyceae,Gonyaulacales,Amphidomataceae,Azadinium,Azadinium dalianense
856,864a1218a291dc6e16602c761f0e337e,KF543357,98.734,316,2.23E-155,562,NA,NA,Dinophyceae,Gonyaulacales,Amphidomataceae,Azadinium,Azadinium dalianense
857,95b2431f93ae2ad6841540d28e858222,KF543357,97.468,316,1.05E-148,540,NA,NA,Dinophyceae,Gonyaulacales,Amphidomataceae,Azadinium,Azadinium dalianense
858,9e2edb8dbea0fcd14a31693d3f10f184,KF543357,97.152,316,4.86E-147,534,NA,NA,Dinophyceae,Gonyaulacales,Amphidomataceae,Azadinium,Azadinium dalianense
859,a3369219c9e14178a1e39c4221feec6d,KF543357,94.953,317,2.29E-135,496,NA,NA,Dinophyceae,Gonyaulacales,Amphidomataceae,Azadinium,Azadinium dalianense
860,a76fe9447966e4847704fcadba534597,KF543357,97.785,316,2.25E-150,545,NA,NA,Dinophyceae,Gonyaulacales,Amphidomataceae,Azadinium,Azadinium dalianense
861,aed572dfb21b18a86813d8a9b31c4723,KF543357,97.152,316,4.86E-147,534,NA,NA,Dinophyceae,Gonyaulacales,Amphidomataceae,Azadinium,Azadinium dalianense
862,c270f44374e4d2b78eab0dfe1b532091,KF543357,98.734,316,2.23E-155,562,NA,NA,Dinophyceae,Gonyaulacales,Amphidomataceae,Azadinium,Azadinium dalianense
863,c57537e8e5ca9e68060e54a24b19d8ac,KF543357,95.268,317,4.93E-137,501,NA,NA,Dinophyceae,Gonyaulacales,Amphidomataceae,Azadinium,Azadinium dalianense
864,c6c867d3a6776aed5cd4f903acf771fa,KF543357,99.684,316,2.22E-160,579,NA,NA,Dinophyceae,Gonyaulacales,Amphidomataceae,Azadinium,Azadinium dalianense
865,cad5507cba7d9d4c5e2f79822d4a7bf3,KF543357,97.468,316,1.05E-148,540,NA,NA,Dinophyceae,Gonyaulacales,Amphidomataceae,Azadinium,Azadinium dalianense
866,d3cc20099caae14c82a5f576f830b9fc,KF543357,97.778,315,8.05E-150,544,NA,NA,Dinophyceae,Gonyaulacales,Amphidomataceae,Azadinium,Azadinium dalianense
867,daba229390428a84775c85d1485fd3c7,KF543357,95.57,316,1.06E-138,507,NA,NA,Dinophyceae,Gonyaulacales,Amphidomataceae,Azadinium,Azadinium dalianense
868,eb30f899061834da46991ddc2e39c792,KF543357,99.367,316,1.03E-158,573,NA,NA,Dinophyceae,Gonyaulacales,Amphidomataceae,Azadinium,Azadinium dalianense
869,221ad2ee8224cebc66366ab454946777,OM453928,99.684,316,2.22E-160,579,NA,NA,Dinophyceae,Suessiales,Biecheleriaceae,Biecheleria,Biecheleria cincta
870,cb14ea2c99e550f0afc1986d09ad78b0,OM453928,99.684,316,2.22E-160,579,NA,NA,Dinophyceae,Suessiales,Biecheleriaceae,Biecheleria,Biecheleria cincta
871,db96086d3340fb7d7558027cb01ea6cc,OM453928,100,316,4.76E-162,584,NA,NA,Dinophyceae,Suessiales,Biecheleriaceae,Biecheleria,Biecheleria cincta
872,7ae8e4272bb3875fdc831355cd3748bc,HQ317083,85.304,313,1.13E-83,324,NA,Bacillariophyta,Bacillariophyceae,Bacillariales,Bacillariaceae,Nitzschia,Nitzschia frustulum
873,53ecac86cffd721cf30fb8714607fe11,NC_032302,97.125,313,2.24E-145,529,Fungi,Ascomycota,Sordariomycetes,Hypocreales,Cordycipitaceae,Parengyodontium,Parengyodontium album
874,063502156267fff3daa92c25f7b12f8c,MH136944,83.713,307,4.14E-73,289,NA,Oomycota,NA,Peronosporales,Peronosporaceae,Phytophthora,Phytophthora niederhauseri
875,1301d4ded1e086d4a3dd9e9492bd1d4a,MH136944,83.062,307,8.95E-70,278,NA,Oomycota,NA,Peronosporales,Peronosporaceae,Phytophthora,Phytophthora niederhauseri
876,145d8b07a9019a3171b14b55e54107c3,MH136944,83.388,307,1.92E-71,283,NA,Oomycota,NA,Peronosporales,Peronosporaceae,Phytophthora,Phytophthora niederhauseri
877,1eed13ccaf83a46aa3f91d9fc4d98adb,MH136944,83.388,307,1.92E-71,283,NA,Oomycota,NA,Peronosporales,Peronosporaceae,Phytophthora,Phytophthora niederhauseri
878,34f2a30dc9dcb24180c5824ae55b942b,MH136944,83.713,307,4.14E-73,289,NA,Oomycota,NA,Peronosporales,Peronosporaceae,Phytophthora,Phytophthora niederhauseri
879,4093b0f8052cca8152ab4d77a90bf98e,MH136944,83.062,307,8.95E-70,278,NA,Oomycota,NA,Peronosporales,Peronosporaceae,Phytophthora,Phytophthora niederhauseri
880,41a3aaa1d057e5672a6b7093ff078665,MH136944,83.388,307,1.92E-71,283,NA,Oomycota,NA,Peronosporales,Peronosporaceae,Phytophthora,Phytophthora niederhauseri
881,5bd5fb9d69b434b5f74aa64918370092,MH136944,83.388,307,1.92E-71,283,NA,Oomycota,NA,Peronosporales,Peronosporaceae,Phytophthora,Phytophthora niederhauseri
882,5e2fd18d7a905297cd0be7fa2cccd571,MH136944,83.713,307,4.14E-73,289,NA,Oomycota,NA,Peronosporales,Peronosporaceae,Phytophthora,Phytophthora niederhauseri
883,60756fbb0f85afb01fab6159271c5888,MH136944,83.713,307,4.14E-73,289,NA,Oomycota,NA,Peronosporales,Peronosporaceae,Phytophthora,Phytophthora niederhauseri
884,66a5de184c72e1d6213c1d78e7edfd23,MH136944,83.333,294,1.50E-67,270,NA,Oomycota,NA,Peronosporales,Peronosporaceae,Phytophthora,Phytophthora niederhauseri
885,8fbce182668fd3f515588ed909bb239e,MH136944,83.062,307,8.95E-70,278,NA,Oomycota,NA,Peronosporales,Peronosporaceae,Phytophthora,Phytophthora niederhauseri
886,a25c03e97090d4d6f6ffb640f26c1e48,MH136944,83.713,307,4.14E-73,289,NA,Oomycota,NA,Peronosporales,Peronosporaceae,Phytophthora,Phytophthora niederhauseri
887,a32881b4ba3175d6801f6d8762b1cc5a,MH136944,83.388,307,1.92E-71,283,NA,Oomycota,NA,Peronosporales,Peronosporaceae,Phytophthora,Phytophthora niederhauseri
888,aa409a43c70986c112a0ea3350fc6f95,MH136944,83.713,307,4.14E-73,289,NA,Oomycota,NA,Peronosporales,Peronosporaceae,Phytophthora,Phytophthora niederhauseri
889,aa46c907f39e767f965eee624cf78fdb,MH136944,83.388,307,1.92E-71,283,NA,Oomycota,NA,Peronosporales,Peronosporaceae,Phytophthora,Phytophthora niederhauseri
890,f14c292702ab4e169bd8ef7ffafd053e,MH136944,84.039,307,8.89E-75,294,NA,Oomycota,NA,Peronosporales,Peronosporaceae,Phytophthora,Phytophthora niederhauseri
891,fc2f55213642679ec1c42e1a543e0cac,MH136944,83.713,307,4.14E-73,289,NA,Oomycota,NA,Peronosporales,Peronosporaceae,Phytophthora,Phytophthora niederhauseri
892,04e23bae0371ccb8619b79437bf0726f,NC_085239,81.587,315,1.17E-63,257,Fungi,Mucoromycota,Mucoromycetes,Mucorales,Backusellaceae,Backusella,Backusella lamprospora
893,0854161e4c30f14be1b63c525ef188f2,NC_085239,81.27,315,5.43E-62,252,Fungi,Mucoromycota,Mucoromycetes,Mucorales,Backusellaceae,Backusella,Backusella lamprospora
894,116da3e19f32e49bc133b561152f2e6a,NC_085239,81.587,315,1.17E-63,257,Fungi,Mucoromycota,Mucoromycetes,Mucorales,Backusellaceae,Backusella,Backusella lamprospora
895,12e8a0b70a65f201619863d3540775d0,NC_085239,81.587,315,1.17E-63,257,Fungi,Mucoromycota,Mucoromycetes,Mucorales,Backusellaceae,Backusella,Backusella lamprospora
896,18ca10d30af207eb8752fc325f1a51d4,NC_085239,82.313,294,4.19E-63,255,Fungi,Mucoromycota,Mucoromycetes,Mucorales,Backusellaceae,Backusella,Backusella lamprospora
897,65bbc82fdedc7602dc4d4672cc397440,NC_085239,81.587,315,1.17E-63,257,Fungi,Mucoromycota,Mucoromycetes,Mucorales,Backusellaceae,Backusella,Backusella lamprospora
898,6fadd211defbdfcf33c902c85bcd1b2c,NC_085239,81.27,315,5.43E-62,252,Fungi,Mucoromycota,Mucoromycetes,Mucorales,Backusellaceae,Backusella,Backusella lamprospora
899,db39b7fe66d7315d9da92dd3d616fd51,NC_085239,82.274,299,4.19E-63,255,Fungi,Mucoromycota,Mucoromycetes,Mucorales,Backusellaceae,Backusella,Backusella lamprospora
900,dcd37a8bf6ec18be384a18c15fedf038,NC_085239,81.27,315,5.43E-62,252,Fungi,Mucoromycota,Mucoromycetes,Mucorales,Backusellaceae,Backusella,Backusella lamprospora
901,efa40331cd9672938f9ba122184c0ad2,NC_085239,81.27,315,5.43E-62,252,Fungi,Mucoromycota,Mucoromycetes,Mucorales,Backusellaceae,Backusella,Backusella lamprospora
902,523534f6dff01b7bb129b826887671d2,HF562263,82.748,313,8.95E-70,278,NA,Bacillariophyta,Bacillariophyceae,Naviculales,Amphipleuraceae,Frustulia,Frustulia gondwana
903,186c6b51f54f95294554ac494ed390d4,KF715874,99.02,306,1.72E-151,549,Metazoa,Arthropoda,Hexanauplia,Calanoida,Paracalanidae,Delibus,Delibus sp. V128.D1b
904,a4914f7d6d643594789a1412dfc8e6bb,MK086010,99.681,313,1.02E-158,573,Viridiplantae,Chlorophyta,Chloropicophyceae,Chloropicales,Chloropicaceae,Chloroparvula,Chloroparvula sp. RCC4572
905,184b0b455079752cf054d067e8b8b3b9,MK085999,99.681,313,1.02E-158,573,Viridiplantae,Chlorophyta,Chloropicophyceae,Chloropicales,Chloropicaceae,Chloroparvula,Chloroparvula sp. RCC696
906,e763e37b6878da71712df6f606ef5734,MK085999,100,313,2.19E-160,579,Viridiplantae,Chlorophyta,Chloropicophyceae,Chloropicales,Chloropicaceae,Chloroparvula,Chloroparvula sp. RCC696
907,f070173ee38ee5d1a009622a651c01f6,MK085999,99.361,313,4.74E-157,568,Viridiplantae,Chlorophyta,Chloropicophyceae,Chloropicales,Chloropicaceae,Chloroparvula,Chloroparvula sp. RCC696
908,2d722c81d6e7a2112703ab9842fbcd36,MK086002,99.042,313,2.21E-155,562,Viridiplantae,Chlorophyta,Chloropicophyceae,Chloropicales,Chloropicaceae,Chloroparvula,Chloroparvula sp. RCC999
909,b71238556b49569214aad4c126ad8840,MK086002,99.042,313,2.21E-155,562,Viridiplantae,Chlorophyta,Chloropicophyceae,Chloropicales,Chloropicaceae,Chloroparvula,Chloroparvula sp. RCC999
910,d585d2db7ae6f291ab6d021d86f25957,CP034494,100,304,2.14E-155,562,NA,NA,NA,NA,NA,NA,eukaryotic synthetic construct
911,cb6949cf470fcc6461e61d8b8bb4a871,OM546092,81.667,300,1.95E-61,250,Metazoa,Arthropoda,Insecta,Diptera,Limoniidae,NA,Limoniidae sp.
912,467e52b01d19d98f14003940cc6fc242,PP817203,84.564,298,1.15E-73,291,NA,NA,Phaeophyceae,Ectocarpales,Scytosiphonaceae,Colpomenia,Colpomenia sinuosa
913,73423137e63e4a13e49c6b8d7c1e9684,PP817203,82.877,292,3.24E-64,259,NA,NA,Phaeophyceae,Ectocarpales,Scytosiphonaceae,Colpomenia,Colpomenia sinuosa
914,e52084b542739725c481672b974f3701,PP817203,82.534,292,1.51E-62,254,NA,NA,Phaeophyceae,Ectocarpales,Scytosiphonaceae,Colpomenia,Colpomenia sinuosa
915,b6270651f9855b76cc5bca4087aa99c3,MN690515,81.877,309,1.49E-62,254,Metazoa,Chaetognatha,Sagittoidea,Aphragmophora,Sagittidae,Zonosagitta,Zonosagitta bedoti
916,28a63619c83752db0dbe059747844c74,KY951518,81.09,312,1.95E-61,250,Fungi,Basidiomycota,Agaricomycetes,Agaricales,Pleurotaceae,Pleurotus,Pleurotus eryngii
917,d1e4f58bf97cccf7a451fb99acbb3e6b,KY951518,81.09,312,1.95E-61,250,Fungi,Basidiomycota,Agaricomycetes,Agaricales,Pleurotaceae,Pleurotus,Pleurotus eryngii
918,e78341b2b19d6f1d9b2d5606ce5e688b,KY951518,81.35,311,1.51E-62,254,Fungi,Basidiomycota,Agaricomycetes,Agaricales,Pleurotaceae,Pleurotus,Pleurotus eryngii
919,66b375e1f08dc65c6f7edc53c3c7637b,MN661341,99.361,313,4.74E-157,568,Fungi,Ascomycota,Dothideomycetes,Cladosporiales,Cladosporiaceae,Cladosporium,Cladosporium cladosporioides
920,NA,NA,NA,NA,NA,NA,Fungi,Ascomycota,Leotiomycetes,Erysiphales,Erysiphaceae,Blumeria,Blumeria graminis
921,7c0cc6a85a39c5caed378115df27357e,GQ501218,99.367,316,1.03E-158,573,NA,NA,Dinophyceae,Gonyaulacales,Gonyaulacaceae,Gonyaulax,Gonyaulax spinifera
922,16c7f93f72a7e2372244d09b1c43c152,GQ501234,98.101,316,4.83E-152,551,NA,NA,Dinophyceae,Gymnodiniales,Gymnodiniaceae,Lepidodinium,Lepidodinium chlorophorum
923,2ef7a2f92126e5b3a0f36d2038ad2818,GQ501234,98.734,316,2.23E-155,562,NA,NA,Dinophyceae,Gymnodiniales,Gymnodiniaceae,Lepidodinium,Lepidodinium chlorophorum
924,3b44217750ed5a6112a232354e338e12,GQ501234,99.051,316,4.79E-157,568,NA,NA,Dinophyceae,Gymnodiniales,Gymnodiniaceae,Lepidodinium,Lepidodinium chlorophorum
925,4f879c77f684cbc4ffd1d47b7106fe1b,GQ501234,97.785,316,2.25E-150,545,NA,NA,Dinophyceae,Gymnodiniales,Gymnodiniaceae,Lepidodinium,Lepidodinium chlorophorum
926,5ab58751efc8afb85edd1c763f362315,GQ501234,98.734,316,2.23E-155,562,NA,NA,Dinophyceae,Gymnodiniales,Gymnodiniaceae,Lepidodinium,Lepidodinium chlorophorum
927,7b913e10ebd2c2afaf28815e6352ef18,GQ501234,98.101,316,4.83E-152,551,NA,NA,Dinophyceae,Gymnodiniales,Gymnodiniaceae,Lepidodinium,Lepidodinium chlorophorum
928,95ef4fc21b250924b0c569aab04aad7c,GQ501234,93.464,306,1.36E-122,453,NA,NA,Dinophyceae,Gymnodiniales,Gymnodiniaceae,Lepidodinium,Lepidodinium chlorophorum
929,acb41ac5647e2568da747a3abc139f28,GQ501234,97.468,316,1.05E-148,540,NA,NA,Dinophyceae,Gymnodiniales,Gymnodiniaceae,Lepidodinium,Lepidodinium chlorophorum
930,b0d201e9c6ed6a4b5d3be55d9f83bda0,GQ501234,98.418,316,1.04E-153,556,NA,NA,Dinophyceae,Gymnodiniales,Gymnodiniaceae,Lepidodinium,Lepidodinium chlorophorum
931,be0a63e32f71c3a6675b19b87de90180,GQ501234,96.835,316,2.26E-145,529,NA,NA,Dinophyceae,Gymnodiniales,Gymnodiniaceae,Lepidodinium,Lepidodinium chlorophorum
932,ca0ee7fddda0d764bffde9c1d454f19f,GQ501234,98.095,315,1.73E-151,549,NA,NA,Dinophyceae,Gymnodiniales,Gymnodiniaceae,Lepidodinium,Lepidodinium chlorophorum
933,df0293d529a9a3cd6be390d7a22c69ea,GQ501234,97.134,314,2.27E-145,529,NA,NA,Dinophyceae,Gymnodiniales,Gymnodiniaceae,Lepidodinium,Lepidodinium chlorophorum
934,f863bbae58f2716271de7c4cbbb5b304,GQ501234,97.152,316,4.86E-147,534,NA,NA,Dinophyceae,Gymnodiniales,Gymnodiniaceae,Lepidodinium,Lepidodinium chlorophorum
935,031dc1e006530f560e8920b3438c1c90,AM850251,87.54,313,6.68E-96,364,NA,NA,Dictyochophyceae,Florenciellales,NA,Florenciella,Florenciella parvula
936,08b0d5cdbd4ace7d0b7cb95c1465565c,AM850251,82.848,309,8.95E-70,278,NA,NA,Dictyochophyceae,Florenciellales,NA,Florenciella,Florenciella parvula
937,0ae3d906d84567088df136804dc902a8,AM850251,82.315,311,6.97E-66,265,NA,NA,Dictyochophyceae,Florenciellales,NA,Florenciella,Florenciella parvula
938,1939567888951a77631fbbfe4556ac5c,AM850251,82.848,309,8.95E-70,278,NA,NA,Dictyochophyceae,Florenciellales,NA,Florenciella,Florenciella parvula
939,4e88d502ce1f48560164c7df95510f93,AM850251,89,300,1.11E-98,374,NA,NA,Dictyochophyceae,Florenciellales,NA,Florenciella,Florenciella parvula
940,61efcf8d46d97dce88dc50f2493bbd22,AM850251,83.226,310,2.49E-70,279,NA,NA,Dictyochophyceae,Florenciellales,NA,Florenciella,Florenciella parvula
941,71ee0b5dfcfb215a6946d740db6b2286,AM850251,86.129,310,5.24E-87,335,NA,NA,Dictyochophyceae,Florenciellales,NA,Florenciella,Florenciella parvula
942,82b7f07fd2377a13556046023719bd39,AM850251,82.524,309,4.16E-68,272,NA,NA,Dictyochophyceae,Florenciellales,NA,Florenciella,Florenciella parvula
943,885de1c402a3b11055b044d98721e87b,AM850251,86.928,306,2.42E-90,346,NA,NA,Dictyochophyceae,Florenciellales,NA,Florenciella,Florenciella parvula
944,bb7c60964e9733f39bd12bcdcb4c0b2d,AM850251,82.848,309,8.95E-70,278,NA,NA,Dictyochophyceae,Florenciellales,NA,Florenciella,Florenciella parvula
945,da625b198edef04937aa267f1e6d51b1,AM850251,86.601,306,1.13E-88,340,NA,NA,Dictyochophyceae,Florenciellales,NA,Florenciella,Florenciella parvula
946,f67f2d22476ab591acae49b151d9214b,AM850251,85.256,312,1.13E-83,324,NA,NA,Dictyochophyceae,Florenciellales,NA,Florenciella,Florenciella parvula
947,686ea4f85ff7364dd35f3096d6756b30,MK990594,93.291,313,2.30E-125,462,NA,Discosea,Flabellinia,Dactylopodida,Paramoebidae,Paramoeba,Paramoeba branchiphila
948,76ed4321fada2142fea11682358c170e,MK990594,93.93,313,1.06E-128,473,NA,Discosea,Flabellinia,Dactylopodida,Paramoebidae,Paramoeba,Paramoeba branchiphila
949,969986d08f3e3e6261560f229361e09a,MK990594,93.61,313,4.95E-127,468,NA,Discosea,Flabellinia,Dactylopodida,Paramoebidae,Paramoeba,Paramoeba branchiphila
950,b55c20d632c5da28408b0eb73fa0d59b,MK990594,94.249,313,2.29E-130,479,NA,Discosea,Flabellinia,Dactylopodida,Paramoebidae,Paramoeba,Paramoeba branchiphila
951,107ddd846e10f0c646cc1ac8c74bc2fc,NC_042603,96.154,312,8.11E-140,510,Viridiplantae,Chlorophyta,Chloropicophyceae,Chloropicales,Chloropicaceae,Chloroparvula,Chloroparvula pacifica
952,212f77b75f94422feee941358b133d05,HF562256,85.669,314,2.44E-85,329,NA,Bacillariophyta,Bacillariophyceae,Naviculales,Amphipleuraceae,Frustulia,Frustulia vulgaris
953,388e2178539cee98d9323eaa11e3e6bc,HF562256,85.35,314,1.13E-83,324,NA,Bacillariophyta,Bacillariophyceae,Naviculales,Amphipleuraceae,Frustulia,Frustulia vulgaris
954,fef16d28efee218f377c1ca197b42c80,NC_063455,85,280,5.35E-72,285,NA,Bacillariophyta,Mediophyceae,Lithodesmiales,Lithodesmiaceae,Helicotheca,Helicotheca tamesis
955,88ba678ebf07a8a99beb1564e6579f80,OP233115,84.192,291,2.49E-70,279,Metazoa,Mollusca,Gastropoda,NA,Planorbidae,Bulinus,Bulinus ugandae
956,0267dba327cf5f1a9222d148716c9d49,MW224256,83.946,299,1.49E-72,287,NA,NA,Phaeophyceae,Dictyotales,Dictyotaceae,Dictyota,Dictyota sp. 45
957,0057cd68ac86835215d7e9bdd2fcd80a,CP031125,90.096,313,1.09E-108,407,NA,Pseudomonadota,Alphaproteobacteria,Candidatus Pelagibacterales,Candidatus Pelagibacteraceae,Candidatus Pelagibacter,Candidatus Pelagibacter sp. FZCC0015
958,011a2b68a5dd28f640c6eca6a5a43817,CP031125,93.59,312,1.78E-126,466,NA,Pseudomonadota,Alphaproteobacteria,Candidatus Pelagibacterales,Candidatus Pelagibacteraceae,Candidatus Pelagibacter,Candidatus Pelagibacter sp. FZCC0015
959,015a8a1ccf56755d6767de8ddb601e87,CP031125,93.93,313,1.06E-128,473,NA,Pseudomonadota,Alphaproteobacteria,Candidatus Pelagibacterales,Candidatus Pelagibacteraceae,Candidatus Pelagibacter,Candidatus Pelagibacter sp. FZCC0015
960,01a8d0493adfb91fb101173f7c00b093,CP031125,95.208,313,2.27E-135,496,NA,Pseudomonadota,Alphaproteobacteria,Candidatus Pelagibacterales,Candidatus Pelagibacteraceae,Candidatus Pelagibacter,Candidatus Pelagibacter sp. FZCC0015
961,027b77c76fc4f3a1b1ae5282a9514bf7,CP031125,92.652,313,4.98E-122,451,NA,Pseudomonadota,Alphaproteobacteria,Candidatus Pelagibacterales,Candidatus Pelagibacteraceae,Candidatus Pelagibacter,Candidatus Pelagibacter sp. FZCC0015
962,029eaf15ff1d29751b32b7e3b48af608,CP031125,96.474,312,1.74E-141,516,NA,Pseudomonadota,Alphaproteobacteria,Candidatus Pelagibacterales,Candidatus Pelagibacteraceae,Candidatus Pelagibacter,Candidatus Pelagibacter sp. FZCC0015
963,02d7169a1117f51339083ed4e2705eea,CP031125,86.495,311,3.13E-89,342,NA,Pseudomonadota,Alphaproteobacteria,Candidatus Pelagibacterales,Candidatus Pelagibacteraceae,Candidatus Pelagibacter,Candidatus Pelagibacter sp. FZCC0015
964,04dfa1ece03ad0dade369851ec285380,CP031125,86.306,314,1.13E-88,340,NA,Pseudomonadota,Alphaproteobacteria,Candidatus Pelagibacterales,Candidatus Pelagibacteraceae,Candidatus Pelagibacter,Candidatus Pelagibacter sp. FZCC0015
965,09f20608d3e8ae92fecc389b85c4c600,CP031125,94.231,312,8.22E-130,477,NA,Pseudomonadota,Alphaproteobacteria,Candidatus Pelagibacterales,Candidatus Pelagibacteraceae,Candidatus Pelagibacter,Candidatus Pelagibacter sp. FZCC0015
966,0d0e788a5b3cec53a6ab6687e63e1b41,CP031125,95.192,312,8.17E-135,494,NA,Pseudomonadota,Alphaproteobacteria,Candidatus Pelagibacterales,Candidatus Pelagibacteraceae,Candidatus Pelagibacter,Candidatus Pelagibacter sp. FZCC0015
967,0d2b3d7df3485325f34cec6793e2c1e4,CP031125,93.93,313,1.06E-128,473,NA,Pseudomonadota,Alphaproteobacteria,Candidatus Pelagibacterales,Candidatus Pelagibacteraceae,Candidatus Pelagibacter,Candidatus Pelagibacter sp. FZCC0015
968,0f2b77fbedbe057e100afc966f534e58,CP031125,94.212,311,2.96E-129,475,NA,Pseudomonadota,Alphaproteobacteria,Candidatus Pelagibacterales,Candidatus Pelagibacteraceae,Candidatus Pelagibacter,Candidatus Pelagibacter sp. FZCC0015
969,1198e2cf5186e0f070ba9f2f387007cf,CP031125,95.847,313,1.05E-138,507,NA,Pseudomonadota,Alphaproteobacteria,Candidatus Pelagibacterales,Candidatus Pelagibacteraceae,Candidatus Pelagibacter,Candidatus Pelagibacter sp. FZCC0015
970,12e9353e960d9ef1d49bd53d976303b0,CP031125,87.5,312,8.64E-95,361,NA,Pseudomonadota,Alphaproteobacteria,Candidatus Pelagibacterales,Candidatus Pelagibacteraceae,Candidatus Pelagibacter,Candidatus Pelagibacter sp. FZCC0015
971,13504a356ae2ae6f4d20d6075c8a278a,CP031125,84.295,312,4.11E-78,305,NA,Pseudomonadota,Alphaproteobacteria,Candidatus Pelagibacterales,Candidatus Pelagibacteraceae,Candidatus Pelagibacter,Candidatus Pelagibacter sp. FZCC0015
972,17e6d1d07d0456aafcc0b3c044165575,CP031125,94.212,311,2.96E-129,475,NA,Pseudomonadota,Alphaproteobacteria,Candidatus Pelagibacterales,Candidatus Pelagibacteraceae,Candidatus Pelagibacter,Candidatus Pelagibacter sp. FZCC0015
973,1976a615d402e15348061681cc22c295,CP031125,93.93,313,1.06E-128,473,NA,Pseudomonadota,Alphaproteobacteria,Candidatus Pelagibacterales,Candidatus Pelagibacteraceae,Candidatus Pelagibacter,Candidatus Pelagibacter sp. FZCC0015
974,19b00a64b1d902670c600863c3cbb3c4,CP031125,94.249,313,2.29E-130,479,NA,Pseudomonadota,Alphaproteobacteria,Candidatus Pelagibacterales,Candidatus Pelagibacteraceae,Candidatus Pelagibacter,Candidatus Pelagibacter sp. FZCC0015
975,1cac95738864a80772a5c8606587ec2e,CP031125,93.91,312,3.83E-128,472,NA,Pseudomonadota,Alphaproteobacteria,Candidatus Pelagibacterales,Candidatus Pelagibacteraceae,Candidatus Pelagibacter,Candidatus Pelagibacter sp. FZCC0015
976,1ce68e3a38ab4932afafe5c6690c6137,CP031125,94.888,313,1.06E-133,490,NA,Pseudomonadota,Alphaproteobacteria,Candidatus Pelagibacterales,Candidatus Pelagibacteraceae,Candidatus Pelagibacter,Candidatus Pelagibacter sp. FZCC0015
977,1e9d164e2b6591d1cd7123a698dc5a3d,CP031125,92.308,312,8.34E-120,444,NA,Pseudomonadota,Alphaproteobacteria,Candidatus Pelagibacterales,Candidatus Pelagibacteraceae,Candidatus Pelagibacter,Candidatus Pelagibacter sp. FZCC0015
978,1f51a6672636b8eef668c234cc68504e,CP031125,93.269,312,8.28E-125,460,NA,Pseudomonadota,Alphaproteobacteria,Candidatus Pelagibacterales,Candidatus Pelagibacteraceae,Candidatus Pelagibacter,Candidatus Pelagibacter sp. FZCC0015
979,1fe41adabb19954fdd643d4068a5779c,CP031125,93.269,312,8.28E-125,460,NA,Pseudomonadota,Alphaproteobacteria,Candidatus Pelagibacterales,Candidatus Pelagibacteraceae,Candidatus Pelagibacter,Candidatus Pelagibacter sp. FZCC0015
980,20019a141f2b09f36fb1ebb9b4803cca,CP031125,95.527,313,4.88E-137,501,NA,Pseudomonadota,Alphaproteobacteria,Candidatus Pelagibacterales,Candidatus Pelagibacteraceae,Candidatus Pelagibacter,Candidatus Pelagibacter sp. FZCC0015
981,212173e141160ad8bfe2ba5f7285ca76,CP031125,92.971,313,1.07E-123,457,NA,Pseudomonadota,Alphaproteobacteria,Candidatus Pelagibacterales,Candidatus Pelagibacteraceae,Candidatus Pelagibacter,Candidatus Pelagibacter sp. FZCC0015
982,213793ae6571d63ceabaea6edcbe29ef,CP031125,95.513,312,1.76E-136,499,NA,Pseudomonadota,Alphaproteobacteria,Candidatus Pelagibacterales,Candidatus Pelagibacteraceae,Candidatus Pelagibacter,Candidatus Pelagibacter sp. FZCC0015
983,234fba90156c1b0a6a7dfcdb556647d3,CP031125,94.888,313,1.06E-133,490,NA,Pseudomonadota,Alphaproteobacteria,Candidatus Pelagibacterales,Candidatus Pelagibacteraceae,Candidatus Pelagibacter,Candidatus Pelagibacter sp. FZCC0015
984,26bf9b1abf12d3a199a841e25c476983,CP031125,95.527,313,4.88E-137,501,NA,Pseudomonadota,Alphaproteobacteria,Candidatus Pelagibacterales,Candidatus Pelagibacteraceae,Candidatus Pelagibacter,Candidatus Pelagibacter sp. FZCC0015
985,26e5c9dbdc2b16359633c27a35a3752d,CP031125,89.457,313,2.37E-105,396,NA,Pseudomonadota,Alphaproteobacteria,Candidatus Pelagibacterales,Candidatus Pelagibacteraceae,Candidatus Pelagibacter,Candidatus Pelagibacter sp. FZCC0015
986,279b818d425f015e392c93e6131ad184,CP031125,84.984,313,1.90E-81,316,NA,Pseudomonadota,Alphaproteobacteria,Candidatus Pelagibacterales,Candidatus Pelagibacteraceae,Candidatus Pelagibacter,Candidatus Pelagibacter sp. FZCC0015
987,2934551e8406ec34daa12e710ae0e805,CP031125,86.262,313,4.05E-88,339,NA,Pseudomonadota,Alphaproteobacteria,Candidatus Pelagibacterales,Candidatus Pelagibacteraceae,Candidatus Pelagibacter,Candidatus Pelagibacter sp. FZCC0015
988,299f253de31ccd0f8037d5d9e9560852,CP031125,95.208,313,2.27E-135,496,NA,Pseudomonadota,Alphaproteobacteria,Candidatus Pelagibacterales,Candidatus Pelagibacteraceae,Candidatus Pelagibacter,Candidatus Pelagibacter sp. FZCC0015
989,2a3afc5b05e1fc7e3944652cc50988c0,CP031125,93.291,313,2.30E-125,462,NA,Pseudomonadota,Alphaproteobacteria,Candidatus Pelagibacterales,Candidatus Pelagibacteraceae,Candidatus Pelagibacter,Candidatus Pelagibacter sp. FZCC0015
990,2b09aa63c5f0ef3e83195e5d5427813c,CP031125,92.332,313,2.32E-120,446,NA,Pseudomonadota,Alphaproteobacteria,Candidatus Pelagibacterales,Candidatus Pelagibacteraceae,Candidatus Pelagibacter,Candidatus Pelagibacter sp. FZCC0015
991,2c4d66387ff6f5db0b9e36a9bfabe283,CP031125,94.231,312,8.22E-130,477,NA,Pseudomonadota,Alphaproteobacteria,Candidatus Pelagibacterales,Candidatus Pelagibacteraceae,Candidatus Pelagibacter,Candidatus Pelagibacter sp. FZCC0015
992,2c9348438c26590880e5d0c573b8aca9,CP031125,94.249,313,2.29E-130,479,NA,Pseudomonadota,Alphaproteobacteria,Candidatus Pelagibacterales,Candidatus Pelagibacteraceae,Candidatus Pelagibacter,Candidatus Pelagibacter sp. FZCC0015
993,2c9c49a1d9d318adf247038782755146,CP031125,94.249,313,2.29E-130,479,NA,Pseudomonadota,Alphaproteobacteria,Candidatus Pelagibacterales,Candidatus Pelagibacteraceae,Candidatus Pelagibacter,Candidatus Pelagibacter sp. FZCC0015
994,2d6e169407ad22a5276c0e37cb74ed2c,CP031125,93.59,312,1.78E-126,466,NA,Pseudomonadota,Alphaproteobacteria,Candidatus Pelagibacterales,Candidatus Pelagibacteraceae,Candidatus Pelagibacter,Candidatus Pelagibacter sp. FZCC0015
995,2fae85d9b797ecf187b43e9467e90fe4,CP031125,95.208,313,2.27E-135,496,NA,Pseudomonadota,Alphaproteobacteria,Candidatus Pelagibacterales,Candidatus Pelagibacteraceae,Candidatus Pelagibacter,Candidatus Pelagibacter sp. FZCC0015
996,30f2c8f75c68270f2bc8c1960d6fd0e3,CP031125,95.847,313,1.05E-138,507,NA,Pseudomonadota,Alphaproteobacteria,Candidatus Pelagibacterales,Candidatus Pelagibacteraceae,Candidatus Pelagibacter,Candidatus Pelagibacter sp. FZCC0015
997,31e101c0085708e1538d426a248b9ae6,CP031125,94.888,313,1.06E-133,490,NA,Pseudomonadota,Alphaproteobacteria,Candidatus Pelagibacterales,Candidatus Pelagibacteraceae,Candidatus Pelagibacter,Candidatus Pelagibacter sp. FZCC0015
998,3240ca286c481f87126116459a2474ac,CP031125,83.439,314,4.14E-73,289,NA,Pseudomonadota,Alphaproteobacteria,Candidatus Pelagibacterales,Candidatus Pelagibacteraceae,Candidatus Pelagibacter,Candidatus Pelagibacter sp. FZCC0015
999,32b0b8a35835ff25a857e3570198ba7d,CP031125,94.551,312,1.77E-131,483,NA,Pseudomonadota,Alphaproteobacteria,Candidatus Pelagibacterales,Candidatus Pelagibacteraceae,Candidatus Pelagibacter,Candidatus Pelagibacter sp. FZCC0015
1000,32bfe4cea47d912139d2f00d4d99892f,CP031125,83.439,314,4.14E-73,289,NA,Pseudomonadota,Alphaproteobacteria,Candidatus Pelagibacterales,Candidatus Pelagibacteraceae,Candidatus Pelagibacter,Candidatus Pelagibacter sp. FZCC0015
1001,34cf84fa7105f73dd33d60132202032a,CP031125,94.888,313,1.06E-133,490,NA,Pseudomonadota,Alphaproteobacteria,Candidatus Pelagibacterales,Candidatus Pelagibacteraceae,Candidatus Pelagibacter,Candidatus Pelagibacter sp. FZCC0015
1002,34f4ebbab20491fbd62b1e58dfa0bb30,CP031125,93.93,313,1.06E-128,473,NA,Pseudomonadota,Alphaproteobacteria,Candidatus Pelagibacterales,Candidatus Pelagibacteraceae,Candidatus Pelagibacter,Candidatus Pelagibacter sp. FZCC0015
1003,36ecace5841f0c00fc04f5de92d90b4b,CP031125,93.891,311,1.38E-127,470,NA,Pseudomonadota,Alphaproteobacteria,Candidatus Pelagibacterales,Candidatus Pelagibacteraceae,Candidatus Pelagibacter,Candidatus Pelagibacter sp. FZCC0015
1004,3719b91880a1128c6a4843144481ed4a,CP031125,92.332,313,2.32E-120,446,NA,Pseudomonadota,Alphaproteobacteria,Candidatus Pelagibacterales,Candidatus Pelagibacteraceae,Candidatus Pelagibacter,Candidatus Pelagibacter sp. FZCC0015
1005,387fc71b08222a289e2e7c026848e047,CP031125,84.295,312,1.48E-77,303,NA,Pseudomonadota,Alphaproteobacteria,Candidatus Pelagibacterales,Candidatus Pelagibacteraceae,Candidatus Pelagibacter,Candidatus Pelagibacter sp. FZCC0015
1006,39a9668570b22356caa56b759f1f2bb5,CP031125,94.534,311,6.36E-131,481,NA,Pseudomonadota,Alphaproteobacteria,Candidatus Pelagibacterales,Candidatus Pelagibacteraceae,Candidatus Pelagibacter,Candidatus Pelagibacter sp. FZCC0015
1007,3a34bf123d6deec643d762a696c3c4e3,CP031125,95.527,313,4.88E-137,501,NA,Pseudomonadota,Alphaproteobacteria,Candidatus Pelagibacterales,Candidatus Pelagibacteraceae,Candidatus Pelagibacter,Candidatus Pelagibacter sp. FZCC0015
1008,3ae16e0800d13c6260958ba999248b5f,CP031125,94.231,312,8.22E-130,477,NA,Pseudomonadota,Alphaproteobacteria,Candidatus Pelagibacterales,Candidatus Pelagibacteraceae,Candidatus Pelagibacter,Candidatus Pelagibacter sp. FZCC0015
1009,3d03615ed718720e55528fcd6c78f1a5,CP031125,92.949,312,3.85E-123,455,NA,Pseudomonadota,Alphaproteobacteria,Candidatus Pelagibacterales,Candidatus Pelagibacteraceae,Candidatus Pelagibacter,Candidatus Pelagibacter sp. FZCC0015
1010,3d1030d1a31fd38985d72f9209ca19c5,CP031125,93.93,313,1.06E-128,473,NA,Pseudomonadota,Alphaproteobacteria,Candidatus Pelagibacterales,Candidatus Pelagibacteraceae,Candidatus Pelagibacter,Candidatus Pelagibacter sp. FZCC0015
1011,3de53271d02b6a9623687852446bb99c,CP031125,86.943,314,5.20E-92,351,NA,Pseudomonadota,Alphaproteobacteria,Candidatus Pelagibacterales,Candidatus Pelagibacteraceae,Candidatus Pelagibacter,Candidatus Pelagibacter sp. FZCC0015
1012,3e4ecdc69cbde03d479c888bd2037a5d,CP031125,94.231,312,8.22E-130,477,NA,Pseudomonadota,Alphaproteobacteria,Candidatus Pelagibacterales,Candidatus Pelagibacteraceae,Candidatus Pelagibacter,Candidatus Pelagibacter sp. FZCC0015
1013,3edc3d46baa16a4db1c4aa087b577128,CP031125,95.208,313,2.27E-135,496,NA,Pseudomonadota,Alphaproteobacteria,Candidatus Pelagibacterales,Candidatus Pelagibacteraceae,Candidatus Pelagibacter,Candidatus Pelagibacter sp. FZCC0015
1014,3fd93d2338fcb17bad2ce401cd350d15,CP031125,94.249,313,2.29E-130,479,NA,Pseudomonadota,Alphaproteobacteria,Candidatus Pelagibacterales,Candidatus Pelagibacteraceae,Candidatus Pelagibacter,Candidatus Pelagibacter sp. FZCC0015
1015,401b8397ca80d0fa6d90e0c3fb237277,CP031125,84.665,313,8.83E-80,311,NA,Pseudomonadota,Alphaproteobacteria,Candidatus Pelagibacterales,Candidatus Pelagibacteraceae,Candidatus Pelagibacter,Candidatus Pelagibacter sp. FZCC0015
1016,4046620bb845a51677bb1eaa443919d7,CP031125,82.803,314,8.95E-70,278,NA,Pseudomonadota,Alphaproteobacteria,Candidatus Pelagibacterales,Candidatus Pelagibacteraceae,Candidatus Pelagibacter,Candidatus Pelagibacter sp. FZCC0015
1017,406a4bcffd8a677544711f784dc9e5c5,CP031125,93.269,312,8.28E-125,460,NA,Pseudomonadota,Alphaproteobacteria,Candidatus Pelagibacterales,Candidatus Pelagibacteraceae,Candidatus Pelagibacter,Candidatus Pelagibacter sp. FZCC0015
1018,40b8b3466eb8273fdd691e55c7006e2b,CP031125,92.949,312,3.85E-123,455,NA,Pseudomonadota,Alphaproteobacteria,Candidatus Pelagibacterales,Candidatus Pelagibacteraceae,Candidatus Pelagibacter,Candidatus Pelagibacter sp. FZCC0015
1019,41e6693b91238f84b77dd996099edf83,CP031125,84.984,313,1.90E-81,316,NA,Pseudomonadota,Alphaproteobacteria,Candidatus Pelagibacterales,Candidatus Pelagibacteraceae,Candidatus Pelagibacter,Candidatus Pelagibacter sp. FZCC0015
1020,41fa625711b1b2a76e89162eafea65ac,CP031125,91.667,312,1.81E-116,433,NA,Pseudomonadota,Alphaproteobacteria,Candidatus Pelagibacterales,Candidatus Pelagibacteraceae,Candidatus Pelagibacter,Candidatus Pelagibacter sp. FZCC0015
1021,4289e46ec45cb30177035f513d725e88,CP031125,92.013,313,1.08E-118,440,NA,Pseudomonadota,Alphaproteobacteria,Candidatus Pelagibacterales,Candidatus Pelagibacteraceae,Candidatus Pelagibacter,Candidatus Pelagibacter sp. FZCC0015
1022,4436501fc72d0fbf5482c2837d2aac69,CP031125,93.93,313,1.06E-128,473,NA,Pseudomonadota,Alphaproteobacteria,Candidatus Pelagibacterales,Candidatus Pelagibacteraceae,Candidatus Pelagibacter,Candidatus Pelagibacter sp. FZCC0015
1023,465a0bee4718657f7ed5b5b297281348,CP031125,96.154,312,8.11E-140,510,NA,Pseudomonadota,Alphaproteobacteria,Candidatus Pelagibacterales,Candidatus Pelagibacteraceae,Candidatus Pelagibacter,Candidatus Pelagibacter sp. FZCC0015
1024,46cc1efc8312ca4a448e98e06d554525,CP031125,94.551,312,1.77E-131,483,NA,Pseudomonadota,Alphaproteobacteria,Candidatus Pelagibacterales,Candidatus Pelagibacteraceae,Candidatus Pelagibacter,Candidatus Pelagibacter sp. FZCC0015
1025,4754afa194ca5fe31be2121782dd87bf,CP031125,94.569,313,4.91E-132,484,NA,Pseudomonadota,Alphaproteobacteria,Candidatus Pelagibacterales,Candidatus Pelagibacteraceae,Candidatus Pelagibacter,Candidatus Pelagibacter sp. FZCC0015
1026,4805d385285e66692f4f0d1275c156ce,CP031125,92.971,313,1.07E-123,457,NA,Pseudomonadota,Alphaproteobacteria,Candidatus Pelagibacterales,Candidatus Pelagibacteraceae,Candidatus Pelagibacter,Candidatus Pelagibacter sp. FZCC0015
1027,48c7a7b4ef9c0d4a5ac9bbd55e91516e,CP031125,93.269,312,8.28E-125,460,NA,Pseudomonadota,Alphaproteobacteria,Candidatus Pelagibacterales,Candidatus Pelagibacteraceae,Candidatus Pelagibacter,Candidatus Pelagibacter sp. FZCC0015
1028,4a1033b94134bc0fbd5c3cd1b55a2e5b,CP031125,88.854,314,5.13E-102,385,NA,Pseudomonadota,Alphaproteobacteria,Candidatus Pelagibacterales,Candidatus Pelagibacteraceae,Candidatus Pelagibacter,Candidatus Pelagibacter sp. FZCC0015
1029,4a8b2d7f478560178d11d2cee574efec,CP031125,94.569,313,4.91E-132,484,NA,Pseudomonadota,Alphaproteobacteria,Candidatus Pelagibacterales,Candidatus Pelagibacteraceae,Candidatus Pelagibacter,Candidatus Pelagibacter sp. FZCC0015
1030,4a948dd541a4d964330c22befa72b046,CP031125,91.693,313,5.02E-117,435,NA,Pseudomonadota,Alphaproteobacteria,Candidatus Pelagibacterales,Candidatus Pelagibacteraceae,Candidatus Pelagibacter,Candidatus Pelagibacter sp. FZCC0015
1031,4aca26214fe50a68940129d36a8cf8e6,CP031125,94.249,313,2.29E-130,479,NA,Pseudomonadota,Alphaproteobacteria,Candidatus Pelagibacterales,Candidatus Pelagibacteraceae,Candidatus Pelagibacter,Candidatus Pelagibacter sp. FZCC0015
1032,4b37cc1e311085299e5184dc81701359,CP031125,93.91,312,3.83E-128,472,NA,Pseudomonadota,Alphaproteobacteria,Candidatus Pelagibacterales,Candidatus Pelagibacteraceae,Candidatus Pelagibacter,Candidatus Pelagibacter sp. FZCC0015
1033,4b9cefd89bd66595b3488b4b01975f82,CP031125,96.154,312,8.11E-140,510,NA,Pseudomonadota,Alphaproteobacteria,Candidatus Pelagibacterales,Candidatus Pelagibacteraceae,Candidatus Pelagibacter,Candidatus Pelagibacter sp. FZCC0015
1034,4c118133cb830efd34ee884700fe61c5,CP031125,94.888,313,1.06E-133,490,NA,Pseudomonadota,Alphaproteobacteria,Candidatus Pelagibacterales,Candidatus Pelagibacteraceae,Candidatus Pelagibacter,Candidatus Pelagibacter sp. FZCC0015
1035,4f6149cda1042023f91ba7314b3e5d8b,CP031125,95.208,313,2.27E-135,496,NA,Pseudomonadota,Alphaproteobacteria,Candidatus Pelagibacterales,Candidatus Pelagibacteraceae,Candidatus Pelagibacter,Candidatus Pelagibacter sp. FZCC0015
1036,51a9b0659f98eb78dd24e339e08a0fb8,CP031125,92.652,313,4.98E-122,451,NA,Pseudomonadota,Alphaproteobacteria,Candidatus Pelagibacterales,Candidatus Pelagibacteraceae,Candidatus Pelagibacter,Candidatus Pelagibacter sp. FZCC0015
1037,52ffcb80b95ea82f4bd9abb98bc8b98b,CP031125,92.332,313,2.32E-120,446,NA,Pseudomonadota,Alphaproteobacteria,Candidatus Pelagibacterales,Candidatus Pelagibacteraceae,Candidatus Pelagibacter,Candidatus Pelagibacter sp. FZCC0015
1038,537469b9251f4c9c7e1df83eaa1c496d,CP031125,94.888,313,1.06E-133,490,NA,Pseudomonadota,Alphaproteobacteria,Candidatus Pelagibacterales,Candidatus Pelagibacteraceae,Candidatus Pelagibacter,Candidatus Pelagibacter sp. FZCC0015
1039,57f1ded332e977ea2e218498df881516,CP031125,84.665,313,8.83E-80,311,NA,Pseudomonadota,Alphaproteobacteria,Candidatus Pelagibacterales,Candidatus Pelagibacteraceae,Candidatus Pelagibacter,Candidatus Pelagibacter sp. FZCC0015
1040,58a38e48bd0573f7a5af5758f2aadd68,CP031125,82.781,302,5.39E-67,268,NA,Pseudomonadota,Alphaproteobacteria,Candidatus Pelagibacterales,Candidatus Pelagibacteraceae,Candidatus Pelagibacter,Candidatus Pelagibacter sp. FZCC0015
1041,5af9bd176e85251f1f0ea661380e4778,CP031125,92.308,312,8.31E-120,444,NA,Pseudomonadota,Alphaproteobacteria,Candidatus Pelagibacterales,Candidatus Pelagibacteraceae,Candidatus Pelagibacter,Candidatus Pelagibacter sp. FZCC0015
1042,5e7ca9e85f2b58a2b0fc8f6437402a44,CP031125,91.693,313,5.02E-117,435,NA,Pseudomonadota,Alphaproteobacteria,Candidatus Pelagibacterales,Candidatus Pelagibacteraceae,Candidatus Pelagibacter,Candidatus Pelagibacter sp. FZCC0015
1043,62b9ea6e52ea9f0738d6cb98143847bc,CP031125,95.527,313,4.88E-137,501,NA,Pseudomonadota,Alphaproteobacteria,Candidatus Pelagibacterales,Candidatus Pelagibacteraceae,Candidatus Pelagibacter,Candidatus Pelagibacter sp. FZCC0015
1044,63dedfa901af877957a462ef8d415433,CP031125,95.208,313,2.27E-135,496,NA,Pseudomonadota,Alphaproteobacteria,Candidatus Pelagibacterales,Candidatus Pelagibacteraceae,Candidatus Pelagibacter,Candidatus Pelagibacter sp. FZCC0015
1045,64de5e4bc64d4b1c2f455919c8d9f340,CP031125,84.984,313,5.27E-82,318,NA,Pseudomonadota,Alphaproteobacteria,Candidatus Pelagibacterales,Candidatus Pelagibacteraceae,Candidatus Pelagibacter,Candidatus Pelagibacter sp. FZCC0015
1046,65764c6aca275f38becd5f908bd7d6a2,CP031125,92.971,313,1.07E-123,457,NA,Pseudomonadota,Alphaproteobacteria,Candidatus Pelagibacterales,Candidatus Pelagibacteraceae,Candidatus Pelagibacter,Candidatus Pelagibacter sp. FZCC0015
1047,65f82e8b796b1616ad06115957fd67c7,CP031125,92.949,312,3.85E-123,455,NA,Pseudomonadota,Alphaproteobacteria,Candidatus Pelagibacterales,Candidatus Pelagibacteraceae,Candidatus Pelagibacter,Candidatus Pelagibacter sp. FZCC0015
1048,66977c45693cd8cfdce1aeec7e1f701c,CP031125,94.551,312,1.77E-131,483,NA,Pseudomonadota,Alphaproteobacteria,Candidatus Pelagibacterales,Candidatus Pelagibacteraceae,Candidatus Pelagibacter,Candidatus Pelagibacter sp. FZCC0015
1049,67c22924146d34b8545009aa49ca426c,CP031125,87.179,312,4.01E-93,355,NA,Pseudomonadota,Alphaproteobacteria,Candidatus Pelagibacterales,Candidatus Pelagibacteraceae,Candidatus Pelagibacter,Candidatus Pelagibacter sp. FZCC0015
1050,682cd2c35eb4a9c0a1f4dff1b865c920,CP031125,94.231,312,8.22E-130,477,NA,Pseudomonadota,Alphaproteobacteria,Candidatus Pelagibacterales,Candidatus Pelagibacteraceae,Candidatus Pelagibacter,Candidatus Pelagibacter sp. FZCC0015
1051,68e0d4bc6bc9c410cef72208d13e3bc5,CP031125,93.93,313,1.06E-128,473,NA,Pseudomonadota,Alphaproteobacteria,Candidatus Pelagibacterales,Candidatus Pelagibacteraceae,Candidatus Pelagibacter,Candidatus Pelagibacter sp. FZCC0015
1052,69d5be28a2de09b3b424d3f25c2b45e6,CP031125,92.283,311,3.00E-119,442,NA,Pseudomonadota,Alphaproteobacteria,Candidatus Pelagibacterales,Candidatus Pelagibacteraceae,Candidatus Pelagibacter,Candidatus Pelagibacter sp. FZCC0015
1053,6c0453f9c695ee424fe4456e0723a5bc,CP031125,92.652,313,4.98E-122,451,NA,Pseudomonadota,Alphaproteobacteria,Candidatus Pelagibacterales,Candidatus Pelagibacteraceae,Candidatus Pelagibacter,Candidatus Pelagibacter sp. FZCC0015
1054,6c92e26482cc5e583f0fa16930b6fd5d,CP031125,84.395,314,1.48E-77,303,NA,Pseudomonadota,Alphaproteobacteria,Candidatus Pelagibacterales,Candidatus Pelagibacteraceae,Candidatus Pelagibacter,Candidatus Pelagibacter sp. FZCC0015
1055,6d616d584781735dbf4d30efa80f3079,CP031125,88.535,314,2.39E-100,379,NA,Pseudomonadota,Alphaproteobacteria,Candidatus Pelagibacterales,Candidatus Pelagibacteraceae,Candidatus Pelagibacter,Candidatus Pelagibacter sp. FZCC0015
1056,6e9d683b751a2cfe1419fd654fdd9fe8,CP031125,95.847,313,1.05E-138,507,NA,Pseudomonadota,Alphaproteobacteria,Candidatus Pelagibacterales,Candidatus Pelagibacteraceae,Candidatus Pelagibacter,Candidatus Pelagibacter sp. FZCC0015
1057,6eee979e82fad3e581f37b6c74eb0e39,CP031125,93.91,312,3.83E-128,472,NA,Pseudomonadota,Alphaproteobacteria,Candidatus Pelagibacterales,Candidatus Pelagibacteraceae,Candidatus Pelagibacter,Candidatus Pelagibacter sp. FZCC0015
1058,6f5ce734331b567139caadca2228313b,CP031125,92.628,312,1.79E-121,449,NA,Pseudomonadota,Alphaproteobacteria,Candidatus Pelagibacterales,Candidatus Pelagibacteraceae,Candidatus Pelagibacter,Candidatus Pelagibacter sp. FZCC0015
1059,710cf51ac37857b7b1cde62f04893957,CP031125,82.484,314,1.50E-67,270,NA,Pseudomonadota,Alphaproteobacteria,Candidatus Pelagibacterales,Candidatus Pelagibacteraceae,Candidatus Pelagibacter,Candidatus Pelagibacter sp. FZCC0015
1060,71eccd03391a988e251045beeb906ef3,CP031125,96.474,312,1.74E-141,516,NA,Pseudomonadota,Alphaproteobacteria,Candidatus Pelagibacterales,Candidatus Pelagibacteraceae,Candidatus Pelagibacter,Candidatus Pelagibacter sp. FZCC0015
1061,7469e09ad392e2885c6af7a7257b9830,CP031125,91.987,312,3.88E-118,438,NA,Pseudomonadota,Alphaproteobacteria,Candidatus Pelagibacterales,Candidatus Pelagibacteraceae,Candidatus Pelagibacter,Candidatus Pelagibacter sp. FZCC0015
1062,77716c2f5d67407301a2d12386eb1770,CP031125,93.269,312,8.28E-125,460,NA,Pseudomonadota,Alphaproteobacteria,Candidatus Pelagibacterales,Candidatus Pelagibacteraceae,Candidatus Pelagibacter,Candidatus Pelagibacter sp. FZCC0015
1063,78f0e983a8a44c8c486ab9f64b8164ed,CP031125,91.374,313,2.34E-115,429,NA,Pseudomonadota,Alphaproteobacteria,Candidatus Pelagibacterales,Candidatus Pelagibacteraceae,Candidatus Pelagibacter,Candidatus Pelagibacter sp. FZCC0015
1064,7a7bba883e0a1f660b145c7f7cba6710,CP031125,91.083,314,3.03E-114,425,NA,Pseudomonadota,Alphaproteobacteria,Candidatus Pelagibacterales,Candidatus Pelagibacteraceae,Candidatus Pelagibacter,Candidatus Pelagibacter sp. FZCC0015
1065,7ba519522fd2a40db776f9498c1590c9,CP031125,92.332,313,2.32E-120,446,NA,Pseudomonadota,Alphaproteobacteria,Candidatus Pelagibacterales,Candidatus Pelagibacteraceae,Candidatus Pelagibacter,Candidatus Pelagibacter sp. FZCC0015
1066,7c84a8408fb095a69f3a2082d1023e88,CP031125,95.527,313,4.88E-137,501,NA,Pseudomonadota,Alphaproteobacteria,Candidatus Pelagibacterales,Candidatus Pelagibacteraceae,Candidatus Pelagibacter,Candidatus Pelagibacter sp. FZCC0015
1067,7d7f64df8a19c15276d92c5b5d868c1f,CP031125,86.943,314,5.20E-92,351,NA,Pseudomonadota,Alphaproteobacteria,Candidatus Pelagibacterales,Candidatus Pelagibacteraceae,Candidatus Pelagibacter,Candidatus Pelagibacter sp. FZCC0015
1068,7fa95746e975027adc6ef1a98cfb06e7,CP031125,92.971,313,1.07E-123,457,NA,Pseudomonadota,Alphaproteobacteria,Candidatus Pelagibacterales,Candidatus Pelagibacteraceae,Candidatus Pelagibacter,Candidatus Pelagibacter sp. FZCC0015
1069,800d97990b5c036d0e988a07de8abad4,CP031125,93.891,311,1.38E-127,470,NA,Pseudomonadota,Alphaproteobacteria,Candidatus Pelagibacterales,Candidatus Pelagibacteraceae,Candidatus Pelagibacter,Candidatus Pelagibacter sp. FZCC0015
1070,81b7d4ac2dea66ae485cf38a8cd82e1f,CP031125,96.166,313,2.25E-140,512,NA,Pseudomonadota,Alphaproteobacteria,Candidatus Pelagibacterales,Candidatus Pelagibacteraceae,Candidatus Pelagibacter,Candidatus Pelagibacter sp. FZCC0015
1071,8399a4fe580aaca06e969b37e9b37824,CP031125,94.888,313,1.06E-133,490,NA,Pseudomonadota,Alphaproteobacteria,Candidatus Pelagibacterales,Candidatus Pelagibacteraceae,Candidatus Pelagibacter,Candidatus Pelagibacter sp. FZCC0015
1072,84320addbf24ed639ba2e90e4ff7b4ed,CP031125,83.387,313,4.14E-73,289,NA,Pseudomonadota,Alphaproteobacteria,Candidatus Pelagibacterales,Candidatus Pelagibacteraceae,Candidatus Pelagibacter,Candidatus Pelagibacter sp. FZCC0015
1073,844ae18c3b1c510bec71308ce4476079,CP031125,93.291,313,2.30E-125,462,NA,Pseudomonadota,Alphaproteobacteria,Candidatus Pelagibacterales,Candidatus Pelagibacteraceae,Candidatus Pelagibacter,Candidatus Pelagibacter sp. FZCC0015
1074,85282b0f0426e592217ce8bcb37b3de9,CP031125,93.61,313,4.95E-127,468,NA,Pseudomonadota,Alphaproteobacteria,Candidatus Pelagibacterales,Candidatus Pelagibacteraceae,Candidatus Pelagibacter,Candidatus Pelagibacter sp. FZCC0015
1075,856632009afef5f515a2157886361c66,CP031125,83.121,314,1.92E-71,283,NA,Pseudomonadota,Alphaproteobacteria,Candidatus Pelagibacterales,Candidatus Pelagibacteraceae,Candidatus Pelagibacter,Candidatus Pelagibacter sp. FZCC0015
1076,86b490b826d4178902a25ce79cbae233,CP031125,94.551,312,1.77E-131,483,NA,Pseudomonadota,Alphaproteobacteria,Candidatus Pelagibacterales,Candidatus Pelagibacteraceae,Candidatus Pelagibacter,Candidatus Pelagibacter sp. FZCC0015
1077,8b62102e5bb3d98ef099edeb2a23b235,CP031125,92.013,313,1.08E-118,440,NA,Pseudomonadota,Alphaproteobacteria,Candidatus Pelagibacterales,Candidatus Pelagibacteraceae,Candidatus Pelagibacter,Candidatus Pelagibacter sp. FZCC0015
1078,8df78666c1bc6bd03247c54403e188e5,CP031125,95.847,313,1.05E-138,507,NA,Pseudomonadota,Alphaproteobacteria,Candidatus Pelagibacterales,Candidatus Pelagibacteraceae,Candidatus Pelagibacter,Candidatus Pelagibacter sp. FZCC0015
1079,8f7725b416582bdbc03e76a1dc74adec,CP031125,85.623,313,8.76E-85,327,NA,Pseudomonadota,Alphaproteobacteria,Candidatus Pelagibacterales,Candidatus Pelagibacteraceae,Candidatus Pelagibacter,Candidatus Pelagibacter sp. FZCC0015
1080,8fa8cae4a5256aa6e054eef2a3568de5,CP031125,94.569,313,4.91E-132,484,NA,Pseudomonadota,Alphaproteobacteria,Candidatus Pelagibacterales,Candidatus Pelagibacteraceae,Candidatus Pelagibacter,Candidatus Pelagibacter sp. FZCC0015
1081,900167fe06dc3b6bd1163a8da3610a8a,CP031125,83.758,314,8.89E-75,294,NA,Pseudomonadota,Alphaproteobacteria,Candidatus Pelagibacterales,Candidatus Pelagibacteraceae,Candidatus Pelagibacter,Candidatus Pelagibacter sp. FZCC0015
1082,90169876ebc1e202d8d1060d4a48eae8,CP031125,83.706,313,8.89E-75,294,NA,Pseudomonadota,Alphaproteobacteria,Candidatus Pelagibacterales,Candidatus Pelagibacteraceae,Candidatus Pelagibacter,Candidatus Pelagibacter sp. FZCC0015
1083,9204d5dbefad247b0cc28c9e927906a3,CP031125,96.166,313,2.25E-140,512,NA,Pseudomonadota,Alphaproteobacteria,Candidatus Pelagibacterales,Candidatus Pelagibacteraceae,Candidatus Pelagibacter,Candidatus Pelagibacter sp. FZCC0015
1084,923ae208a1ded4fe57e3cc9a7b0d5a4b,CP031125,92.013,313,1.08E-118,440,NA,Pseudomonadota,Alphaproteobacteria,Candidatus Pelagibacterales,Candidatus Pelagibacteraceae,Candidatus Pelagibacter,Candidatus Pelagibacter sp. FZCC0015
1085,923e146b7a4fd0558c3dfea4e896bbc5,CP031125,95.192,312,8.17E-135,494,NA,Pseudomonadota,Alphaproteobacteria,Candidatus Pelagibacterales,Candidatus Pelagibacteraceae,Candidatus Pelagibacter,Candidatus Pelagibacter sp. FZCC0015
1086,925293ae9a9666df8e725beb62951487,CP031125,95.513,312,1.76E-136,499,NA,Pseudomonadota,Alphaproteobacteria,Candidatus Pelagibacterales,Candidatus Pelagibacteraceae,Candidatus Pelagibacter,Candidatus Pelagibacter sp. FZCC0015
1087,92a02ea54a6eeb60e2f64c4f0f18607f,CP031125,95.833,312,3.77E-138,505,NA,Pseudomonadota,Alphaproteobacteria,Candidatus Pelagibacterales,Candidatus Pelagibacteraceae,Candidatus Pelagibacter,Candidatus Pelagibacter sp. FZCC0015
1088,931d78cde76d9cbf82f3348fed68e10a,CP031125,87.261,314,1.12E-93,357,NA,Pseudomonadota,Alphaproteobacteria,Candidatus Pelagibacterales,Candidatus Pelagibacteraceae,Candidatus Pelagibacter,Candidatus Pelagibacter sp. FZCC0015
1089,93a92a6ea424e1f983789be078a8035b,CP031125,91.987,312,3.88E-118,438,NA,Pseudomonadota,Alphaproteobacteria,Candidatus Pelagibacterales,Candidatus Pelagibacteraceae,Candidatus Pelagibacter,Candidatus Pelagibacter sp. FZCC0015
1090,955740f8a3496c30140788d00727f780,CP031125,90.415,313,2.35E-110,412,NA,Pseudomonadota,Alphaproteobacteria,Candidatus Pelagibacterales,Candidatus Pelagibacteraceae,Candidatus Pelagibacter,Candidatus Pelagibacter sp. FZCC0015
1091,97f87a6eca44b2cc637a47d4a9db68c7,CP031125,83.067,313,1.92E-71,283,NA,Pseudomonadota,Alphaproteobacteria,Candidatus Pelagibacterales,Candidatus Pelagibacteraceae,Candidatus Pelagibacter,Candidatus Pelagibacter sp. FZCC0015
1092,9bcabc372de4ff3aa5d35df92a2231a2,CP031125,96.486,313,4.85E-142,518,NA,Pseudomonadota,Alphaproteobacteria,Candidatus Pelagibacterales,Candidatus Pelagibacteraceae,Candidatus Pelagibacter,Candidatus Pelagibacter sp. FZCC0015
1093,9bf6fea7fc0bc9c9c034611e8e240d3c,CP031125,94.249,313,2.29E-130,479,NA,Pseudomonadota,Alphaproteobacteria,Candidatus Pelagibacterales,Candidatus Pelagibacteraceae,Candidatus Pelagibacter,Candidatus Pelagibacter sp. FZCC0015
1094,9f1c705a9e809f0d1dd030ccd22dcfd9,CP031125,84.984,313,1.90E-81,316,NA,Pseudomonadota,Alphaproteobacteria,Candidatus Pelagibacterales,Candidatus Pelagibacteraceae,Candidatus Pelagibacter,Candidatus Pelagibacter sp. FZCC0015
1095,a3118fc290d654e1c8c37771c99657c5,CP031125,85.623,313,8.76E-85,327,NA,Pseudomonadota,Alphaproteobacteria,Candidatus Pelagibacterales,Candidatus Pelagibacteraceae,Candidatus Pelagibacter,Candidatus Pelagibacter sp. FZCC0015
1096,a4eb5ea8f1c62b69b6ec797ce5b9f1c0,CP031125,94.888,313,1.06E-133,490,NA,Pseudomonadota,Alphaproteobacteria,Candidatus Pelagibacterales,Candidatus Pelagibacteraceae,Candidatus Pelagibacter,Candidatus Pelagibacter sp. FZCC0015
1097,a571190622735b687558fd1b1da40d6a,CP031125,95.513,312,1.76E-136,499,NA,Pseudomonadota,Alphaproteobacteria,Candidatus Pelagibacterales,Candidatus Pelagibacteraceae,Candidatus Pelagibacter,Candidatus Pelagibacter sp. FZCC0015
1098,a88b4f170f10e3e9e57ea964426c5fd1,CP031125,96.154,312,8.11E-140,510,NA,Pseudomonadota,Alphaproteobacteria,Candidatus Pelagibacterales,Candidatus Pelagibacteraceae,Candidatus Pelagibacter,Candidatus Pelagibacter sp. FZCC0015
1099,a920616a2242fc850fce7baa7c13da89,CP031125,93.59,312,1.78E-126,466,NA,Pseudomonadota,Alphaproteobacteria,Candidatus Pelagibacterales,Candidatus Pelagibacteraceae,Candidatus Pelagibacter,Candidatus Pelagibacter sp. FZCC0015
1100,a94e53b11ab600468f1b2587de9e6610,CP031125,95.847,313,1.05E-138,507,NA,Pseudomonadota,Alphaproteobacteria,Candidatus Pelagibacterales,Candidatus Pelagibacteraceae,Candidatus Pelagibacter,Candidatus Pelagibacter sp. FZCC0015
1101,abc508965c9a3f1d8feeccf0f309dcd4,CP031125,93.93,313,1.06E-128,473,NA,Pseudomonadota,Alphaproteobacteria,Candidatus Pelagibacterales,Candidatus Pelagibacteraceae,Candidatus Pelagibacter,Candidatus Pelagibacter sp. FZCC0015
1102,ac97edceb26a8dd978074c40cbb7ad5d,CP031125,91.961,311,1.40E-117,436,NA,Pseudomonadota,Alphaproteobacteria,Candidatus Pelagibacterales,Candidatus Pelagibacteraceae,Candidatus Pelagibacter,Candidatus Pelagibacter sp. FZCC0015
1103,ad0508ebea760e99230738734cc53bf2,CP031125,92.308,312,8.34E-120,444,NA,Pseudomonadota,Alphaproteobacteria,Candidatus Pelagibacterales,Candidatus Pelagibacteraceae,Candidatus Pelagibacter,Candidatus Pelagibacter sp. FZCC0015
1104,b0f9ebef549123ad848f7d32b9e12248,CP031125,95.192,312,8.17E-135,494,NA,Pseudomonadota,Alphaproteobacteria,Candidatus Pelagibacterales,Candidatus Pelagibacteraceae,Candidatus Pelagibacter,Candidatus Pelagibacter sp. FZCC0015
1105,b15aa7ba4e5dc766bf0ed728438177bf,CP031125,92.926,311,1.39E-122,453,NA,Pseudomonadota,Alphaproteobacteria,Candidatus Pelagibacterales,Candidatus Pelagibacteraceae,Candidatus Pelagibacter,Candidatus Pelagibacter sp. FZCC0015
1106,b3467d85b4394479960e24c11ae84efc,CP031125,95.527,313,4.88E-137,501,NA,Pseudomonadota,Alphaproteobacteria,Candidatus Pelagibacterales,Candidatus Pelagibacteraceae,Candidatus Pelagibacter,Candidatus Pelagibacter sp. FZCC0015
1107,b3af5f2d3718e084598b822a2cd60d2f,CP031125,89.457,313,2.37E-105,396,NA,Pseudomonadota,Alphaproteobacteria,Candidatus Pelagibacterales,Candidatus Pelagibacteraceae,Candidatus Pelagibacter,Candidatus Pelagibacter sp. FZCC0015
1108,b68ab880b244ea0beea1aad339be2990,CP031125,95.192,312,8.17E-135,494,NA,Pseudomonadota,Alphaproteobacteria,Candidatus Pelagibacterales,Candidatus Pelagibacteraceae,Candidatus Pelagibacter,Candidatus Pelagibacter sp. FZCC0015
1109,b6b26e8bec0e41ffde9a8526caf9b361,CP031125,92.652,313,4.98E-122,451,NA,Pseudomonadota,Alphaproteobacteria,Candidatus Pelagibacterales,Candidatus Pelagibacteraceae,Candidatus Pelagibacter,Candidatus Pelagibacter sp. FZCC0015
1110,b77fd674cfe1f993f21077c67a2d7f38,CP031125,92.013,313,1.08E-118,440,NA,Pseudomonadota,Alphaproteobacteria,Candidatus Pelagibacterales,Candidatus Pelagibacteraceae,Candidatus Pelagibacter,Candidatus Pelagibacter sp. FZCC0015
1111,b85cba08385270bfc9e6cbd988183e6b,CP031125,95.192,312,8.17E-135,494,NA,Pseudomonadota,Alphaproteobacteria,Candidatus Pelagibacterales,Candidatus Pelagibacteraceae,Candidatus Pelagibacter,Candidatus Pelagibacter sp. FZCC0015
1112,b88c74014b765eae082c8b7676de3aab,CP031125,92.949,312,3.85E-123,455,NA,Pseudomonadota,Alphaproteobacteria,Candidatus Pelagibacterales,Candidatus Pelagibacteraceae,Candidatus Pelagibacter,Candidatus Pelagibacter sp. FZCC0015
1113,ba906448f422e23f13cd79a7778f6e36,CP031125,94.888,313,1.06E-133,490,NA,Pseudomonadota,Alphaproteobacteria,Candidatus Pelagibacterales,Candidatus Pelagibacteraceae,Candidatus Pelagibacter,Candidatus Pelagibacter sp. FZCC0015
1114,bb863f020f49db7df468f457db5781cf,CP031125,96.154,312,8.11E-140,510,NA,Pseudomonadota,Alphaproteobacteria,Candidatus Pelagibacterales,Candidatus Pelagibacteraceae,Candidatus Pelagibacter,Candidatus Pelagibacter sp. FZCC0015
1115,bbef4734af771fc8e81c9512fea3dcb6,CP031125,83.067,313,1.92E-71,283,NA,Pseudomonadota,Alphaproteobacteria,Candidatus Pelagibacterales,Candidatus Pelagibacteraceae,Candidatus Pelagibacter,Candidatus Pelagibacter sp. FZCC0015
1116,c23bb73aca7d77696139689a3e0f2ce1,CP031125,94.231,312,8.22E-130,477,NA,Pseudomonadota,Alphaproteobacteria,Candidatus Pelagibacterales,Candidatus Pelagibacteraceae,Candidatus Pelagibacter,Candidatus Pelagibacter sp. FZCC0015
1117,c25218866a3c6f993a6ea9443d003542,CP031125,84.615,312,3.17E-79,309,NA,Pseudomonadota,Alphaproteobacteria,Candidatus Pelagibacterales,Candidatus Pelagibacteraceae,Candidatus Pelagibacter,Candidatus Pelagibacter sp. FZCC0015
1118,c4062d8b3fd027cca487f3ede5cb3d30,CP031125,93.59,312,1.78E-126,466,NA,Pseudomonadota,Alphaproteobacteria,Candidatus Pelagibacterales,Candidatus Pelagibacteraceae,Candidatus Pelagibacter,Candidatus Pelagibacter sp. FZCC0015
1119,c4894e2ff158c110bece770250a11734,CP031125,95.208,313,2.27E-135,496,NA,Pseudomonadota,Alphaproteobacteria,Candidatus Pelagibacterales,Candidatus Pelagibacteraceae,Candidatus Pelagibacter,Candidatus Pelagibacter sp. FZCC0015
1120,c5da6f79c0a283cd215f15515d061dbf,CP031125,94.569,313,4.91E-132,484,NA,Pseudomonadota,Alphaproteobacteria,Candidatus Pelagibacterales,Candidatus Pelagibacteraceae,Candidatus Pelagibacter,Candidatus Pelagibacter sp. FZCC0015
1121,c630687a2f7ba0bfda1cbce943dd0ce7,CP031125,95.192,312,8.17E-135,494,NA,Pseudomonadota,Alphaproteobacteria,Candidatus Pelagibacterales,Candidatus Pelagibacteraceae,Candidatus Pelagibacter,Candidatus Pelagibacter sp. FZCC0015
1122,c652c4163bef7ffff57560906753f9f4,CP031125,92.652,313,4.98E-122,451,NA,Pseudomonadota,Alphaproteobacteria,Candidatus Pelagibacterales,Candidatus Pelagibacteraceae,Candidatus Pelagibacter,Candidatus Pelagibacter sp. FZCC0015
1123,c6921b79eff94371e543c8f0cf04e6d3,CP031125,94.872,312,3.80E-133,488,NA,Pseudomonadota,Alphaproteobacteria,Candidatus Pelagibacterales,Candidatus Pelagibacteraceae,Candidatus Pelagibacter,Candidatus Pelagibacter sp. FZCC0015
1124,c8b4cec70d1edc0d3c94b8c1efbd61ee,CP031125,94.569,313,4.91E-132,484,NA,Pseudomonadota,Alphaproteobacteria,Candidatus Pelagibacterales,Candidatus Pelagibacteraceae,Candidatus Pelagibacter,Candidatus Pelagibacter sp. FZCC0015
1125,c8d0d5d057135566f19d3f19f769a6c1,CP031125,94.249,313,2.29E-130,479,NA,Pseudomonadota,Alphaproteobacteria,Candidatus Pelagibacterales,Candidatus Pelagibacteraceae,Candidatus Pelagibacter,Candidatus Pelagibacter sp. FZCC0015
1126,c9b37a24da74156c242ad1b050006489,CP031125,92.013,313,1.08E-118,440,NA,Pseudomonadota,Alphaproteobacteria,Candidatus Pelagibacterales,Candidatus Pelagibacteraceae,Candidatus Pelagibacter,Candidatus Pelagibacter sp. FZCC0015
1127,cb7b7f081b9fa5d080bac0cadf422ad5,CP031125,95.208,313,2.27E-135,496,NA,Pseudomonadota,Alphaproteobacteria,Candidatus Pelagibacterales,Candidatus Pelagibacteraceae,Candidatus Pelagibacter,Candidatus Pelagibacter sp. FZCC0015
1128,cc05b9c4566dcda0fefc5d26fa947953,CP031125,92.971,313,1.07E-123,457,NA,Pseudomonadota,Alphaproteobacteria,Candidatus Pelagibacterales,Candidatus Pelagibacteraceae,Candidatus Pelagibacter,Candidatus Pelagibacter sp. FZCC0015
1129,cc223be34e54aaf76ddd276ed29ba647,CP031125,87.898,314,5.16E-97,368,NA,Pseudomonadota,Alphaproteobacteria,Candidatus Pelagibacterales,Candidatus Pelagibacteraceae,Candidatus Pelagibacter,Candidatus Pelagibacter sp. FZCC0015
1130,cf2a2305b2f2383c3c9a538bd74688c8,CP031125,95.847,313,1.05E-138,507,NA,Pseudomonadota,Alphaproteobacteria,Candidatus Pelagibacterales,Candidatus Pelagibacteraceae,Candidatus Pelagibacter,Candidatus Pelagibacter sp. FZCC0015
1131,d0be81f539c4c8b886173ad3ff12aac8,CP031125,92.013,313,1.08E-118,440,NA,Pseudomonadota,Alphaproteobacteria,Candidatus Pelagibacterales,Candidatus Pelagibacteraceae,Candidatus Pelagibacter,Candidatus Pelagibacter sp. FZCC0015
1132,d97446783c7ee73d6eb1ce3e214c17ee,CP031125,93.59,312,1.78E-126,466,NA,Pseudomonadota,Alphaproteobacteria,Candidatus Pelagibacterales,Candidatus Pelagibacteraceae,Candidatus Pelagibacter,Candidatus Pelagibacter sp. FZCC0015
1133,d9e531814b3cc09ffe251ee9f1ff661c,CP031125,91.054,313,1.09E-113,424,NA,Pseudomonadota,Alphaproteobacteria,Candidatus Pelagibacterales,Candidatus Pelagibacteraceae,Candidatus Pelagibacter,Candidatus Pelagibacter sp. FZCC0015
1134,db33b0b629784912b2ed55058af92d36,CP031125,93.61,313,4.95E-127,468,NA,Pseudomonadota,Alphaproteobacteria,Candidatus Pelagibacterales,Candidatus Pelagibacteraceae,Candidatus Pelagibacter,Candidatus Pelagibacter sp. FZCC0015
1135,dc50d296e1d2c3f4cd9c04acaf7086e0,CP031125,95.833,312,3.77E-138,505,NA,Pseudomonadota,Alphaproteobacteria,Candidatus Pelagibacterales,Candidatus Pelagibacteraceae,Candidatus Pelagibacter,Candidatus Pelagibacter sp. FZCC0015
1136,dc7558d37af856044175dcf1454acc33,CP031125,93.269,312,8.28E-125,460,NA,Pseudomonadota,Alphaproteobacteria,Candidatus Pelagibacterales,Candidatus Pelagibacteraceae,Candidatus Pelagibacter,Candidatus Pelagibacter sp. FZCC0015
1137,dfc68c867a5200ae5371386dcbbf20b0,CP031125,90.096,313,1.09E-108,407,NA,Pseudomonadota,Alphaproteobacteria,Candidatus Pelagibacterales,Candidatus Pelagibacteraceae,Candidatus Pelagibacter,Candidatus Pelagibacter sp. FZCC0015
1138,e08a5e0fef4be51eae5d30bf373f8f8c,CP031125,92.652,313,4.98E-122,451,NA,Pseudomonadota,Alphaproteobacteria,Candidatus Pelagibacterales,Candidatus Pelagibacteraceae,Candidatus Pelagibacter,Candidatus Pelagibacter sp. FZCC0015
1139,e39b298fd0f384228ffbc6f0f326b880,CP031125,92.971,313,1.07E-123,457,NA,Pseudomonadota,Alphaproteobacteria,Candidatus Pelagibacterales,Candidatus Pelagibacteraceae,Candidatus Pelagibacter,Candidatus Pelagibacter sp. FZCC0015
1140,e3aaa2ba1250af807f5ff47881cbc766,CP031125,95.847,313,1.05E-138,507,NA,Pseudomonadota,Alphaproteobacteria,Candidatus Pelagibacterales,Candidatus Pelagibacteraceae,Candidatus Pelagibacter,Candidatus Pelagibacter sp. FZCC0015
1141,e7f1ee704c49b55ece108e870c361c0c,CP031125,82.748,313,8.95E-70,278,NA,Pseudomonadota,Alphaproteobacteria,Candidatus Pelagibacterales,Candidatus Pelagibacteraceae,Candidatus Pelagibacter,Candidatus Pelagibacter sp. FZCC0015
1142,e8cc9ad689f508ee012d34eb2b736f12,CP031125,91.667,312,1.81E-116,433,NA,Pseudomonadota,Alphaproteobacteria,Candidatus Pelagibacterales,Candidatus Pelagibacteraceae,Candidatus Pelagibacter,Candidatus Pelagibacter sp. FZCC0015
1143,e8fa3d0dd215daaec84c77b1ff6533c1,CP031125,93.59,312,1.78E-126,466,NA,Pseudomonadota,Alphaproteobacteria,Candidatus Pelagibacterales,Candidatus Pelagibacteraceae,Candidatus Pelagibacter,Candidatus Pelagibacter sp. FZCC0015
1144,ea3d2853f7242626cb5353f6e8c071c6,CP031125,95.192,312,8.17E-135,494,NA,Pseudomonadota,Alphaproteobacteria,Candidatus Pelagibacterales,Candidatus Pelagibacteraceae,Candidatus Pelagibacter,Candidatus Pelagibacter sp. FZCC0015
1145,eb52810e75bde9ee83fd4798283c5abd,CP031125,92.605,311,6.45E-121,448,NA,Pseudomonadota,Alphaproteobacteria,Candidatus Pelagibacterales,Candidatus Pelagibacteraceae,Candidatus Pelagibacter,Candidatus Pelagibacter sp. FZCC0015
1146,ebfc3bcfbe52becaba61b61f628bd283,CP031125,95.527,313,4.88E-137,501,NA,Pseudomonadota,Alphaproteobacteria,Candidatus Pelagibacterales,Candidatus Pelagibacteraceae,Candidatus Pelagibacter,Candidatus Pelagibacter sp. FZCC0015
1147,ec01900cc7599ece892509068e76e2fc,CP031125,82.748,313,8.95E-70,278,NA,Pseudomonadota,Alphaproteobacteria,Candidatus Pelagibacterales,Candidatus Pelagibacteraceae,Candidatus Pelagibacter,Candidatus Pelagibacter sp. FZCC0015
1148,ec0fc55ebf5946895af8e9f22b0aee3a,CP031125,92.013,313,1.08E-118,440,NA,Pseudomonadota,Alphaproteobacteria,Candidatus Pelagibacterales,Candidatus Pelagibacteraceae,Candidatus Pelagibacter,Candidatus Pelagibacter sp. FZCC0015
1149,ed748c9d8ffdd7241ce4f83d11618dd3,CP031125,95.513,312,1.76E-136,499,NA,Pseudomonadota,Alphaproteobacteria,Candidatus Pelagibacterales,Candidatus Pelagibacteraceae,Candidatus Pelagibacter,Candidatus Pelagibacter sp. FZCC0015
1150,ee3016c0bce2ffe7acfdee3933401112,CP031125,92.949,312,3.85E-123,455,NA,Pseudomonadota,Alphaproteobacteria,Candidatus Pelagibacterales,Candidatus Pelagibacteraceae,Candidatus Pelagibacter,Candidatus Pelagibacter sp. FZCC0015
1151,ee8abcbfe68e3fa04c7061ea75963823,CP031125,95.208,313,2.27E-135,496,NA,Pseudomonadota,Alphaproteobacteria,Candidatus Pelagibacterales,Candidatus Pelagibacteraceae,Candidatus Pelagibacter,Candidatus Pelagibacter sp. FZCC0015
1152,f17e2ed22df87a801e0cf200c7683537,CP031125,92.949,312,3.85E-123,455,NA,Pseudomonadota,Alphaproteobacteria,Candidatus Pelagibacterales,Candidatus Pelagibacteraceae,Candidatus Pelagibacter,Candidatus Pelagibacter sp. FZCC0015
1153,f1bc474ee1378a60a554f97be75fd68d,CP031125,84.345,313,4.11E-78,305,NA,Pseudomonadota,Alphaproteobacteria,Candidatus Pelagibacterales,Candidatus Pelagibacteraceae,Candidatus Pelagibacter,Candidatus Pelagibacter sp. FZCC0015
1154,f30ce46f3013b901d6a28d64a7d94c2a,CP031125,95.208,313,2.27E-135,496,NA,Pseudomonadota,Alphaproteobacteria,Candidatus Pelagibacterales,Candidatus Pelagibacteraceae,Candidatus Pelagibacter,Candidatus Pelagibacter sp. FZCC0015
1155,f33bc4aad2f6397986f702b2c6392fa5,CP031125,93.91,312,3.83E-128,472,NA,Pseudomonadota,Alphaproteobacteria,Candidatus Pelagibacterales,Candidatus Pelagibacteraceae,Candidatus Pelagibacter,Candidatus Pelagibacter sp. FZCC0015
1156,f377cf4490acf803bc56deb9051d7170,CP031125,93.59,312,1.79E-126,466,NA,Pseudomonadota,Alphaproteobacteria,Candidatus Pelagibacterales,Candidatus Pelagibacteraceae,Candidatus Pelagibacter,Candidatus Pelagibacter sp. FZCC0015
1157,f3ec91fb49243483d4a7deaf9ae04249,CP031125,87.261,314,1.12E-93,357,NA,Pseudomonadota,Alphaproteobacteria,Candidatus Pelagibacterales,Candidatus Pelagibacteraceae,Candidatus Pelagibacter,Candidatus Pelagibacter sp. FZCC0015
1158,f483f2313039656783ab79ff0f79407b,CP031125,94.872,312,3.80E-133,488,NA,Pseudomonadota,Alphaproteobacteria,Candidatus Pelagibacterales,Candidatus Pelagibacteraceae,Candidatus Pelagibacter,Candidatus Pelagibacter sp. FZCC0015
1159,f5c78987f3dcbc975e0af7ce26ca7f55,CP031125,92.628,312,1.79E-121,449,NA,Pseudomonadota,Alphaproteobacteria,Candidatus Pelagibacterales,Candidatus Pelagibacteraceae,Candidatus Pelagibacter,Candidatus Pelagibacter sp. FZCC0015
1160,f62f7fbe9c02fd321c4dfd2c0a7565a6,CP031125,92.628,312,1.79E-121,449,NA,Pseudomonadota,Alphaproteobacteria,Candidatus Pelagibacterales,Candidatus Pelagibacteraceae,Candidatus Pelagibacter,Candidatus Pelagibacter sp. FZCC0015
1161,f68969f8a99f47498ff42aa00cf2c7fa,CP031125,93.91,312,3.81E-128,472,NA,Pseudomonadota,Alphaproteobacteria,Candidatus Pelagibacterales,Candidatus Pelagibacteraceae,Candidatus Pelagibacter,Candidatus Pelagibacter sp. FZCC0015
1162,f78d2bfc7decde7c50c78a59908975cc,CP031125,93.91,312,3.83E-128,472,NA,Pseudomonadota,Alphaproteobacteria,Candidatus Pelagibacterales,Candidatus Pelagibacteraceae,Candidatus Pelagibacter,Candidatus Pelagibacter sp. FZCC0015
1163,f93994ca00139ede9fdd455bdb4d5999,CP031125,93.269,312,8.28E-125,460,NA,Pseudomonadota,Alphaproteobacteria,Candidatus Pelagibacterales,Candidatus Pelagibacteraceae,Candidatus Pelagibacter,Candidatus Pelagibacter sp. FZCC0015
1164,f99f4165e2d30f1bed040613bdd2e6aa,CP031125,91.374,313,2.34E-115,429,NA,Pseudomonadota,Alphaproteobacteria,Candidatus Pelagibacterales,Candidatus Pelagibacteraceae,Candidatus Pelagibacter,Candidatus Pelagibacter sp. FZCC0015
1165,fa158eebf348a8c01bc01db99b884246,CP031125,83.66,306,1.49E-72,287,NA,Pseudomonadota,Alphaproteobacteria,Candidatus Pelagibacterales,Candidatus Pelagibacteraceae,Candidatus Pelagibacter,Candidatus Pelagibacter sp. FZCC0015
1166,fb8de3a4a817727e1685de6dd5b389b8,CP031125,86.943,314,5.20E-92,351,NA,Pseudomonadota,Alphaproteobacteria,Candidatus Pelagibacterales,Candidatus Pelagibacteraceae,Candidatus Pelagibacter,Candidatus Pelagibacter sp. FZCC0015
1167,fff3ccdae9b14318cc5f9caeb3d9c88a,CP031125,92.971,313,1.07E-123,457,NA,Pseudomonadota,Alphaproteobacteria,Candidatus Pelagibacterales,Candidatus Pelagibacteraceae,Candidatus Pelagibacter,Candidatus Pelagibacter sp. FZCC0015
1168,1153c1bd4246b6bb2e23c81b45d6bb75,OL742904,82.155,297,4.19E-63,255,NA,Arthropoda,Insecta,Diptera,Culicidae,Anopheles,Anopheles pseudowillmori
1169,53683008d5aed4db52c1d693a50ec0b9,MK086006,85.897,312,6.77E-86,331,Viridiplantae,Chlorophyta,Chloropicophyceae,Chloropicales,Chloropicaceae,Chloropicon,Chloropicon roscoffensis
1170,7b4cea0af4b37571c905de2456e8c6f5,MK086006,99.681,313,1.02E-158,573,Viridiplantae,Chlorophyta,Chloropicophyceae,Chloropicales,Chloropicaceae,Chloropicon,Chloropicon roscoffensis
1171,7dc6e13d4bf786abf79d5ef567f534e1,MK086006,100,313,2.19E-160,579,Viridiplantae,Chlorophyta,Chloropicophyceae,Chloropicales,Chloropicaceae,Chloropicon,Chloropicon roscoffensis
1172,8981d8af0418611d8a1c9cc3edabb517,MK086006,86.218,312,1.46E-87,337,Viridiplantae,Chlorophyta,Chloropicophyceae,Chloropicales,Chloropicaceae,Chloropicon,Chloropicon roscoffensis
1173,56a82b043873c5834881c0654824f527,KM202115,88.603,272,6.77E-86,331,NA,Bacillariophyta,Coscinodiscophyceae,Stephanodiscales,Stephanodiscaceae,Cyclotella,Cyclotella sp. MBTD-CMFRI-S052
1174,32bb5356f0882e3dfe4dee262b38926a,GQ501235,87.025,316,1.13E-93,357,NA,NA,Dinophyceae,Gymnodiniales,Gymnodiniaceae,Gymnodinium,Gymnodinium impudicum
1175,5a8b85010ed0bb2c4a42253f899c5d7b,GQ501235,86.392,316,2.45E-90,346,NA,NA,Dinophyceae,Gymnodiniales,Gymnodiniaceae,Gymnodinium,Gymnodinium impudicum
1176,64132c3e0bac3e352ddffe5f45c8b5a5,MW085386,100,311,2.81E-159,575,NA,Arthropoda,Insecta,Hemiptera,Belostomatidae,Appasus,Appasus major
1177,c34b2e784c842f783dfddfaaad11b7a8,MW085386,100,313,2.19E-160,579,NA,Arthropoda,Insecta,Hemiptera,Belostomatidae,Appasus,Appasus major
1178,05b2a5769c3e0f6039385afa86d36159,MK644144,83.281,317,5.35E-72,285,NA,Oomycota,NA,Pythiales,Pythiaceae,Pythium,Pythium sp.
1179,72ab4e42ceaed5152fcd4442298a3865,JN260544,82,300,5.43E-62,252,Metazoa,Annelida,Clitellata,Crassiclitellata,Glossoscolecidae,Urobenus,Urobenus sp. EWNOU121-11
1180,9b7eba03c59c3cbf2b6d6840eedefb4e,JN260544,82,300,5.43E-62,252,Metazoa,Annelida,Clitellata,Crassiclitellata,Glossoscolecidae,Urobenus,Urobenus sp. EWNOU121-11
1181,0078c6562ff30810d01e14a3138cb217,GQ501999,94.921,315,8.25E-135,494,NA,NA,Dinophyceae,Gymnodiniales,Kareniaceae,NA,uncultured Kareniaceae
1182,041b61f7b8bf5eaf920469b544fa6294,GQ501917,94.953,317,2.29E-135,496,NA,NA,Dinophyceae,Gymnodiniales,Kareniaceae,NA,uncultured Kareniaceae
1183,0684b1453aa81e59b7d140f428290a2c,GQ502009,97.468,316,1.05E-148,540,NA,NA,Dinophyceae,Gymnodiniales,Kareniaceae,NA,uncultured Kareniaceae
1184,12effd613a5d8340729a71ba1eba4484,GQ502009,97.468,316,1.05E-148,540,NA,NA,Dinophyceae,Gymnodiniales,Kareniaceae,NA,uncultured Kareniaceae
1185,1c9f0ae7547bec7c515a1ef9503bd0e2,GQ502028,99.684,316,2.22E-160,579,NA,NA,Dinophyceae,Gymnodiniales,Kareniaceae,NA,uncultured Kareniaceae
1186,3047ec0461bf28496a5a65981f4b51bb,GQ502009,99.684,316,2.22E-160,579,NA,NA,Dinophyceae,Gymnodiniales,Kareniaceae,NA,uncultured Kareniaceae
1187,374d21ce84d2a8543109cd96865dd8e1,GQ501943,99.684,316,2.22E-160,579,NA,NA,Dinophyceae,Gymnodiniales,Kareniaceae,NA,uncultured Kareniaceae
1188,3b9c3c469434448043366275ddc1fb6f,GQ501999,95.238,315,1.77E-136,499,NA,NA,Dinophyceae,Gymnodiniales,Kareniaceae,NA,uncultured Kareniaceae
1189,3d9a784ee8c946ec0a91d4fd60ab646e,GQ501917,95.253,316,4.93E-137,501,NA,NA,Dinophyceae,Gymnodiniales,Kareniaceae,NA,uncultured Kareniaceae
1190,422e34da6547c866fe4505ee48ae4e1f,GQ501999,96.519,316,1.05E-143,523,NA,NA,Dinophyceae,Gymnodiniales,Kareniaceae,NA,uncultured Kareniaceae
1191,42b1b1545ce76ba40fd432ffea88b580,GQ501928,100,316,4.76E-162,584,NA,NA,Dinophyceae,Gymnodiniales,Kareniaceae,NA,uncultured Kareniaceae
1192,4e11a1afa3f106b45e38a1e5d6702e85,GQ502028,100,316,4.76E-162,584,NA,NA,Dinophyceae,Gymnodiniales,Kareniaceae,NA,uncultured Kareniaceae
1193,6f46a854c40f5e87bd7dd516400acd09,GQ501999,95.886,316,2.28E-140,512,NA,NA,Dinophyceae,Gymnodiniales,Kareniaceae,NA,uncultured Kareniaceae
1194,72253ca8654ca652780f1f8e3cd3b25c,GQ501998,98.418,316,1.04E-153,556,NA,NA,Dinophyceae,Gymnodiniales,Kareniaceae,NA,uncultured Kareniaceae
1195,7b414c08af330ff6e51238fb5981e5ef,GQ501928,99.367,316,1.03E-158,573,NA,NA,Dinophyceae,Gymnodiniales,Kareniaceae,NA,uncultured Kareniaceae
1196,81ab7caa68fd35033bdb8f7ce2f996c3,GQ502035,99.051,316,4.79E-157,568,NA,NA,Dinophyceae,Gymnodiniales,Kareniaceae,NA,uncultured Kareniaceae
1197,81f60354bf8757f7e4bb61ba55689b6a,GQ501998,98.734,316,2.23E-155,562,NA,NA,Dinophyceae,Gymnodiniales,Kareniaceae,NA,uncultured Kareniaceae
1198,9c990129ded6379d5266749386583e8f,GQ501917,99.684,316,2.22E-160,579,NA,NA,Dinophyceae,Gymnodiniales,Kareniaceae,NA,uncultured Kareniaceae
1199,a699ec6b5d3472b253b3f40db212d7b1,GQ502035,98.734,316,2.23E-155,562,NA,NA,Dinophyceae,Gymnodiniales,Kareniaceae,NA,uncultured Kareniaceae
1200,a69d9a152b51671f4b9db221296a6d61,GQ502032,100,316,4.76E-162,584,NA,NA,Dinophyceae,Gymnodiniales,Kareniaceae,NA,uncultured Kareniaceae
1201,ab01a7e9ddb8ee7ac73abd1d9e116a0a,GQ502024,97.143,315,1.75E-146,532,NA,NA,Dinophyceae,Gymnodiniales,Kareniaceae,NA,uncultured Kareniaceae
1202,ba17aae9ea855dd67426452c4c9a3e64,GQ502032,99.684,316,2.22E-160,579,NA,NA,Dinophyceae,Gymnodiniales,Kareniaceae,NA,uncultured Kareniaceae
1203,e22533b09c5a1e593801de17e340d29d,GQ502009,97.785,316,2.25E-150,545,NA,NA,Dinophyceae,Gymnodiniales,Kareniaceae,NA,uncultured Kareniaceae
1204,e51248eb3ae710209b76f9b58eb5b1be,GQ502028,99.367,316,1.03E-158,573,NA,NA,Dinophyceae,Gymnodiniales,Kareniaceae,NA,uncultured Kareniaceae
1205,e691d9efca9c22cb94139eecbe3b16da,GQ501718,99.684,316,6.16E-161,580,NA,NA,Dinophyceae,Gymnodiniales,Kareniaceae,NA,uncultured Kareniaceae
1206,fbb2e65eb9853c204092d2aa269116bd,GQ501928,99.684,316,2.22E-160,579,NA,NA,Dinophyceae,Gymnodiniales,Kareniaceae,NA,uncultured Kareniaceae
1207,8b63021c2999cacff590b1a4c35751e0,MN025492,85.942,313,5.24E-87,335,NA,Discosea,Flabellinia,Dactylopodida,Paramoebidae,Paramoeba,Paramoeba perurans
1208,ded096cefa6ee71b18227141a5310702,MT364970,82.095,296,1.95E-61,250,Metazoa,Mollusca,Gastropoda,Stylommatophora,Ariophantidae,Taphrenalla,Taphrenalla zemia
1209,3ad438f0e0f9283e95e51adce21047ef,MH400060,95.268,317,4.93E-137,501,NA,NA,Dinophyceae,Peridiniales,Ostreopsidaceae,Centrodinium,Centrodinium punctatum
1210,967c08bb60a81a7286a93bafdbf47377,LM995318,82.828,297,6.97E-66,265,NA,NA,Phaeophyceae,Ectocarpales,Chordariaceae,Hecatonema,Hecatonema maculans
1211,6454a4cda2226fb9fe2889e2676abe8f,KY912188,99.681,313,1.02E-158,573,NA,NA,Actinopteri,Scombriformes,Scombridae,Scomber,Scomber japonicus
1212,7715ff1c57c3d1b4cb4267331b8bde49,KY912188,99.682,314,2.84E-159,575,NA,NA,Actinopteri,Scombriformes,Scombridae,Scomber,Scomber japonicus
1213,96340b13250c14d245517b006e1053aa,KY912190,100,313,2.19E-160,579,NA,NA,Actinopteri,Scombriformes,Scombridae,Scomber,Scomber japonicus
1214,31c3244680be96a1ae5d47037fbf2b91,MZ563342,86.17,282,1.48E-77,303,NA,Arthropoda,Insecta,Diptera,Tabanidae,Tabanus,Tabanus glaucopis
1215,00bb81e849d351a9a39032c775b24b7d,NC_057078,85.531,311,3.15E-84,326,NA,Bacillariophyta,Coscinodiscophyceae,Coscinodiscales,Coscinodiscaceae,Coscinodiscus,Coscinodiscus wailesii
1216,036fcb810c9e9281b5499636d7d9992b,NC_057078,85.852,311,6.77E-86,331,NA,Bacillariophyta,Coscinodiscophyceae,Coscinodiscales,Coscinodiscaceae,Coscinodiscus,Coscinodiscus wailesii
1217,d690be0263064847dd0c2ef986ee6304,NC_057078,86.174,311,1.46E-87,337,NA,Bacillariophyta,Coscinodiscophyceae,Coscinodiscales,Coscinodiscaceae,Coscinodiscus,Coscinodiscus wailesii
1218,d96780a996a1bc24c6bd7db90875ce94,NC_057078,85.852,311,6.77E-86,331,NA,Bacillariophyta,Coscinodiscophyceae,Coscinodiscales,Coscinodiscaceae,Coscinodiscus,Coscinodiscus wailesii
1219,99d3a96e03d22447a9939bc19e7aec04,JX001579,88.889,315,4.01E-103,388,NA,NA,Dinophyceae,Peridiniales,Kryptoperidiniaceae,Durinskia,Durinskia baltica
1220,aea4fcfef661f0d3d83e6ce1aac778c6,AB491650,86.532,297,8.76E-85,327,Viridiplantae,Chlorophyta,Mamiellophyceae,Dolichomastigales,Dolichomastigaceae,Dolichomastix,Dolichomastix tenuilepis
1221,1c6c94232a84117cdb6d28c3d2c114b4,LM995013,81.935,310,9.02E-65,261,NA,NA,Phaeophyceae,Ectocarpales,Ectocarpaceae,Ectocarpus,Ectocarpus sp. 6 AP-2014
1222,6ecc7f3119110c0606d123a34797a266,LM995013,81.759,307,4.19E-63,255,NA,NA,Phaeophyceae,Ectocarpales,Ectocarpaceae,Ectocarpus,Ectocarpus sp. 6 AP-2014
1223,060c1bee96c8f17397485ae9a509713d,MT010933,100,313,2.19E-160,579,Fungi,Ascomycota,Sordariomycetes,Hypocreales,Nectriaceae,Fusarium,Fusarium oxysporum
1224,0a914e55f8544b693484ca7bb5b2b04a,NG_046423,99.675,308,6.03E-156,564,NA,NA,Mammalia,Primates,Hominidae,Homo,Homo sapiens
1225,0eaa5c37d662edd9bc19f4add7d3e015,CP139549,99.359,312,1.70E-156,566,NA,NA,Mammalia,Primates,Hominidae,Homo,Homo sapiens
1226,114f306e87830e212d21e12368a3d728,MN849868,99.681,313,1.02E-158,573,NA,NA,Mammalia,Primates,Hominidae,Homo,Homo sapiens
1227,174024c20a9c7dc46d38509e0ed277d3,MN849868,100,312,7.85E-160,577,NA,NA,Mammalia,Primates,Hominidae,Homo,Homo sapiens
1228,18a2e110004e455b097f83f0c05922c6,MN849868,100,313,2.19E-160,579,NA,NA,Mammalia,Primates,Hominidae,Homo,Homo sapiens
1229,2898f4072cb61fb85c43bb00b1925e77,MZ387127,99.679,312,1.02E-158,573,NA,NA,Mammalia,Primates,Hominidae,Homo,Homo sapiens
1230,2a3293fbffee65afbfe5d3b84d82699f,NG_046416,99.689,322,1.05E-163,590,NA,NA,Mammalia,Primates,Hominidae,Homo,Homo sapiens
1231,3bac8c04952c100184edba8596873b6a,NG_068460,99.342,304,4.62E-152,551,NA,NA,Mammalia,Primates,Hominidae,Homo,Homo sapiens
1232,52231d9a932452d06b2eaf37e2e45965,CP139549,99.679,312,3.65E-158,571,NA,NA,Mammalia,Primates,Hominidae,Homo,Homo sapiens
1233,551903575042dae4562ab7301a8685f6,NG_046438,100,312,7.85E-160,577,NA,NA,Mammalia,Primates,Hominidae,Homo,Homo sapiens
1234,5dc8420e596dce14d9e338bc7c2f7440,NG_046423,100,308,1.30E-157,569,NA,NA,Mammalia,Primates,Hominidae,Homo,Homo sapiens
1235,6310d4e67cb604d7c6d7ef74747e5de2,MH553868,99.679,312,3.65E-158,571,NA,NA,Mammalia,Primates,Hominidae,Homo,Homo sapiens
1236,74a15793fcaa1155a343251fa594702a,MN849868,99.681,313,1.02E-158,573,NA,NA,Mammalia,Primates,Hominidae,Homo,Homo sapiens
1237,7a7264221f1e666db6f1aca61f99e0a6,NG_046416,99.379,322,4.86E-162,584,NA,NA,Mammalia,Primates,Hominidae,Homo,Homo sapiens
1238,7c1be4c4045cf5e032db9fb6c4af5bb0,MN849868,99.681,313,1.02E-158,573,NA,NA,Mammalia,Primates,Hominidae,Homo,Homo sapiens
1239,8e592c1ff9d6382b71e587d365597330,NG_046416,100,322,2.25E-165,595,NA,NA,Mammalia,Primates,Hominidae,Homo,Homo sapiens
1240,8e7cdfb386da44d9ccf0c27d751d80e7,MN849868,99.679,312,3.65E-158,571,NA,NA,Mammalia,Primates,Hominidae,Homo,Homo sapiens
1241,95b099e076e189858e6f34b975d1599e,NG_068460,99.671,304,9.93E-154,556,NA,NA,Mammalia,Primates,Hominidae,Homo,Homo sapiens
1242,986b25f75f428759eb7415baa850fe24,NG_046437,100,310,1.01E-158,573,NA,NA,Mammalia,Primates,Hominidae,Homo,Homo sapiens
1243,a51756f2a0d241f1d15c4efc584ad0ee,NG_046414,100,313,2.19E-160,579,NA,NA,Mammalia,Primates,Hominidae,Homo,Homo sapiens
1244,a9c8373d6941b858f99145143a4fd893,NG_046414,99.681,313,1.02E-158,573,NA,NA,Mammalia,Primates,Hominidae,Homo,Homo sapiens
1245,c11a4f8fa28f67f21217698c3138dbc9,NG_046423,99.674,307,2.16E-155,562,NA,NA,Mammalia,Primates,Hominidae,Homo,Homo sapiens
1246,c2465861898bbdb74a28d48bb4f37e8a,NG_046423,99.351,308,2.80E-154,558,NA,NA,Mammalia,Primates,Hominidae,Homo,Homo sapiens
1247,c8b40c21b4c8cd76cd55ef2bcd702fbb,NG_016423,100,305,5.96E-156,564,NA,NA,Mammalia,Primates,Hominidae,Homo,Homo sapiens
1248,d066f211899b0322fbd0740814fd9cd4,MN849868,99.679,312,3.65E-158,571,NA,NA,Mammalia,Primates,Hominidae,Homo,Homo sapiens
1249,d98dd4b1768080ffbef45ee9d92ce50e,NG_068460,99.013,304,2.15E-150,545,NA,NA,Mammalia,Primates,Hominidae,Homo,Homo sapiens
1250,dcf9121d447bf6fbfaa87f1badb90184,MN849868,99.679,312,3.65E-158,571,NA,NA,Mammalia,Primates,Hominidae,Homo,Homo sapiens
1251,f2167b354a0d909cb44b914147ac54ef,NG_046437,100,309,3.61E-158,571,NA,NA,Mammalia,Primates,Hominidae,Homo,Homo sapiens
1252,08a516d261c80f81a8dbe2e328bc3bcb,LC735278,89.457,313,2.37E-105,396,Fungi,Ascomycota,Dothideomycetes,NA,NA,NA,Dothideomycetes sp. NU30
1253,a26e6cc23365c60897b7d620c23de990,LC735278,92.332,313,2.32E-120,446,Fungi,Ascomycota,Dothideomycetes,NA,NA,NA,Dothideomycetes sp. NU30
1254,NA,NA,NA,NA,NA,NA,NA,Chordata,Mammalia,Carnivora,Canidae,Canis,Canis lupus
1255,089c8d3d21491edb832c5e6a70a9ec12,OP103959,97.619,168,4.14E-73,289,Metazoa,Arthropoda,Hexanauplia,Calanoida,Paracalanidae,Acrocalanus,Acrocalanus gracilis
1256,092295345bcc137ec6ba0757e7cab6d6,OP103959,97.048,271,1.07E-123,457,Metazoa,Arthropoda,Hexanauplia,Calanoida,Paracalanidae,Acrocalanus,Acrocalanus gracilis
1257,19276e7d38530d7a51b45807e7d96a20,OP103959,98.706,309,1.72E-151,549,Metazoa,Arthropoda,Hexanauplia,Calanoida,Paracalanidae,Acrocalanus,Acrocalanus gracilis
1258,27334b95717284ead7a782547a8381db,OP103959,99.029,309,3.69E-153,555,Metazoa,Arthropoda,Hexanauplia,Calanoida,Paracalanidae,Acrocalanus,Acrocalanus gracilis
1259,2bae190e3462361f744986fc75188179,OP103959,94.096,271,2.35E-110,412,Metazoa,Arthropoda,Hexanauplia,Calanoida,Paracalanidae,Acrocalanus,Acrocalanus gracilis
1260,2bfff4a9ca8cf6903796e15208e209e3,OP103959,98.706,309,1.72E-151,549,Metazoa,Arthropoda,Hexanauplia,Calanoida,Paracalanidae,Acrocalanus,Acrocalanus gracilis
1261,4187e7bc67431402877791ed8e32d7ee,OP103959,97.88,283,1.06E-133,490,Metazoa,Arthropoda,Hexanauplia,Calanoida,Paracalanidae,Acrocalanus,Acrocalanus gracilis
1262,52b52ee3a33e07be2224bc0af3dc130c,OP103959,99.353,309,8.77E-155,560,Metazoa,Arthropoda,Hexanauplia,Calanoida,Paracalanidae,Acrocalanus,Acrocalanus gracilis
1263,58c6ba1d2b9f755a55f190d4441c88ce,OP103959,99.353,309,7.94E-155,560,Metazoa,Arthropoda,Hexanauplia,Calanoida,Paracalanidae,Acrocalanus,Acrocalanus gracilis
1264,6fc017ade419f99ebe67aea41b7c929b,OP103959,99.029,309,3.69E-153,555,Metazoa,Arthropoda,Hexanauplia,Calanoida,Paracalanidae,Acrocalanus,Acrocalanus gracilis
1265,7a372d97dfb9de7a7e9f9c20f5d2776e,OP103959,99.029,309,3.69E-153,555,Metazoa,Arthropoda,Hexanauplia,Calanoida,Paracalanidae,Acrocalanus,Acrocalanus gracilis
1266,8a66743c4d6c46dcb0afebc1292b4825,OP103959,96.066,305,6.31E-136,497,Metazoa,Arthropoda,Hexanauplia,Calanoida,Paracalanidae,Acrocalanus,Acrocalanus gracilis
1267,ae5d4aa1714b5d83f64235f32d7a65c3,OP103959,99.353,309,7.94E-155,560,Metazoa,Arthropoda,Hexanauplia,Calanoida,Paracalanidae,Acrocalanus,Acrocalanus gracilis
1268,b22d4f5032a8940449049609a4866bd6,OP103959,99.676,309,1.71E-156,566,Metazoa,Arthropoda,Hexanauplia,Calanoida,Paracalanidae,Acrocalanus,Acrocalanus gracilis
1269,d095ff93a6050aae71b75663924cf04d,OP103959,99.353,309,7.94E-155,560,Metazoa,Arthropoda,Hexanauplia,Calanoida,Paracalanidae,Acrocalanus,Acrocalanus gracilis
1270,d999eb7313f72ab998c113fe319e0302,OP103959,98.63,292,4.85E-142,518,Metazoa,Arthropoda,Hexanauplia,Calanoida,Paracalanidae,Acrocalanus,Acrocalanus gracilis
1271,df77a4dc301fe0f7c3ade7bbbedcdf98,OP103959,99.029,309,3.69E-153,555,Metazoa,Arthropoda,Hexanauplia,Calanoida,Paracalanidae,Acrocalanus,Acrocalanus gracilis
1272,e25ebcf89efecbc6e8f269af5316d1c9,OP103959,99.029,309,3.69E-153,555,Metazoa,Arthropoda,Hexanauplia,Calanoida,Paracalanidae,Acrocalanus,Acrocalanus gracilis
1273,eb3b34fbe0dd2a993b578ed0eaed241f,OP103959,99.029,309,3.69E-153,555,Metazoa,Arthropoda,Hexanauplia,Calanoida,Paracalanidae,Acrocalanus,Acrocalanus gracilis
1274,fa350ca36dceb22e001f54913083c812,OP103959,94.498,309,8.22E-130,477,Metazoa,Arthropoda,Hexanauplia,Calanoida,Paracalanidae,Acrocalanus,Acrocalanus gracilis
1275,fd14aa729cd3b30866e34043fd99536a,OP103959,98.706,309,1.72E-151,549,Metazoa,Arthropoda,Hexanauplia,Calanoida,Paracalanidae,Acrocalanus,Acrocalanus gracilis
1276,060e0f518e5e1426d90c53c5a293aa06,NC_086476,98.403,313,4.78E-152,551,Fungi,Basidiomycota,Malasseziomycetes,Malasseziales,Malasseziaceae,Malassezia,Malassezia arunalokei
1277,324aa809eaf5923964b727843e75b900,NC_086476,98.722,313,1.03E-153,556,Fungi,Basidiomycota,Malasseziomycetes,Malasseziales,Malasseziaceae,Malassezia,Malassezia arunalokei
1278,db0ba0365891809ca26b921bf894ad7b,NC_086476,98.403,313,4.78E-152,551,Fungi,Basidiomycota,Malasseziomycetes,Malasseziales,Malasseziaceae,Malassezia,Malassezia arunalokei
1279,172f68f7509ae481e84a1871d3ea18f8,OQ968950,82.333,300,9.02E-65,261,NA,NA,Phaeophyceae,Ectocarpales,Chordariaceae,Stilophora,Stilophora sp. 1rhizodesTAS
1280,a49fba3577942e0bb5c8b24c16a60e40,JQ911974,91.94,335,4.23E-128,472,Metazoa,Arthropoda,Hexanauplia,Calanoida,Calocalanidae,Calocalanus,Calocalanus sp. 1 AC-2013
1281,72966a752321114661bf57d3e00cda92,GQ120068,84.643,280,3.22E-69,276,Metazoa,Cnidaria,Hydrozoa,Leptothecata,Mitrocomidae,Cyclocanna,Cyclocanna producta
1282,35c6f772178df9e081f205a5ab911473,LM995439,83.394,277,4.19E-63,255,NA,NA,Phaeophyceae,Ectocarpales,Acinetosporaceae,NA,Acinetosporaceae sp. 11 AP-2014
1283,ea94be64edc804191097ec9f078e2d27,LM995439,83.755,277,9.02E-65,261,NA,NA,Phaeophyceae,Ectocarpales,Acinetosporaceae,NA,Acinetosporaceae sp. 11 AP-2014
1284,729cea6dcc5ddd111bbd915db4e8b606,LM995099,83.871,310,2.47E-75,296,NA,NA,Phaeophyceae,Ectocarpales,Chordariaceae,NA,Chordariaceae sp. 12 AP-2014
1285,127937680cb11a347c025afc4ca43f69,GQ502105,99.684,316,2.22E-160,579,NA,NA,Dinophyceae,Peridiniales,Protoperidiniaceae,Protoperidinium,Protoperidinium cf. depressum
1286,04b6af87b536b6fa018fdd8ff97fad6a,LM995092,87.702,309,8.64E-95,361,NA,NA,Phaeophyceae,Ectocarpales,Chordariaceae,NA,Chordariaceae sp. 10 AP-2014
1287,13a345da08d95f7cb3e3c550a39d7840,LM995092,88.026,309,1.86E-96,366,NA,NA,Phaeophyceae,Ectocarpales,Chordariaceae,NA,Chordariaceae sp. 10 AP-2014
1288,6b66d93ba5ba7e676e91ccc8b8faf669,LM995092,87.702,309,8.64E-95,361,NA,NA,Phaeophyceae,Ectocarpales,Chordariaceae,NA,Chordariaceae sp. 10 AP-2014
1289,e4488fe4f436cc965c219bbe6e9f07a8,LM995092,87.379,309,4.02E-93,355,NA,NA,Phaeophyceae,Ectocarpales,Chordariaceae,NA,Chordariaceae sp. 10 AP-2014
1290,06553ca1540fc76a1f3cbbf99f575b1c,JQ911979,99.029,309,3.69E-153,555,Metazoa,Arthropoda,Hexanauplia,Calanoida,Paracalanidae,Delibus,Delibus sp. AC-2013
1291,22a00a10e8abaabeb0b4c45dd4c42033,JQ911979,84.752,282,3.22E-69,276,Metazoa,Arthropoda,Hexanauplia,Calanoida,Paracalanidae,Delibus,Delibus sp. AC-2013
1292,30816957201dda85e3783651ced93e92,JQ911979,98.382,309,7.99E-150,544,Metazoa,Arthropoda,Hexanauplia,Calanoida,Paracalanidae,Delibus,Delibus sp. AC-2013
1293,4956238d476661dbcad26261b8679abb,JQ911979,94.498,309,3.74E-128,472,Metazoa,Arthropoda,Hexanauplia,Calanoida,Paracalanidae,Delibus,Delibus sp. AC-2013
1294,5d3a0961c97beea1d7e24fccd21145b2,JQ911979,98.382,309,7.99E-150,544,Metazoa,Arthropoda,Hexanauplia,Calanoida,Paracalanidae,Delibus,Delibus sp. AC-2013
1295,6c3316da3a6a85fcb4c7382f6b6d9212,JQ911979,98.382,309,7.99E-150,544,Metazoa,Arthropoda,Hexanauplia,Calanoida,Paracalanidae,Delibus,Delibus sp. AC-2013
1296,6c8ae6991cec64870808984ccbd3e199,JQ911979,99.676,309,1.71E-156,566,Metazoa,Arthropoda,Hexanauplia,Calanoida,Paracalanidae,Delibus,Delibus sp. AC-2013
1297,953a6adb4624b637a666e2dbae1832a1,JQ911979,98.382,309,7.99E-150,544,Metazoa,Arthropoda,Hexanauplia,Calanoida,Paracalanidae,Delibus,Delibus sp. AC-2013
1298,964bb82dadb1396763de0e8189a41733,JQ911979,98.382,309,7.99E-150,544,Metazoa,Arthropoda,Hexanauplia,Calanoida,Paracalanidae,Delibus,Delibus sp. AC-2013
1299,c9b44e44a825c219a2555a5354724073,JQ911979,98.706,309,1.72E-151,549,Metazoa,Arthropoda,Hexanauplia,Calanoida,Paracalanidae,Delibus,Delibus sp. AC-2013
1300,da2dc260b64bfa077b5d6aea662dd3b6,JQ911979,98.382,309,7.99E-150,544,Metazoa,Arthropoda,Hexanauplia,Calanoida,Paracalanidae,Delibus,Delibus sp. AC-2013
1301,de6f0e7a60c542ea8a6e09e2e19e5e1b,NC_026452,82.295,305,2.51E-65,263,NA,NA,NA,Apusomonadida,Apusomonadidae,Thecamonas,Thecamonas trahens
1302,093bbeda408ce18fa65755c071dfcb5e,MH136960,82.085,307,3.24E-64,259,NA,Oomycota,NA,Peronosporales,Peronosporaceae,Phytophthora,Phytophthora polonica
1303,270e31d6ed248934c21a4518c338d971,MH136960,82.736,307,1.50E-67,270,NA,Oomycota,NA,Peronosporales,Peronosporaceae,Phytophthora,Phytophthora polonica
1304,788fa83049df599e3746fb9b0f37ff91,MH136960,82.41,307,6.97E-66,265,NA,Oomycota,NA,Peronosporales,Peronosporaceae,Phytophthora,Phytophthora polonica
1305,fa0bd3ead705a57d944ec4e63b4ab7cf,MH136960,82.085,307,3.24E-64,259,NA,Oomycota,NA,Peronosporales,Peronosporaceae,Phytophthora,Phytophthora polonica
1306,9ef681dba02b5273a8340116e421b94d,KP750177,87.372,293,1.46E-87,337,NA,Bacillariophyta,Bacillariophyceae,Bacillariales,Bacillariaceae,Pseudo-nitzschia,Pseudo-nitzschia delicatissima
1307,e564f32ed43d1750a4dbf93e82456bcf,KP750177,87.372,293,1.46E-87,337,NA,Bacillariophyta,Bacillariophyceae,Bacillariales,Bacillariaceae,Pseudo-nitzschia,Pseudo-nitzschia delicatissima
1308,06cca119c04dd49b7959351e9f4168e8,LM995251,87.255,306,6.70E-91,348,NA,NA,Phaeophyceae,Ectocarpales,Chordariaceae,NA,Chordariaceae sp. 7 AP-2014
1309,3163fbe113389bfd312f3da5e3e78482,LM995251,85.135,296,5.31E-77,302,NA,NA,Phaeophyceae,Ectocarpales,Chordariaceae,NA,Chordariaceae sp. 7 AP-2014
1310,3b0f17baaab0914c95f9daa43949359f,LM995251,87.379,309,4.02E-93,355,NA,NA,Phaeophyceae,Ectocarpales,Chordariaceae,NA,Chordariaceae sp. 7 AP-2014
1311,7600cea7bcd408096474290d4bcb4d1f,LM995251,87.055,309,1.87E-91,350,NA,NA,Phaeophyceae,Ectocarpales,Chordariaceae,NA,Chordariaceae sp. 7 AP-2014
1312,a1dc699d00b5ac7c73aed22b9873f06d,LM995251,87.338,308,1.45E-92,353,NA,NA,Phaeophyceae,Ectocarpales,Chordariaceae,NA,Chordariaceae sp. 7 AP-2014
1313,dc5b7f418bbbad2f9d27fdb24e26bba5,LC107836,87.54,313,2.40E-95,363,NA,NA,Phaeophyceae,Ectocarpales,Chordariaceae,Laminarionema,Laminarionema elsbetiae
1314,1b1de87c712244665224bf694d004e1a,NC_036340,82.792,308,5.39E-67,268,Fungi,Basidiomycota,Microbotryomycetes,Sporidiobolales,Sporidiobolaceae,Rhodotorula,Rhodotorula mucilaginosa
1315,47b391401c80d7310e5566decfb7be82,NC_036340,98.083,313,2.22E-150,545,Fungi,Basidiomycota,Microbotryomycetes,Sporidiobolales,Sporidiobolaceae,Rhodotorula,Rhodotorula mucilaginosa
1316,cc5845e4e658472e1171bcb9f1d1a812,NC_036340,100,313,2.19E-160,579,Fungi,Basidiomycota,Microbotryomycetes,Sporidiobolales,Sporidiobolaceae,Rhodotorula,Rhodotorula mucilaginosa
1317,4e9e9dfd9f21bf317b2734ae9e5d8124,LM995299,83.667,300,1.92E-71,283,NA,NA,Phaeophyceae,Ectocarpales,Chordariaceae,NA,Chordariaceae sp. 3 AP-2014
1318,e6325864e1f38ea6b93728246aafd076,LM995299,83.333,300,8.95E-70,278,NA,NA,Phaeophyceae,Ectocarpales,Chordariaceae,NA,Chordariaceae sp. 3 AP-2014
1319,9e2e0ce7660dcea6e452edfcbc93d465,LM995365,85.619,299,6.82E-81,315,NA,NA,Phaeophyceae,Ectocarpales,Chordariaceae,NA,Chordariaceae sp. 18 AP-2014
1320,c8685d8614701ae8e76472e0fd9df444,LM995365,85.619,299,6.82E-81,315,NA,NA,Phaeophyceae,Ectocarpales,Chordariaceae,NA,Chordariaceae sp. 18 AP-2014
1321,765881e229a83cb1d1c6ec69807c4b80,LM995423,81.788,302,1.51E-62,254,NA,NA,Phaeophyceae,Ectocarpales,Chordariaceae,NA,Chordariaceae sp. 8 AP-2014
1322,061c3e58adf52ed75df0d76c78743a65,KP972542,90.615,309,8.46E-110,411,Metazoa,Arthropoda,Hexanauplia,Poecilostomatoida,Corycaeidae,Farranula,Farranula gibbula
1323,0823a257387aa6c0c4adb89ab8299c3c,KM114216,86.495,311,3.11E-89,342,Metazoa,Arthropoda,Hexanauplia,Poecilostomatoida,Corycaeidae,Farranula,Farranula gibbula
1324,0f4a238fe13a8171f02f1116eda68179,KM114216,99.678,311,1.31E-157,569,Metazoa,Arthropoda,Hexanauplia,Poecilostomatoida,Corycaeidae,Farranula,Farranula gibbula
1325,22e5321fdad4b245b248b9a6f6bfba9f,KM114216,99.357,311,6.09E-156,564,Metazoa,Arthropoda,Hexanauplia,Poecilostomatoida,Corycaeidae,Farranula,Farranula gibbula
1326,36d099c8ee5a08d1278b6348130e0a25,KM114216,98.071,311,2.85E-149,542,Metazoa,Arthropoda,Hexanauplia,Poecilostomatoida,Corycaeidae,Farranula,Farranula gibbula
1327,391e9a2f8214c90c286ab6cae8d57330,KM114216,96.743,307,2.25E-140,512,Metazoa,Arthropoda,Hexanauplia,Poecilostomatoida,Corycaeidae,Farranula,Farranula gibbula
1328,4ffa1ef1bdb05415b72480cafa54ab36,KP972542,90.939,309,1.82E-111,416,Metazoa,Arthropoda,Hexanauplia,Poecilostomatoida,Corycaeidae,Farranula,Farranula gibbula
1329,5ba9dfd9b975ecd6447178ee58a36df1,KP972542,90.554,307,1.09E-108,407,Metazoa,Arthropoda,Hexanauplia,Poecilostomatoida,Corycaeidae,Farranula,Farranula gibbula
1330,62c7d37f6c198c4d2fd0fa587ce310a9,KM114216,98.392,311,6.13E-151,547,Metazoa,Arthropoda,Hexanauplia,Poecilostomatoida,Corycaeidae,Farranula,Farranula gibbula
1331,656f11d2f2a063f3e9eb67b7bc3b83fa,KP972542,90.939,309,1.82E-111,416,Metazoa,Arthropoda,Hexanauplia,Poecilostomatoida,Corycaeidae,Farranula,Farranula gibbula
1332,680b48d760b71b5b2cffb8b85441f0cc,KM114216,99.361,313,4.74E-157,568,Metazoa,Arthropoda,Hexanauplia,Poecilostomatoida,Corycaeidae,Farranula,Farranula gibbula
1333,728320222841d481da9c084eb1cec45e,KM114216,98.403,313,4.78E-152,551,Metazoa,Arthropoda,Hexanauplia,Poecilostomatoida,Corycaeidae,Farranula,Farranula gibbula
1334,a8418e04d124c41887ef91d76c13977a,KP972542,90.615,309,8.46E-110,411,Metazoa,Arthropoda,Hexanauplia,Poecilostomatoida,Corycaeidae,Farranula,Farranula gibbula
1335,c8e4cdaa78f03303290659afcfce5375,KM114216,99.357,311,6.09E-156,564,Metazoa,Arthropoda,Hexanauplia,Poecilostomatoida,Corycaeidae,Farranula,Farranula gibbula
1336,cad4ad8a04ac621c5bc9e7ca9d15e2a0,KM114216,98.714,311,1.32E-152,553,Metazoa,Arthropoda,Hexanauplia,Poecilostomatoida,Corycaeidae,Farranula,Farranula gibbula
1337,ef77970ef3c0143a5108504e837a0e16,KM114216,97.049,305,6.22E-141,514,Metazoa,Arthropoda,Hexanauplia,Poecilostomatoida,Corycaeidae,Farranula,Farranula gibbula
1338,a1412685e2c3423897b9a3f5f69d89aa,MH818777,99.681,313,1.02E-158,573,Metazoa,Arthropoda,Hexanauplia,Calanoida,Paracalanidae,Paracalanus,Paracalanus quasimodo
1339,3d605b28270147fef836e3a0c89ea62e,HM045386,92.013,313,1.08E-118,440,Metazoa,Arthropoda,Hexanauplia,Calanoida,Euchaetidae,Euchaeta,Euchaeta rimana
1340,4f1d6f2b02f96b35b956af827d773de1,HM045386,91.693,313,5.02E-117,435,Metazoa,Arthropoda,Hexanauplia,Calanoida,Euchaetidae,Euchaeta,Euchaeta rimana
1341,d6cf04591780711388540fe250c2c1b3,HM045386,91.693,313,5.02E-117,435,Metazoa,Arthropoda,Hexanauplia,Calanoida,Euchaetidae,Euchaeta,Euchaeta rimana
1342,2f1731bc53f38ba1c0d3e4a87e0144b2,LC382487,82.051,312,1.94E-66,267,NA,NA,Phaeophyceae,Ectocarpales,Chordariaceae,Myriogloea,Myriogloea simplex
1343,c2d6372c389d8fdcaafc5115d3bee422,LM995414,83.667,300,6.92E-71,281,NA,NA,Phaeophyceae,Sphacelariales,Discosporangiaceae,Discosporangium,Discosporangium mesarthrocarpum
1344,c64a884d2d29e8a8c33debafeab8a7ee,LM995414,82.492,297,4.19E-63,255,NA,NA,Phaeophyceae,Sphacelariales,Discosporangiaceae,Discosporangium,Discosporangium mesarthrocarpum
1345,d684005ee8b2cd33a65c756a6341c944,OR085764,100,313,2.19E-160,579,NA,Chordata,Mammalia,Carnivora,Felidae,Felis,Felis catus
1346,2f1163d5d4ea4c77ee94e9f6568b7a25,HQ708180,82.54,315,4.16E-68,272,NA,Oomycota,NA,Saprolegniales,Saprolegniaceae,Achlya,Achlya recurva
1347,bdf73a0b8b2945aabb306b53d37a1139,HQ708180,82.222,315,1.94E-66,267,NA,Oomycota,NA,Saprolegniales,Saprolegniaceae,Achlya,Achlya recurva
1348,e9fb7de68029604bfb43eccde299c2ca,HQ708180,82.857,315,8.95E-70,278,NA,Oomycota,NA,Saprolegniales,Saprolegniaceae,Achlya,Achlya recurva
1349,01c9afd582b8749d8f705a4db4c1d1f0,LC150744,99.367,316,2.87E-159,575,NA,NA,Dinophyceae,Gymnodiniales,Gymnodiniaceae,Margalefidinium,Margalefidinium polykrikoides
1350,027769a971d6629d12deca1e70bb9b2e,LC150744,97.468,316,2.91E-149,542,NA,NA,Dinophyceae,Gymnodiniales,Gymnodiniaceae,Margalefidinium,Margalefidinium polykrikoides
1351,05ea3a615161c54092cb53377bde6766,LC150744,94.322,317,4.97E-132,484,NA,NA,Dinophyceae,Gymnodiniales,Gymnodiniaceae,Margalefidinium,Margalefidinium polykrikoides
1352,0f21e65060d2f62c322bd6636e54a2f5,LC150744,97.792,317,6.25E-151,547,NA,NA,Dinophyceae,Gymnodiniales,Gymnodiniaceae,Margalefidinium,Margalefidinium polykrikoides
1353,16aa5f540fce7b6156177adf481ac43b,LC150744,94.937,316,2.29E-135,496,NA,NA,Dinophyceae,Gymnodiniales,Gymnodiniaceae,Margalefidinium,Margalefidinium polykrikoides
1354,17cbc63186bacb2cfc71d8a49e63fb2e,LC150744,97.152,316,1.35E-147,536,NA,NA,Dinophyceae,Gymnodiniales,Gymnodiniaceae,Margalefidinium,Margalefidinium polykrikoides
1355,29d4e6aa2cb9d6fd707be187460beb15,LC150744,94.953,317,2.29E-135,496,NA,NA,Dinophyceae,Gymnodiniales,Gymnodiniaceae,Margalefidinium,Margalefidinium polykrikoides
1356,56211c87a8ae51dd1d5e912b059be98b,LC150744,99.684,316,6.16E-161,580,NA,NA,Dinophyceae,Gymnodiniales,Gymnodiniaceae,Margalefidinium,Margalefidinium polykrikoides
1357,62a4d32ac92f13c7f53f42a8e80b8577,LC150744,97.785,316,6.25E-151,547,NA,NA,Dinophyceae,Gymnodiniales,Gymnodiniaceae,Margalefidinium,Margalefidinium polykrikoides
1358,68616a9cafc6bd052d15fcbdac555026,LC150744,98.418,316,2.89E-154,558,NA,NA,Dinophyceae,Gymnodiniales,Gymnodiniaceae,Margalefidinium,Margalefidinium polykrikoides
1359,697fb9abfed4f284c6602a9d33f49bd7,LC150744,97.785,316,6.25E-151,547,NA,NA,Dinophyceae,Gymnodiniales,Gymnodiniaceae,Margalefidinium,Margalefidinium polykrikoides
1360,6d8f6f2d2e79a02e6209f401cb150afe,LC150744,97.152,316,1.35E-147,536,NA,NA,Dinophyceae,Gymnodiniales,Gymnodiniaceae,Margalefidinium,Margalefidinium polykrikoides
1361,7287b801960d3cacf24853ae8d04f277,LC150744,95.253,316,4.93E-137,501,NA,NA,Dinophyceae,Gymnodiniales,Gymnodiniaceae,Margalefidinium,Margalefidinium polykrikoides
1362,728ab341572ae3e1aaf3855806caa454,LC150744,98.734,316,2.22E-155,562,NA,NA,Dinophyceae,Gymnodiniales,Gymnodiniaceae,Margalefidinium,Margalefidinium polykrikoides
1363,767cf10aa562c602f85cb004eae955b3,LC150744,97.161,317,1.35E-147,536,NA,NA,Dinophyceae,Gymnodiniales,Gymnodiniaceae,Margalefidinium,Margalefidinium polykrikoides
1364,7abaa6213acce5ad1142c2592b11e5d5,LC150744,99.051,316,1.33E-157,569,NA,NA,Dinophyceae,Gymnodiniales,Gymnodiniaceae,Margalefidinium,Margalefidinium polykrikoides
1365,889bc26d6aaf265aec81682e71dc165c,LC150744,99.367,316,2.87E-159,575,NA,NA,Dinophyceae,Gymnodiniales,Gymnodiniaceae,Margalefidinium,Margalefidinium polykrikoides
1366,92f3208c7f11d95943190f50cbbd7812,LC150744,98.101,316,1.34E-152,553,NA,NA,Dinophyceae,Gymnodiniales,Gymnodiniaceae,Margalefidinium,Margalefidinium polykrikoides
1367,ac9e98f9a9091982d41d75d01d3f2db2,LC150744,96.845,317,6.29E-146,531,NA,NA,Dinophyceae,Gymnodiniales,Gymnodiniaceae,Margalefidinium,Margalefidinium polykrikoides
1368,afb8904e0af185f8333c0b6fce4ca94c,LC150744,98.73,315,2.23E-155,562,NA,NA,Dinophyceae,Gymnodiniales,Gymnodiniaceae,Margalefidinium,Margalefidinium polykrikoides
1369,c59620aa58b8b92619c3b0d58ed06364,LC150744,99.367,316,2.87E-159,575,NA,NA,Dinophyceae,Gymnodiniales,Gymnodiniaceae,Margalefidinium,Margalefidinium polykrikoides
1370,cc586f3bdda19022bdac7e06b0ffd5f3,LC150744,98.101,316,1.34E-152,553,NA,NA,Dinophyceae,Gymnodiniales,Gymnodiniaceae,Margalefidinium,Margalefidinium polykrikoides
1371,d3797679e231dbaef16c8595a2607062,LC150744,99.051,316,1.33E-157,569,NA,NA,Dinophyceae,Gymnodiniales,Gymnodiniaceae,Margalefidinium,Margalefidinium polykrikoides
1372,d531ea615c4c9d883884ad0f0d5f9d7d,LC150744,97.468,316,2.91E-149,542,NA,NA,Dinophyceae,Gymnodiniales,Gymnodiniaceae,Margalefidinium,Margalefidinium polykrikoides
1373,d8ad57b89752539afca3e6810c7ba94c,LC150744,97.785,316,6.25E-151,547,NA,NA,Dinophyceae,Gymnodiniales,Gymnodiniaceae,Margalefidinium,Margalefidinium polykrikoides
1374,e50094efda6e66d2fcf1d7d88939e50e,LC150744,99.051,316,1.33E-157,569,NA,NA,Dinophyceae,Gymnodiniales,Gymnodiniaceae,Margalefidinium,Margalefidinium polykrikoides
1375,f241e879570897d0206aa715ed713bed,LC150744,97.476,317,2.91E-149,542,NA,NA,Dinophyceae,Gymnodiniales,Gymnodiniaceae,Margalefidinium,Margalefidinium polykrikoides
1376,f90d016b5e57bd00a3fc5c20624b9eaa,LC150744,99.051,316,4.78E-157,568,NA,NA,Dinophyceae,Gymnodiniales,Gymnodiniaceae,Margalefidinium,Margalefidinium polykrikoides
1377,f9e00ccec3d97b39d759325f638b3df1,LC150744,95.268,317,4.93E-137,501,NA,NA,Dinophyceae,Gymnodiniales,Gymnodiniaceae,Margalefidinium,Margalefidinium polykrikoides
1378,9db73dc08c4e1ede4b740cd38b1dd6ac,OM603812,83.746,283,1.94E-66,267,NA,Arthropoda,Insecta,Diptera,Agromyzidae,NA,Agromyzidae sp.
1379,36f75ae668af7244081fcc51b20ea966,OQ589703,81.731,312,3.24E-64,259,Metazoa,Cnidaria,Hydrozoa,Limnomedusae,Olindiidae,Vallentinia,Vallentinia adherens
1380,4022b82bedf598917c0d620c1da8267a,OQ589703,82.051,312,6.97E-66,265,Metazoa,Cnidaria,Hydrozoa,Limnomedusae,Olindiidae,Vallentinia,Vallentinia adherens
1381,4fcdcac3452ce947281d4e0fae12c378,OQ589703,81.731,312,3.24E-64,259,Metazoa,Cnidaria,Hydrozoa,Limnomedusae,Olindiidae,Vallentinia,Vallentinia adherens
1382,e337fa1a0390fc0cef32ed71b1e7474a,OQ589703,81.41,312,1.51E-62,254,Metazoa,Cnidaria,Hydrozoa,Limnomedusae,Olindiidae,Vallentinia,Vallentinia adherens
1383,NA,NA,NA,NA,NA,NA,NA,NA,Raphidophyceae,Chattonellales,Chattonellaceae,Chattonella,Chattonella marina
1384,35038725168dbd4805825122241babe2,MT663151,91.941,273,1.84E-101,383,Fungi,Basidiomycota,Microbotryomycetes,Sporidiobolales,Sporidiobolaceae,Sporobolomyces,Sporobolomyces sp.
1385,55b261cea5bc0ccfae4db7ca19581836,OQ631081,87.58,314,2.40E-95,363,NA,Tubulinea,Elardia,Arcellinida,Centropyxidae,Centropyxis,Centropyxis blatta
1386,00ae646957df53e8e2ea51e1c75250c3,CP003809,87.821,312,1.86E-96,366,NA,Pseudomonadota,Alphaproteobacteria,Candidatus Pelagibacterales,Candidatus Pelagibacteraceae,NA,alpha proteobacterium HIMB5
1387,05c190c766794037ea3351a46703a155,CP003809,84.244,311,1.48E-77,303,NA,Pseudomonadota,Alphaproteobacteria,Candidatus Pelagibacterales,Candidatus Pelagibacteraceae,NA,alpha proteobacterium HIMB5
1388,06404d8fe170c7f47cace21954b3c496,CP003809,86.495,311,3.13E-89,342,NA,Pseudomonadota,Alphaproteobacteria,Candidatus Pelagibacterales,Candidatus Pelagibacteraceae,NA,alpha proteobacterium HIMB5
1389,08218b6584b680574390d5396c689296,CP003809,86.139,303,3.15E-84,326,NA,Pseudomonadota,Alphaproteobacteria,Candidatus Pelagibacterales,Candidatus Pelagibacteraceae,NA,alpha proteobacterium HIMB5
1390,0855d0b36a25e3c7134b50ba4f769990,CP003809,87.179,312,4.02E-93,355,NA,Pseudomonadota,Alphaproteobacteria,Candidatus Pelagibacterales,Candidatus Pelagibacteraceae,NA,alpha proteobacterium HIMB5
1391,0c56f4a49ad2238b02be1a142dab0286,CP003809,84.887,311,6.82E-81,315,NA,Pseudomonadota,Alphaproteobacteria,Candidatus Pelagibacterales,Candidatus Pelagibacteraceae,NA,alpha proteobacterium HIMB5
1392,0cf60b90665f76865341c5ea51791730,CP003809,85.209,311,1.47E-82,320,NA,Pseudomonadota,Alphaproteobacteria,Candidatus Pelagibacterales,Candidatus Pelagibacteraceae,NA,alpha proteobacterium HIMB5
1393,0eb475244194d09b9e4b00d45654ebf5,CP003809,84.615,312,8.83E-80,311,NA,Pseudomonadota,Alphaproteobacteria,Candidatus Pelagibacterales,Candidatus Pelagibacteraceae,NA,alpha proteobacterium HIMB5
1394,1319834ce3ae7e705d72e52dc7899870,CP003809,85.852,311,6.77E-86,331,NA,Pseudomonadota,Alphaproteobacteria,Candidatus Pelagibacterales,Candidatus Pelagibacteraceae,NA,alpha proteobacterium HIMB5
1395,19d576127225257b66d71fbf4cc6db76,CP003809,85.619,299,6.82E-81,315,NA,Pseudomonadota,Alphaproteobacteria,Candidatus Pelagibacterales,Candidatus Pelagibacteraceae,NA,alpha proteobacterium HIMB5
1396,1bddf7c238b0dff116d736ab2e8eb212,CP003809,85.209,311,1.47E-82,320,NA,Pseudomonadota,Alphaproteobacteria,Candidatus Pelagibacterales,Candidatus Pelagibacteraceae,NA,alpha proteobacterium HIMB5
1397,1d28428598163b1d7db4e9e7ef0c433f,CP003809,84.887,311,6.82E-81,315,NA,Pseudomonadota,Alphaproteobacteria,Candidatus Pelagibacterales,Candidatus Pelagibacteraceae,NA,alpha proteobacterium HIMB5
1398,21264aba84dec7dee3779eee89ba9037,CP003809,85.531,311,3.15E-84,326,NA,Pseudomonadota,Alphaproteobacteria,Candidatus Pelagibacterales,Candidatus Pelagibacteraceae,NA,alpha proteobacterium HIMB5
1399,24c74526487824d14c59a1171e1e17d5,CP003809,85.209,311,1.47E-82,320,NA,Pseudomonadota,Alphaproteobacteria,Candidatus Pelagibacterales,Candidatus Pelagibacteraceae,NA,alpha proteobacterium HIMB5
1400,25df047a52e0966eae748a690c272b84,CP003809,86.174,311,1.46E-87,337,NA,Pseudomonadota,Alphaproteobacteria,Candidatus Pelagibacterales,Candidatus Pelagibacteraceae,NA,alpha proteobacterium HIMB5
1401,272c560c59c9fcb7625f76e79a8b8513,CP003809,84.887,311,6.82E-81,315,NA,Pseudomonadota,Alphaproteobacteria,Candidatus Pelagibacterales,Candidatus Pelagibacteraceae,NA,alpha proteobacterium HIMB5
1402,294c9f31542fba838b860bd83cac2550,CP003809,84.936,312,1.90E-81,316,NA,Pseudomonadota,Alphaproteobacteria,Candidatus Pelagibacterales,Candidatus Pelagibacteraceae,NA,alpha proteobacterium HIMB5
1403,2d11d27b2b5af3ddc481d940aa53f38c,CP003809,85.852,311,6.77E-86,331,NA,Pseudomonadota,Alphaproteobacteria,Candidatus Pelagibacterales,Candidatus Pelagibacteraceae,NA,alpha proteobacterium HIMB5
1404,2de2e29641f09e945a3cce1456d04b85,CP003809,85.065,308,6.82E-81,315,NA,Pseudomonadota,Alphaproteobacteria,Candidatus Pelagibacterales,Candidatus Pelagibacteraceae,NA,alpha proteobacterium HIMB5
1405,2fc235ade0d97e664ed57cb8950877c1,CP003809,85.897,312,1.88E-86,333,NA,Pseudomonadota,Alphaproteobacteria,Candidatus Pelagibacterales,Candidatus Pelagibacteraceae,NA,alpha proteobacterium HIMB5
1406,34a83c609f0ae78a0de431f6681fcd60,CP003809,86.495,311,3.13E-89,342,NA,Pseudomonadota,Alphaproteobacteria,Candidatus Pelagibacterales,Candidatus Pelagibacteraceae,NA,alpha proteobacterium HIMB5
1407,39305ea1ef761afd76a3e124d8b5f645,CP003809,85.284,299,3.17E-79,309,NA,Pseudomonadota,Alphaproteobacteria,Candidatus Pelagibacterales,Candidatus Pelagibacteraceae,NA,alpha proteobacterium HIMB5
1408,396a4c364ba9b0704a2286a44f97b5a3,CP003809,87.179,312,4.02E-93,355,NA,Pseudomonadota,Alphaproteobacteria,Candidatus Pelagibacterales,Candidatus Pelagibacteraceae,NA,alpha proteobacterium HIMB5
1409,3d04091715900113e6697a3467f0341b,CP003809,85.531,311,3.14E-84,326,NA,Pseudomonadota,Alphaproteobacteria,Candidatus Pelagibacterales,Candidatus Pelagibacteraceae,NA,alpha proteobacterium HIMB5
1410,3ed7de84eb424fde66db14ad91177d47,CP003809,85.577,312,8.76E-85,327,NA,Pseudomonadota,Alphaproteobacteria,Candidatus Pelagibacterales,Candidatus Pelagibacteraceae,NA,alpha proteobacterium HIMB5
1411,458463ae1bfe2e9eb54d932f21066ae8,CP003809,83.766,308,3.20E-74,292,NA,Pseudomonadota,Alphaproteobacteria,Candidatus Pelagibacterales,Candidatus Pelagibacteraceae,NA,alpha proteobacterium HIMB5
1412,4e87bfb5388d90350542a591ba913ea3,CP003809,84.566,311,3.17E-79,309,NA,Pseudomonadota,Alphaproteobacteria,Candidatus Pelagibacterales,Candidatus Pelagibacteraceae,NA,alpha proteobacterium HIMB5
1413,4f867a8203f36a0b06054c91b00c2444,CP003809,85.209,311,1.47E-82,320,NA,Pseudomonadota,Alphaproteobacteria,Candidatus Pelagibacterales,Candidatus Pelagibacteraceae,NA,alpha proteobacterium HIMB5
1414,4f8a172190faee0e3c2bfc99d2976352,CP003809,83.442,308,1.49E-72,287,NA,Pseudomonadota,Alphaproteobacteria,Candidatus Pelagibacterales,Candidatus Pelagibacteraceae,NA,alpha proteobacterium HIMB5
1415,51c1c73132200036fbd6da3ee0b4770d,CP003809,84.887,311,6.82E-81,315,NA,Pseudomonadota,Alphaproteobacteria,Candidatus Pelagibacterales,Candidatus Pelagibacteraceae,NA,alpha proteobacterium HIMB5
1416,56333985cfe5d140574e8e3be9e08012,CP003809,85.209,311,1.47E-82,320,NA,Pseudomonadota,Alphaproteobacteria,Candidatus Pelagibacterales,Candidatus Pelagibacteraceae,NA,alpha proteobacterium HIMB5
1417,5b15dfb4ded1205f5c80be6f5018eb8c,CP003809,85.852,311,6.77E-86,331,NA,Pseudomonadota,Alphaproteobacteria,Candidatus Pelagibacterales,Candidatus Pelagibacteraceae,NA,alpha proteobacterium HIMB5
1418,5b9300f893fd3cf0d5a8ae9be3074715,CP003809,85.577,312,8.76E-85,327,NA,Pseudomonadota,Alphaproteobacteria,Candidatus Pelagibacterales,Candidatus Pelagibacteraceae,NA,alpha proteobacterium HIMB5
1419,5cbb42f26e22201e7ac8b29245db9ca1,CP003809,87.459,303,6.73E-91,348,NA,Pseudomonadota,Alphaproteobacteria,Candidatus Pelagibacterales,Candidatus Pelagibacteraceae,NA,alpha proteobacterium HIMB5
1420,5cce4ff0686dd74d353ccbb0456dc865,CP003809,85.209,311,1.47E-82,320,NA,Pseudomonadota,Alphaproteobacteria,Candidatus Pelagibacterales,Candidatus Pelagibacteraceae,NA,alpha proteobacterium HIMB5
1421,5dab867213ea1fa3094e7e664d818eaf,CP003809,88.412,233,6.92E-71,281,NA,Pseudomonadota,Alphaproteobacteria,Candidatus Pelagibacterales,Candidatus Pelagibacteraceae,NA,alpha proteobacterium HIMB5
1422,5ea6741a09c31fcd248e9439e798ce3a,CP003809,85.209,311,1.47E-82,320,NA,Pseudomonadota,Alphaproteobacteria,Candidatus Pelagibacterales,Candidatus Pelagibacteraceae,NA,alpha proteobacterium HIMB5
1423,5f45d8b0207359f63d8bccb9504e3729,CP003809,85.897,312,1.88E-86,333,NA,Pseudomonadota,Alphaproteobacteria,Candidatus Pelagibacterales,Candidatus Pelagibacteraceae,NA,alpha proteobacterium HIMB5
1424,5ff7b4327a2710705342f88fdbc9f407,CP003809,85.256,312,4.08E-83,322,NA,Pseudomonadota,Alphaproteobacteria,Candidatus Pelagibacterales,Candidatus Pelagibacteraceae,NA,alpha proteobacterium HIMB5
1425,643467a69b7024e79ec2d38afb70269b,CP003809,84.887,311,6.82E-81,315,NA,Pseudomonadota,Alphaproteobacteria,Candidatus Pelagibacterales,Candidatus Pelagibacteraceae,NA,alpha proteobacterium HIMB5
1426,644c5cef318707198a569fde7c4eac63,CP003809,85.948,306,8.76E-85,327,NA,Pseudomonadota,Alphaproteobacteria,Candidatus Pelagibacterales,Candidatus Pelagibacteraceae,NA,alpha proteobacterium HIMB5
1427,690eaf9510c1c88358fe2c4535138d07,CP003809,84.887,311,6.82E-81,315,NA,Pseudomonadota,Alphaproteobacteria,Candidatus Pelagibacterales,Candidatus Pelagibacteraceae,NA,alpha proteobacterium HIMB5
1428,6ab951a1437e6ecd26c08b36cec7ae09,CP003809,85.209,311,1.47E-82,320,NA,Pseudomonadota,Alphaproteobacteria,Candidatus Pelagibacterales,Candidatus Pelagibacteraceae,NA,alpha proteobacterium HIMB5
1429,6adfaa0de33cbd72de40ba9c5b4999a5,CP003809,86.441,295,1.13E-83,324,NA,Pseudomonadota,Alphaproteobacteria,Candidatus Pelagibacterales,Candidatus Pelagibacteraceae,NA,alpha proteobacterium HIMB5
1430,6b0fd170b958c0c0188e4a98be85a709,CP003809,85.209,311,1.47E-82,320,NA,Pseudomonadota,Alphaproteobacteria,Candidatus Pelagibacterales,Candidatus Pelagibacteraceae,NA,alpha proteobacterium HIMB5
1431,6b96888cf9d6de4db486bd93efab4c2f,CP003809,85.531,311,3.15E-84,326,NA,Pseudomonadota,Alphaproteobacteria,Candidatus Pelagibacterales,Candidatus Pelagibacteraceae,NA,alpha proteobacterium HIMB5
1432,73f48c0f4b298d7f45b8d428b8f112b2,CP003809,83.974,312,1.91E-76,300,NA,Pseudomonadota,Alphaproteobacteria,Candidatus Pelagibacterales,Candidatus Pelagibacteraceae,NA,alpha proteobacterium HIMB5
1433,740adad791763cbff38a3b7bcd38e361,CP003809,85.852,311,6.77E-86,331,NA,Pseudomonadota,Alphaproteobacteria,Candidatus Pelagibacterales,Candidatus Pelagibacteraceae,NA,alpha proteobacterium HIMB5
1434,77af156a41c6ae22f6d9168f890ee357,CP003809,86.495,311,3.13E-89,342,NA,Pseudomonadota,Alphaproteobacteria,Candidatus Pelagibacterales,Candidatus Pelagibacteraceae,NA,alpha proteobacterium HIMB5
1435,789060f3191eb8b8d9ff62946b156233,CP003809,85.531,311,3.15E-84,326,NA,Pseudomonadota,Alphaproteobacteria,Candidatus Pelagibacterales,Candidatus Pelagibacteraceae,NA,alpha proteobacterium HIMB5
1436,792c2de1537eda4335007787a18c4701,CP003809,84.918,305,3.17E-79,309,NA,Pseudomonadota,Alphaproteobacteria,Candidatus Pelagibacterales,Candidatus Pelagibacteraceae,NA,alpha proteobacterium HIMB5
1437,79eb44bc59b30b9ba158647abb9cdcc9,CP003809,84.887,311,6.82E-81,315,NA,Pseudomonadota,Alphaproteobacteria,Candidatus Pelagibacterales,Candidatus Pelagibacteraceae,NA,alpha proteobacterium HIMB5
1438,7a39d76c1b3dd94eadcdcc410edcfe7a,CP003809,84.936,312,1.90E-81,316,NA,Pseudomonadota,Alphaproteobacteria,Candidatus Pelagibacterales,Candidatus Pelagibacteraceae,NA,alpha proteobacterium HIMB5
1439,7aa5ef68e3be1ac065d53ef29a2c539d,CP003809,87.5,312,8.64E-95,361,NA,Pseudomonadota,Alphaproteobacteria,Candidatus Pelagibacterales,Candidatus Pelagibacteraceae,NA,alpha proteobacterium HIMB5
1440,7bc24532f51265ec2dbf66c9f9084d5d,CP003809,85.897,312,1.88E-86,333,NA,Pseudomonadota,Alphaproteobacteria,Candidatus Pelagibacterales,Candidatus Pelagibacteraceae,NA,alpha proteobacterium HIMB5
1441,7bd77787e28a348515e3ce4ee7979d66,CP003809,84.091,308,6.87E-76,298,NA,Pseudomonadota,Alphaproteobacteria,Candidatus Pelagibacterales,Candidatus Pelagibacteraceae,NA,alpha proteobacterium HIMB5
1442,7e62dd33a31299c49b0030235eab3315,CP003809,85.531,311,3.15E-84,326,NA,Pseudomonadota,Alphaproteobacteria,Candidatus Pelagibacterales,Candidatus Pelagibacteraceae,NA,alpha proteobacterium HIMB5
1443,822797a6e8728590b2ccf89edc6b14e5,CP003809,85.531,311,3.15E-84,326,NA,Pseudomonadota,Alphaproteobacteria,Candidatus Pelagibacterales,Candidatus Pelagibacteraceae,NA,alpha proteobacterium HIMB5
1444,86e5fafeef099c2174000ae1e23ecf7b,CP003809,85.948,306,8.76E-85,327,NA,Pseudomonadota,Alphaproteobacteria,Candidatus Pelagibacterales,Candidatus Pelagibacteraceae,NA,alpha proteobacterium HIMB5
1445,8861a86e9e7eeb02ccbe37ffc010d66e,CP003809,85.577,312,8.76E-85,327,NA,Pseudomonadota,Alphaproteobacteria,Candidatus Pelagibacterales,Candidatus Pelagibacteraceae,NA,alpha proteobacterium HIMB5
1446,8e09154d06d600c4e6375bd583bded72,CP003809,85.209,311,1.47E-82,320,NA,Pseudomonadota,Alphaproteobacteria,Candidatus Pelagibacterales,Candidatus Pelagibacteraceae,NA,alpha proteobacterium HIMB5
1447,8e7619ee753cfc6ed8cbac9183c7e317,CP003809,85.852,311,6.77E-86,331,NA,Pseudomonadota,Alphaproteobacteria,Candidatus Pelagibacterales,Candidatus Pelagibacteraceae,NA,alpha proteobacterium HIMB5
1448,9185eeab3744ef39400cd66b8484027f,CP003809,86.139,303,3.15E-84,326,NA,Pseudomonadota,Alphaproteobacteria,Candidatus Pelagibacterales,Candidatus Pelagibacteraceae,NA,alpha proteobacterium HIMB5
1449,98e0a7c17d4d376d8c9393f8f50b087f,CP003809,85.897,312,1.88E-86,333,NA,Pseudomonadota,Alphaproteobacteria,Candidatus Pelagibacterales,Candidatus Pelagibacteraceae,NA,alpha proteobacterium HIMB5
1450,9b23a45c294259d9fbbeb8251b522c4e,CP003809,86.174,311,1.46E-87,337,NA,Pseudomonadota,Alphaproteobacteria,Candidatus Pelagibacterales,Candidatus Pelagibacteraceae,NA,alpha proteobacterium HIMB5
1451,a326dea22df0890f9bdaedaa9b2c20c6,CP003809,85.852,311,6.77E-86,331,NA,Pseudomonadota,Alphaproteobacteria,Candidatus Pelagibacterales,Candidatus Pelagibacteraceae,NA,alpha proteobacterium HIMB5
1452,a407e975b05730320e46b82ca5d8d94c,CP003809,87.5,312,8.64E-95,361,NA,Pseudomonadota,Alphaproteobacteria,Candidatus Pelagibacterales,Candidatus Pelagibacteraceae,NA,alpha proteobacterium HIMB5
1453,a529083ff31a16657b5298bc9de1bfb1,CP003809,85.531,311,3.15E-84,326,NA,Pseudomonadota,Alphaproteobacteria,Candidatus Pelagibacterales,Candidatus Pelagibacteraceae,NA,alpha proteobacterium HIMB5
1454,a5e8f52f8551adcf2a62168d66c3c920,CP003809,84.244,311,1.48E-77,303,NA,Pseudomonadota,Alphaproteobacteria,Candidatus Pelagibacterales,Candidatus Pelagibacteraceae,NA,alpha proteobacterium HIMB5
1455,a7f0f58185a4cfd4a43cb13ed8620960,CP003809,86.799,303,1.46E-87,337,NA,Pseudomonadota,Alphaproteobacteria,Candidatus Pelagibacterales,Candidatus Pelagibacteraceae,NA,alpha proteobacterium HIMB5
1456,a85bebbeb254f8a6f8c46324806c2cfd,CP003809,87.138,311,1.45E-92,353,NA,Pseudomonadota,Alphaproteobacteria,Candidatus Pelagibacterales,Candidatus Pelagibacteraceae,NA,alpha proteobacterium HIMB5
1457,a8a699420d9f3b31d1b53c171f0504e9,CP003809,85.209,311,1.47E-82,320,NA,Pseudomonadota,Alphaproteobacteria,Candidatus Pelagibacterales,Candidatus Pelagibacteraceae,NA,alpha proteobacterium HIMB5
1458,b0a912d1b64f4f23b55e187642114936,CP003809,87.459,303,6.70E-91,348,NA,Pseudomonadota,Alphaproteobacteria,Candidatus Pelagibacterales,Candidatus Pelagibacteraceae,NA,alpha proteobacterium HIMB5
1459,b33c959af5eefe578db462c8c8872536,CP003809,85.531,311,3.15E-84,326,NA,Pseudomonadota,Alphaproteobacteria,Candidatus Pelagibacterales,Candidatus Pelagibacteraceae,NA,alpha proteobacterium HIMB5
1460,b35e1f67bcfe17d5813a640fc7a5bab5,CP003809,85.531,311,3.15E-84,326,NA,Pseudomonadota,Alphaproteobacteria,Candidatus Pelagibacterales,Candidatus Pelagibacteraceae,NA,alpha proteobacterium HIMB5
1461,b57f1eb1995b256b90312223b2c9df3b,CP003809,85.256,312,4.08E-83,322,NA,Pseudomonadota,Alphaproteobacteria,Candidatus Pelagibacterales,Candidatus Pelagibacteraceae,NA,alpha proteobacterium HIMB5
1462,b9d52ed04115cf68fa310df01191b291,CP003809,85.256,312,4.08E-83,322,NA,Pseudomonadota,Alphaproteobacteria,Candidatus Pelagibacterales,Candidatus Pelagibacteraceae,NA,alpha proteobacterium HIMB5
1463,bd03fa5c1948660349e0e310b4858e7b,CP003809,85.531,311,3.15E-84,326,NA,Pseudomonadota,Alphaproteobacteria,Candidatus Pelagibacterales,Candidatus Pelagibacteraceae,NA,alpha proteobacterium HIMB5
1464,bd196d438a149f56b9c37727251621f1,CP003809,86.532,297,3.15E-84,326,NA,Pseudomonadota,Alphaproteobacteria,Candidatus Pelagibacterales,Candidatus Pelagibacteraceae,NA,alpha proteobacterium HIMB5
1465,be9f286404c2f95694fd41a4b85d50b8,CP003809,85.577,312,8.76E-85,327,NA,Pseudomonadota,Alphaproteobacteria,Candidatus Pelagibacterales,Candidatus Pelagibacteraceae,NA,alpha proteobacterium HIMB5
1466,c06fd1586dc27b813bd965940502e992,CP003809,84.566,311,3.17E-79,309,NA,Pseudomonadota,Alphaproteobacteria,Candidatus Pelagibacterales,Candidatus Pelagibacteraceae,NA,alpha proteobacterium HIMB5
1467,c11d502da5637a5a721d267f2128b919,CP003809,86.495,311,3.13E-89,342,NA,Pseudomonadota,Alphaproteobacteria,Candidatus Pelagibacterales,Candidatus Pelagibacteraceae,NA,alpha proteobacterium HIMB5
1468,c5fd1f499dc7096258b0675c1c6734bd,CP003809,83.442,308,1.49E-72,287,NA,Pseudomonadota,Alphaproteobacteria,Candidatus Pelagibacterales,Candidatus Pelagibacteraceae,NA,alpha proteobacterium HIMB5
1469,c6d5a0cad824cd9ed24ecbdf2f2249a0,CP003809,85.256,312,4.08E-83,322,NA,Pseudomonadota,Alphaproteobacteria,Candidatus Pelagibacterales,Candidatus Pelagibacteraceae,NA,alpha proteobacterium HIMB5
1470,ca540e2144d207ac182188f555c9e29e,CP003809,85.852,311,6.77E-86,331,NA,Pseudomonadota,Alphaproteobacteria,Candidatus Pelagibacterales,Candidatus Pelagibacteraceae,NA,alpha proteobacterium HIMB5
1471,cb8083a18a2fd469067d78f862d1f5a0,CP003809,87.5,312,8.64E-95,361,NA,Pseudomonadota,Alphaproteobacteria,Candidatus Pelagibacterales,Candidatus Pelagibacteraceae,NA,alpha proteobacterium HIMB5
1472,cdb79b47d6af9125bf4980e65504b22c,CP003809,85.531,311,3.15E-84,326,NA,Pseudomonadota,Alphaproteobacteria,Candidatus Pelagibacterales,Candidatus Pelagibacteraceae,NA,alpha proteobacterium HIMB5
1473,d4f414b5d131659bcac54ac3fe052a06,CP003809,84.615,312,8.83E-80,311,NA,Pseudomonadota,Alphaproteobacteria,Candidatus Pelagibacterales,Candidatus Pelagibacteraceae,NA,alpha proteobacterium HIMB5
1474,d7f5a9638bf3829ed9e40f79db81c44a,CP003809,86.538,312,8.70E-90,344,NA,Pseudomonadota,Alphaproteobacteria,Candidatus Pelagibacterales,Candidatus Pelagibacteraceae,NA,alpha proteobacterium HIMB5
1475,d8715e3470384f70fc47bec01485097b,CP003809,84.295,312,4.11E-78,305,NA,Pseudomonadota,Alphaproteobacteria,Candidatus Pelagibacterales,Candidatus Pelagibacteraceae,NA,alpha proteobacterium HIMB5
1476,d96d2220b681d99ed658b11ffdf66bb1,CP003809,85.531,311,3.15E-84,326,NA,Pseudomonadota,Alphaproteobacteria,Candidatus Pelagibacterales,Candidatus Pelagibacteraceae,NA,alpha proteobacterium HIMB5
1477,dce9bbdef75828b91a3ac2cd9a101d8f,CP003809,86.897,290,3.15E-84,326,NA,Pseudomonadota,Alphaproteobacteria,Candidatus Pelagibacterales,Candidatus Pelagibacteraceae,NA,alpha proteobacterium HIMB5
1478,dd6c761aa6b1c424c0ca2fb470a8b58d,CP003809,85.897,312,1.88E-86,333,NA,Pseudomonadota,Alphaproteobacteria,Candidatus Pelagibacterales,Candidatus Pelagibacteraceae,NA,alpha proteobacterium HIMB5
1479,e8f50705670e12fc61864d2005d05889,CP003809,85.531,311,3.15E-84,326,NA,Pseudomonadota,Alphaproteobacteria,Candidatus Pelagibacterales,Candidatus Pelagibacteraceae,NA,alpha proteobacterium HIMB5
1480,e9b7d3c744649a2bd8ac65d7fac9f502,CP003809,85.897,312,1.88E-86,333,NA,Pseudomonadota,Alphaproteobacteria,Candidatus Pelagibacterales,Candidatus Pelagibacteraceae,NA,alpha proteobacterium HIMB5
1481,ea820aeef950fa0a7d58188d92f18988,CP003809,85.256,312,4.08E-83,322,NA,Pseudomonadota,Alphaproteobacteria,Candidatus Pelagibacterales,Candidatus Pelagibacteraceae,NA,alpha proteobacterium HIMB5
1482,ebc3d2c8df89e56fc02242e97e16894c,CP003809,87.459,303,6.73E-91,348,NA,Pseudomonadota,Alphaproteobacteria,Candidatus Pelagibacterales,Candidatus Pelagibacteraceae,NA,alpha proteobacterium HIMB5
1483,ed1c9477a335e43e85d44eb4f8c9b4a6,CP003809,85.714,308,3.15E-84,326,NA,Pseudomonadota,Alphaproteobacteria,Candidatus Pelagibacterales,Candidatus Pelagibacteraceae,NA,alpha proteobacterium HIMB5
1484,f1a48cd14feedb6b506c6b73542709d8,CP003809,86.23,305,6.77E-86,331,NA,Pseudomonadota,Alphaproteobacteria,Candidatus Pelagibacterales,Candidatus Pelagibacteraceae,NA,alpha proteobacterium HIMB5
1485,f1ff8e6d48baa7ba2e747f37faaf31e1,CP003809,85.531,311,3.15E-84,326,NA,Pseudomonadota,Alphaproteobacteria,Candidatus Pelagibacterales,Candidatus Pelagibacteraceae,NA,alpha proteobacterium HIMB5
1486,f276331596ac227ebb11b4c028925f63,CP003809,86.174,311,1.46E-87,337,NA,Pseudomonadota,Alphaproteobacteria,Candidatus Pelagibacterales,Candidatus Pelagibacteraceae,NA,alpha proteobacterium HIMB5
1487,f3c87c061be4592bfdd6e4c712bda1d8,CP003809,84.091,308,6.87E-76,298,NA,Pseudomonadota,Alphaproteobacteria,Candidatus Pelagibacterales,Candidatus Pelagibacteraceae,NA,alpha proteobacterium HIMB5
1488,f4e9270a38597eea5210ad3c4a7dc8c3,CP003809,85.209,311,1.47E-82,320,NA,Pseudomonadota,Alphaproteobacteria,Candidatus Pelagibacterales,Candidatus Pelagibacteraceae,NA,alpha proteobacterium HIMB5
1489,f771074d4715ee3e4a299a5c023bddc6,CP003809,84.887,311,6.82E-81,315,NA,Pseudomonadota,Alphaproteobacteria,Candidatus Pelagibacterales,Candidatus Pelagibacteraceae,NA,alpha proteobacterium HIMB5
1490,f826c9afcfe554de340a58f87f5e1c67,CP003809,84.566,311,3.17E-79,309,NA,Pseudomonadota,Alphaproteobacteria,Candidatus Pelagibacterales,Candidatus Pelagibacteraceae,NA,alpha proteobacterium HIMB5
1491,fab59bf344047990e95074d135bf8d45,CP003809,85.531,311,3.15E-84,326,NA,Pseudomonadota,Alphaproteobacteria,Candidatus Pelagibacterales,Candidatus Pelagibacteraceae,NA,alpha proteobacterium HIMB5
1492,fb9f61c6c369df263fa06e2659b722ae,CP003809,84.566,311,3.17E-79,309,NA,Pseudomonadota,Alphaproteobacteria,Candidatus Pelagibacterales,Candidatus Pelagibacteraceae,NA,alpha proteobacterium HIMB5
1493,fbf31c8783cc0bd3a8c8abc6324d9b11,CP003809,86.817,311,6.73E-91,348,NA,Pseudomonadota,Alphaproteobacteria,Candidatus Pelagibacterales,Candidatus Pelagibacteraceae,NA,alpha proteobacterium HIMB5
1494,ffe29d7ad7783249e324eed027a87709,CP003809,82.372,312,4.16E-68,272,NA,Pseudomonadota,Alphaproteobacteria,Candidatus Pelagibacterales,Candidatus Pelagibacteraceae,NA,alpha proteobacterium HIMB5
1495,174756406b56bbae28412d0164fedae8,KP136550,90.547,201,1.94E-66,267,Metazoa,Chaetognatha,NA,NA,NA,NA,Chaetognatha environmental sample
1496,374cac77d328ed29bc20895057319bfb,KP136606,84.887,311,2.43E-80,313,Metazoa,Chaetognatha,NA,NA,NA,NA,Chaetognatha environmental sample
1497,49b81e9aaba21fe44c7a1f9db40cdd92,KP136606,84.566,311,1.13E-78,307,Metazoa,Chaetognatha,NA,NA,NA,NA,Chaetognatha environmental sample
1498,9cfcdbb1b05c53affae2de0df67a701f,KP136606,85.209,311,5.22E-82,318,Metazoa,Chaetognatha,NA,NA,NA,NA,Chaetognatha environmental sample
1499,b8691b45f8b1c20c4f3fd4f3e264b4bf,KP136606,84.244,311,5.25E-77,302,Metazoa,Chaetognatha,NA,NA,NA,NA,Chaetognatha environmental sample
1500,d86977837ce12131e0a13abe05ba3988,KP136606,84.887,311,2.43E-80,313,Metazoa,Chaetognatha,NA,NA,NA,NA,Chaetognatha environmental sample
1501,01ffc9b28ac9c71f267c58aa0c622a92,CP020777,92.628,312,1.79E-121,449,NA,Pseudomonadota,Alphaproteobacteria,Candidatus Pelagibacterales,Candidatus Pelagibacteraceae,Candidatus Pelagibacter,Candidatus Pelagibacter sp. RS39
1502,08e2e19bdb9ff36fe65c3af203f16b46,CP020777,92.971,313,1.07E-123,457,NA,Pseudomonadota,Alphaproteobacteria,Candidatus Pelagibacterales,Candidatus Pelagibacteraceae,Candidatus Pelagibacter,Candidatus Pelagibacter sp. RS39
1503,09298f32daddaa7f36dab49a2027a2bf,CP020777,91.667,312,1.81E-116,433,NA,Pseudomonadota,Alphaproteobacteria,Candidatus Pelagibacterales,Candidatus Pelagibacteraceae,Candidatus Pelagibacter,Candidatus Pelagibacter sp. RS39
1504,0a89552e74cce9e96391adffee556cd5,CP020777,88.179,313,1.11E-98,374,NA,Pseudomonadota,Alphaproteobacteria,Candidatus Pelagibacterales,Candidatus Pelagibacteraceae,Candidatus Pelagibacter,Candidatus Pelagibacter sp. RS39
1505,0d61921d31b08d8266d498856b488898,CP020777,93.291,313,2.30E-125,462,NA,Pseudomonadota,Alphaproteobacteria,Candidatus Pelagibacterales,Candidatus Pelagibacteraceae,Candidatus Pelagibacter,Candidatus Pelagibacter sp. RS39
1506,0df2d54708579e9c71a471cd49eb5b8a,CP020777,93.291,313,2.30E-125,462,NA,Pseudomonadota,Alphaproteobacteria,Candidatus Pelagibacterales,Candidatus Pelagibacteraceae,Candidatus Pelagibacter,Candidatus Pelagibacter sp. RS39
1507,0e474738e82a66cb82a8e394116fd25e,CP020777,92.308,312,8.34E-120,444,NA,Pseudomonadota,Alphaproteobacteria,Candidatus Pelagibacterales,Candidatus Pelagibacteraceae,Candidatus Pelagibacter,Candidatus Pelagibacter sp. RS39
1508,1756be51f05aea6bb4b11d51c435326b,CP020777,93.269,312,8.28E-125,460,NA,Pseudomonadota,Alphaproteobacteria,Candidatus Pelagibacterales,Candidatus Pelagibacteraceae,Candidatus Pelagibacter,Candidatus Pelagibacter sp. RS39
1509,1b78cc779e7ff4472c7c548aea85b398,CP020777,83.974,312,1.91E-76,300,NA,Pseudomonadota,Alphaproteobacteria,Candidatus Pelagibacterales,Candidatus Pelagibacteraceae,Candidatus Pelagibacter,Candidatus Pelagibacter sp. RS39
1510,1c2964456364377a44dbde1d0f590b84,CP020777,92.628,312,1.79E-121,449,NA,Pseudomonadota,Alphaproteobacteria,Candidatus Pelagibacterales,Candidatus Pelagibacteraceae,Candidatus Pelagibacter,Candidatus Pelagibacter sp. RS39
1511,1cb470f0d1b7816ca87e0d5ff42833fc,CP020777,92.971,313,1.07E-123,457,NA,Pseudomonadota,Alphaproteobacteria,Candidatus Pelagibacterales,Candidatus Pelagibacteraceae,Candidatus Pelagibacter,Candidatus Pelagibacter sp. RS39
1512,1d7360567362422f32ef3196156b9506,CP020777,93.59,312,1.78E-126,466,NA,Pseudomonadota,Alphaproteobacteria,Candidatus Pelagibacterales,Candidatus Pelagibacteraceae,Candidatus Pelagibacter,Candidatus Pelagibacter sp. RS39
1513,1ddbc95141b6a0b7b64cfe6e50aac060,CP020777,84.026,313,5.31E-77,302,NA,Pseudomonadota,Alphaproteobacteria,Candidatus Pelagibacterales,Candidatus Pelagibacteraceae,Candidatus Pelagibacter,Candidatus Pelagibacter sp. RS39
1514,26bfecb59e8dcbf0a24e4bef3992dbe0,CP020777,91.346,312,8.40E-115,427,NA,Pseudomonadota,Alphaproteobacteria,Candidatus Pelagibacterales,Candidatus Pelagibacteraceae,Candidatus Pelagibacter,Candidatus Pelagibacter sp. RS39
1515,2725bb6797b21785fba0c5c5786730d0,CP020777,86.262,313,1.13E-88,340,NA,Pseudomonadota,Alphaproteobacteria,Candidatus Pelagibacterales,Candidatus Pelagibacteraceae,Candidatus Pelagibacter,Candidatus Pelagibacter sp. RS39
1516,2d20e3218ebcd390461d74386a450976,CP020777,93.93,313,1.06E-128,473,NA,Pseudomonadota,Alphaproteobacteria,Candidatus Pelagibacterales,Candidatus Pelagibacteraceae,Candidatus Pelagibacter,Candidatus Pelagibacter sp. RS39
1517,3590be0edf628bba5d0dd1deb00bfebc,CP020777,92.949,312,3.85E-123,455,NA,Pseudomonadota,Alphaproteobacteria,Candidatus Pelagibacterales,Candidatus Pelagibacteraceae,Candidatus Pelagibacter,Candidatus Pelagibacter sp. RS39
1518,3c52b4928d3c3f1d610a16498f679aeb,CP020777,92.308,312,8.34E-120,444,NA,Pseudomonadota,Alphaproteobacteria,Candidatus Pelagibacterales,Candidatus Pelagibacteraceae,Candidatus Pelagibacter,Candidatus Pelagibacter sp. RS39
1519,3e823decb27eba3ad75326108b90d693,CP020777,99.042,313,2.21E-155,562,NA,Pseudomonadota,Alphaproteobacteria,Candidatus Pelagibacterales,Candidatus Pelagibacteraceae,Candidatus Pelagibacter,Candidatus Pelagibacter sp. RS39
1520,410bafa9656b4d25e9a4a07b440fd316,CP020777,91.054,313,1.09E-113,424,NA,Pseudomonadota,Alphaproteobacteria,Candidatus Pelagibacterales,Candidatus Pelagibacteraceae,Candidatus Pelagibacter,Candidatus Pelagibacter sp. RS39
1521,48db5e72654c15f99682d92e6c0c68cc,CP020777,92.308,312,8.34E-120,444,NA,Pseudomonadota,Alphaproteobacteria,Candidatus Pelagibacterales,Candidatus Pelagibacteraceae,Candidatus Pelagibacter,Candidatus Pelagibacter sp. RS39
1522,51a6d4f3f57fec0d9727e391de5d3aa4,CP020777,92.628,312,1.79E-121,449,NA,Pseudomonadota,Alphaproteobacteria,Candidatus Pelagibacterales,Candidatus Pelagibacteraceae,Candidatus Pelagibacter,Candidatus Pelagibacter sp. RS39
1523,5544bba5a73867e9d34331569f57fbd8,CP020777,92.628,312,1.79E-121,449,NA,Pseudomonadota,Alphaproteobacteria,Candidatus Pelagibacterales,Candidatus Pelagibacteraceae,Candidatus Pelagibacter,Candidatus Pelagibacter sp. RS39
1524,5b0c3a997f7daa2b5a52f381a528fdb6,CP020777,93.59,312,1.78E-126,466,NA,Pseudomonadota,Alphaproteobacteria,Candidatus Pelagibacterales,Candidatus Pelagibacteraceae,Candidatus Pelagibacter,Candidatus Pelagibacter sp. RS39
1525,5c6ed8027f978fdb48147c934d49a1fc,CP020777,92.013,313,1.08E-118,440,NA,Pseudomonadota,Alphaproteobacteria,Candidatus Pelagibacterales,Candidatus Pelagibacteraceae,Candidatus Pelagibacter,Candidatus Pelagibacter sp. RS39
1526,5e9d68d9f6da11291f215159a645c1de,CP020777,91.346,312,8.40E-115,427,NA,Pseudomonadota,Alphaproteobacteria,Candidatus Pelagibacterales,Candidatus Pelagibacteraceae,Candidatus Pelagibacter,Candidatus Pelagibacter sp. RS39
1527,633ed69bcd3083c77906e8fb54ef0f93,CP020777,92.308,312,8.34E-120,444,NA,Pseudomonadota,Alphaproteobacteria,Candidatus Pelagibacterales,Candidatus Pelagibacteraceae,Candidatus Pelagibacter,Candidatus Pelagibacter sp. RS39
1528,67e0a2daf0e3e07a491c916ecd206cc6,CP020777,92.332,313,2.32E-120,446,NA,Pseudomonadota,Alphaproteobacteria,Candidatus Pelagibacterales,Candidatus Pelagibacteraceae,Candidatus Pelagibacter,Candidatus Pelagibacter sp. RS39
1529,695493e85a525c8c744f87d8087c5dc1,CP020777,88.462,312,8.58E-100,377,NA,Pseudomonadota,Alphaproteobacteria,Candidatus Pelagibacterales,Candidatus Pelagibacteraceae,Candidatus Pelagibacter,Candidatus Pelagibacter sp. RS39
1530,6d27677cd33ff82f5293c4c794fd2c6e,CP020777,94.231,312,8.22E-130,477,NA,Pseudomonadota,Alphaproteobacteria,Candidatus Pelagibacterales,Candidatus Pelagibacteraceae,Candidatus Pelagibacter,Candidatus Pelagibacter sp. RS39
1531,6eb904957f9aea821ecc517aaf0baadd,CP020777,92.557,309,8.34E-120,444,NA,Pseudomonadota,Alphaproteobacteria,Candidatus Pelagibacterales,Candidatus Pelagibacteraceae,Candidatus Pelagibacter,Candidatus Pelagibacter sp. RS39
1532,70355b1f1c0ab8bd1894111afcfe6603,CP020777,92.994,314,2.99E-124,459,NA,Pseudomonadota,Alphaproteobacteria,Candidatus Pelagibacterales,Candidatus Pelagibacteraceae,Candidatus Pelagibacter,Candidatus Pelagibacter sp. RS39
1533,7685daaf4de13e35da12a203b404a5a5,CP020777,92.949,312,3.85E-123,455,NA,Pseudomonadota,Alphaproteobacteria,Candidatus Pelagibacterales,Candidatus Pelagibacteraceae,Candidatus Pelagibacter,Candidatus Pelagibacter sp. RS39
1534,7b7b9534647da7903bd6543b5a3eba94,CP020777,92.332,313,2.32E-120,446,NA,Pseudomonadota,Alphaproteobacteria,Candidatus Pelagibacterales,Candidatus Pelagibacteraceae,Candidatus Pelagibacter,Candidatus Pelagibacter sp. RS39
1535,7c7951d41291855b79ee80c2e5e6f3ac,CP020777,91.613,310,2.34E-115,429,NA,Pseudomonadota,Alphaproteobacteria,Candidatus Pelagibacterales,Candidatus Pelagibacteraceae,Candidatus Pelagibacter,Candidatus Pelagibacter sp. RS39
1536,8001196f1a10f960b7011fc66896777b,CP020777,92.628,312,1.79E-121,449,NA,Pseudomonadota,Alphaproteobacteria,Candidatus Pelagibacterales,Candidatus Pelagibacteraceae,Candidatus Pelagibacter,Candidatus Pelagibacter sp. RS39
1537,843f39cfdffb86d0ce825a380e94aace,CP020777,93.269,312,8.28E-125,460,NA,Pseudomonadota,Alphaproteobacteria,Candidatus Pelagibacterales,Candidatus Pelagibacteraceae,Candidatus Pelagibacter,Candidatus Pelagibacter sp. RS39
1538,867550cccf9226f4dfff9e47081cdd14,CP020777,88.462,312,8.58E-100,377,NA,Pseudomonadota,Alphaproteobacteria,Candidatus Pelagibacterales,Candidatus Pelagibacteraceae,Candidatus Pelagibacter,Candidatus Pelagibacter sp. RS39
1539,88043c020aee20bb8519eeace38b2159,CP020777,93.269,312,8.28E-125,460,NA,Pseudomonadota,Alphaproteobacteria,Candidatus Pelagibacterales,Candidatus Pelagibacteraceae,Candidatus Pelagibacter,Candidatus Pelagibacter sp. RS39
1540,8ace9a73ca9b5110a29386790498b294,CP020777,91.987,312,3.88E-118,438,NA,Pseudomonadota,Alphaproteobacteria,Candidatus Pelagibacterales,Candidatus Pelagibacteraceae,Candidatus Pelagibacter,Candidatus Pelagibacter sp. RS39
1541,9169a2d89f7d01d965b83703faaf9f21,CP020777,92.949,312,3.85E-123,455,NA,Pseudomonadota,Alphaproteobacteria,Candidatus Pelagibacterales,Candidatus Pelagibacteraceae,Candidatus Pelagibacter,Candidatus Pelagibacter sp. RS39
1542,9a80291fcb92c4be3bbfa863eb15d014,CP020777,88.35,309,3.99E-98,372,NA,Pseudomonadota,Alphaproteobacteria,Candidatus Pelagibacterales,Candidatus Pelagibacteraceae,Candidatus Pelagibacter,Candidatus Pelagibacter sp. RS39
1543,9d4fd07461030bce750e783dfcd9d84e,CP020777,92.332,313,2.32E-120,446,NA,Pseudomonadota,Alphaproteobacteria,Candidatus Pelagibacterales,Candidatus Pelagibacteraceae,Candidatus Pelagibacter,Candidatus Pelagibacter sp. RS39
1544,9eb0aae725fe1feb1af6d43aa5338cad,CP020777,98.722,313,1.03E-153,556,NA,Pseudomonadota,Alphaproteobacteria,Candidatus Pelagibacterales,Candidatus Pelagibacteraceae,Candidatus Pelagibacter,Candidatus Pelagibacter sp. RS39
1545,9ff14268ba983034a0f60e6574ee025d,CP020777,85.437,309,4.08E-83,322,NA,Pseudomonadota,Alphaproteobacteria,Candidatus Pelagibacterales,Candidatus Pelagibacteraceae,Candidatus Pelagibacter,Candidatus Pelagibacter sp. RS39
1546,a4adb3d1d52c4a02959c2249625942f9,CP020777,92.628,312,1.79E-121,449,NA,Pseudomonadota,Alphaproteobacteria,Candidatus Pelagibacterales,Candidatus Pelagibacteraceae,Candidatus Pelagibacter,Candidatus Pelagibacter sp. RS39
1547,ac51e89075f8a32d6ec9c95cb0e96a63,CP020777,91.987,312,3.88E-118,438,NA,Pseudomonadota,Alphaproteobacteria,Candidatus Pelagibacterales,Candidatus Pelagibacteraceae,Candidatus Pelagibacter,Candidatus Pelagibacter sp. RS39
1548,b21ad452f20c2a64d33f0f732d34640a,CP020777,88.103,311,1.44E-97,370,NA,Pseudomonadota,Alphaproteobacteria,Candidatus Pelagibacterales,Candidatus Pelagibacteraceae,Candidatus Pelagibacter,Candidatus Pelagibacter sp. RS39
1549,b639fc1f0f7323a4858b222ec0c9729b,CP020777,93.59,312,1.78E-126,466,NA,Pseudomonadota,Alphaproteobacteria,Candidatus Pelagibacterales,Candidatus Pelagibacteraceae,Candidatus Pelagibacter,Candidatus Pelagibacter sp. RS39
1550,b8420a66488eb52f5833761cee5e5a11,CP020777,91.346,312,8.40E-115,427,NA,Pseudomonadota,Alphaproteobacteria,Candidatus Pelagibacterales,Candidatus Pelagibacteraceae,Candidatus Pelagibacter,Candidatus Pelagibacter sp. RS39
1551,ba6855bf6716329f1cd2cd1370d1140a,CP020777,93.91,312,3.83E-128,472,NA,Pseudomonadota,Alphaproteobacteria,Candidatus Pelagibacterales,Candidatus Pelagibacteraceae,Candidatus Pelagibacter,Candidatus Pelagibacter sp. RS39
1552,bbe7a3c0cf957ed9b7ce79d9ec7f180b,CP020777,91.667,312,1.81E-116,433,NA,Pseudomonadota,Alphaproteobacteria,Candidatus Pelagibacterales,Candidatus Pelagibacteraceae,Candidatus Pelagibacter,Candidatus Pelagibacter sp. RS39
1553,bcc5fe6414c465673e12102dd6917fb8,CP020777,93.269,312,8.28E-125,460,NA,Pseudomonadota,Alphaproteobacteria,Candidatus Pelagibacterales,Candidatus Pelagibacteraceae,Candidatus Pelagibacter,Candidatus Pelagibacter sp. RS39
1554,bfae8545805259ebac7550c0b15f9367,CP020777,91.374,313,2.34E-115,429,NA,Pseudomonadota,Alphaproteobacteria,Candidatus Pelagibacterales,Candidatus Pelagibacteraceae,Candidatus Pelagibacter,Candidatus Pelagibacter sp. RS39
1555,c74737cb7aeca277572bcfd944544f08,CP020777,92.308,312,8.34E-120,444,NA,Pseudomonadota,Alphaproteobacteria,Candidatus Pelagibacterales,Candidatus Pelagibacteraceae,Candidatus Pelagibacter,Candidatus Pelagibacter sp. RS39
1556,c780e108f443960cc1d7f6a01b2bb928,CP020777,98.083,313,2.22E-150,545,NA,Pseudomonadota,Alphaproteobacteria,Candidatus Pelagibacterales,Candidatus Pelagibacteraceae,Candidatus Pelagibacter,Candidatus Pelagibacter sp. RS39
1557,c824cb42f40126a2c1cca12506fa34ef,CP020777,87.46,311,3.11E-94,359,NA,Pseudomonadota,Alphaproteobacteria,Candidatus Pelagibacterales,Candidatus Pelagibacteraceae,Candidatus Pelagibacter,Candidatus Pelagibacter sp. RS39
1558,ca226042ac804e180d40c592857522ee,CP020777,92.308,312,8.34E-120,444,NA,Pseudomonadota,Alphaproteobacteria,Candidatus Pelagibacterales,Candidatus Pelagibacteraceae,Candidatus Pelagibacter,Candidatus Pelagibacter sp. RS39
1559,ca84803128d25e5345c80e28f7759f3a,CP020777,99.361,313,4.74E-157,568,NA,Pseudomonadota,Alphaproteobacteria,Candidatus Pelagibacterales,Candidatus Pelagibacteraceae,Candidatus Pelagibacter,Candidatus Pelagibacter sp. RS39
1560,cc57f5f08f23f0b83a5a5f402c431b90,CP020777,93.269,312,8.28E-125,460,NA,Pseudomonadota,Alphaproteobacteria,Candidatus Pelagibacterales,Candidatus Pelagibacteraceae,Candidatus Pelagibacter,Candidatus Pelagibacter sp. RS39
1561,d0ba6044855ad254f0276eb5ca5e381e,CP020777,85.113,309,1.90E-81,316,NA,Pseudomonadota,Alphaproteobacteria,Candidatus Pelagibacterales,Candidatus Pelagibacteraceae,Candidatus Pelagibacter,Candidatus Pelagibacter sp. RS39
1562,dc1a1986e4254d7a652415e917653343,CP020777,92.308,312,8.34E-120,444,NA,Pseudomonadota,Alphaproteobacteria,Candidatus Pelagibacterales,Candidatus Pelagibacteraceae,Candidatus Pelagibacter,Candidatus Pelagibacter sp. RS39
1563,e04ae8e337b4ed4187eaff92cb43f52b,CP020777,92.308,312,8.34E-120,444,NA,Pseudomonadota,Alphaproteobacteria,Candidatus Pelagibacterales,Candidatus Pelagibacteraceae,Candidatus Pelagibacter,Candidatus Pelagibacter sp. RS39
1564,e28f2a4b721c2f4d3175fd3119747d3d,CP020777,91.667,312,1.81E-116,433,NA,Pseudomonadota,Alphaproteobacteria,Candidatus Pelagibacterales,Candidatus Pelagibacteraceae,Candidatus Pelagibacter,Candidatus Pelagibacter sp. RS39
1565,e31c91c4b144b497d45d2452f2397750,CP020777,92.971,313,1.07E-123,457,NA,Pseudomonadota,Alphaproteobacteria,Candidatus Pelagibacterales,Candidatus Pelagibacteraceae,Candidatus Pelagibacter,Candidatus Pelagibacter sp. RS39
1566,e6248c30f1ab25cffe3ecc00c0cb1fd7,CP020777,89.103,312,3.96E-103,388,NA,Pseudomonadota,Alphaproteobacteria,Candidatus Pelagibacterales,Candidatus Pelagibacteraceae,Candidatus Pelagibacter,Candidatus Pelagibacter sp. RS39
1567,e9babb95c2219e50196543a56841c895,CP020777,92.652,313,4.98E-122,451,NA,Pseudomonadota,Alphaproteobacteria,Candidatus Pelagibacterales,Candidatus Pelagibacteraceae,Candidatus Pelagibacter,Candidatus Pelagibacter sp. RS39
1568,eae9b1e43bdb455b535906a7d9bee959,CP020777,91.987,312,3.88E-118,438,NA,Pseudomonadota,Alphaproteobacteria,Candidatus Pelagibacterales,Candidatus Pelagibacteraceae,Candidatus Pelagibacter,Candidatus Pelagibacter sp. RS39
1569,eb6fc43facfcbd06b013d7689f819844,CP020777,87.859,313,5.16E-97,368,NA,Pseudomonadota,Alphaproteobacteria,Candidatus Pelagibacterales,Candidatus Pelagibacteraceae,Candidatus Pelagibacter,Candidatus Pelagibacter sp. RS39
1570,ec0c32f0ef74d035feb99daad0cd9e49,CP020777,92.949,312,3.85E-123,455,NA,Pseudomonadota,Alphaproteobacteria,Candidatus Pelagibacterales,Candidatus Pelagibacteraceae,Candidatus Pelagibacter,Candidatus Pelagibacter sp. RS39
1571,eefb01741e17a2a61228fad494b384ef,CP020777,85.304,313,1.13E-83,324,NA,Pseudomonadota,Alphaproteobacteria,Candidatus Pelagibacterales,Candidatus Pelagibacteraceae,Candidatus Pelagibacter,Candidatus Pelagibacter sp. RS39
1572,f0683cd88abeb9674f98730bbc51fc25,CP020777,87.22,313,1.12E-93,357,NA,Pseudomonadota,Alphaproteobacteria,Candidatus Pelagibacterales,Candidatus Pelagibacteraceae,Candidatus Pelagibacter,Candidatus Pelagibacter sp. RS39
1573,f12e71a5138da049129918eab641c02e,CP020777,93.269,312,8.28E-125,460,NA,Pseudomonadota,Alphaproteobacteria,Candidatus Pelagibacterales,Candidatus Pelagibacteraceae,Candidatus Pelagibacter,Candidatus Pelagibacter sp. RS39
1574,f33414bdb6caca1e1dd1c21c0d50d027,CP020777,92.628,312,1.79E-121,449,NA,Pseudomonadota,Alphaproteobacteria,Candidatus Pelagibacterales,Candidatus Pelagibacteraceae,Candidatus Pelagibacter,Candidatus Pelagibacter sp. RS39
1575,f734ffd819efd70d50b81d0062c75773,CP020777,92.308,312,8.34E-120,444,NA,Pseudomonadota,Alphaproteobacteria,Candidatus Pelagibacterales,Candidatus Pelagibacteraceae,Candidatus Pelagibacter,Candidatus Pelagibacter sp. RS39
1576,f9cd9d49af5c10a58b869417c7687760,CP020777,91.987,312,3.88E-118,438,NA,Pseudomonadota,Alphaproteobacteria,Candidatus Pelagibacterales,Candidatus Pelagibacteraceae,Candidatus Pelagibacter,Candidatus Pelagibacter sp. RS39
1577,fad2a8f3f4ac74eb313e3120948084be,CP020777,92.971,313,1.07E-123,457,NA,Pseudomonadota,Alphaproteobacteria,Candidatus Pelagibacterales,Candidatus Pelagibacteraceae,Candidatus Pelagibacter,Candidatus Pelagibacter sp. RS39
1578,001e4a504d54dd80d187a6abea380ce1,CP020778,84.936,312,1.90E-81,316,NA,Pseudomonadota,Alphaproteobacteria,Candidatus Pelagibacterales,Candidatus Pelagibacteraceae,Candidatus Pelagibacter,Candidatus Pelagibacter sp. RS40
1579,00e37dc5cf2816fba1f9db132e489d7d,CP020778,83.224,304,8.95E-70,278,NA,Pseudomonadota,Alphaproteobacteria,Candidatus Pelagibacterales,Candidatus Pelagibacteraceae,Candidatus Pelagibacter,Candidatus Pelagibacter sp. RS40
1580,0324558f20401f4438a639e3768e4609,CP020778,85.256,312,4.08E-83,322,NA,Pseudomonadota,Alphaproteobacteria,Candidatus Pelagibacterales,Candidatus Pelagibacteraceae,Candidatus Pelagibacter,Candidatus Pelagibacter sp. RS40
1581,041004ba15353c6b184764fbd29162f9,CP020778,84.615,312,8.83E-80,311,NA,Pseudomonadota,Alphaproteobacteria,Candidatus Pelagibacterales,Candidatus Pelagibacteraceae,Candidatus Pelagibacter,Candidatus Pelagibacter sp. RS40
1582,060b0ba923aec69f900523040c818ff6,CP020778,84.936,312,1.90E-81,316,NA,Pseudomonadota,Alphaproteobacteria,Candidatus Pelagibacterales,Candidatus Pelagibacteraceae,Candidatus Pelagibacter,Candidatus Pelagibacter sp. RS40
1583,07da468b2a337a5dcc202c2ce1ab9ae3,CP020778,83.66,306,4.14E-73,289,NA,Pseudomonadota,Alphaproteobacteria,Candidatus Pelagibacterales,Candidatus Pelagibacteraceae,Candidatus Pelagibacter,Candidatus Pelagibacter sp. RS40
1584,0bddf52b58bbba139b1f66ed2775d196,CP020778,85.897,312,1.88E-86,333,NA,Pseudomonadota,Alphaproteobacteria,Candidatus Pelagibacterales,Candidatus Pelagibacteraceae,Candidatus Pelagibacter,Candidatus Pelagibacter sp. RS40
1585,0dc7f66138d56a714fafbd12a1382d2a,CP020778,85.256,312,4.08E-83,322,NA,Pseudomonadota,Alphaproteobacteria,Candidatus Pelagibacterales,Candidatus Pelagibacteraceae,Candidatus Pelagibacter,Candidatus Pelagibacter sp. RS40
1586,1144e070f671c8360b4179f90c5070ad,CP020778,84.936,312,1.90E-81,316,NA,Pseudomonadota,Alphaproteobacteria,Candidatus Pelagibacterales,Candidatus Pelagibacteraceae,Candidatus Pelagibacter,Candidatus Pelagibacter sp. RS40
1587,11d048790a65fc9893b9cb650c56491d,CP020778,84.936,312,1.90E-81,316,NA,Pseudomonadota,Alphaproteobacteria,Candidatus Pelagibacterales,Candidatus Pelagibacteraceae,Candidatus Pelagibacter,Candidatus Pelagibacter sp. RS40
1588,1313b07b3f17eb1704da4407862d5cf4,CP020778,85.577,312,8.76E-85,327,NA,Pseudomonadota,Alphaproteobacteria,Candidatus Pelagibacterales,Candidatus Pelagibacteraceae,Candidatus Pelagibacter,Candidatus Pelagibacter sp. RS40
1589,1345c3791271009006ab4a51e15dbbc2,CP020778,84.615,312,8.83E-80,311,NA,Pseudomonadota,Alphaproteobacteria,Candidatus Pelagibacterales,Candidatus Pelagibacteraceae,Candidatus Pelagibacter,Candidatus Pelagibacter sp. RS40
1590,13c3f8a24c028b6a6776735a48022ae5,CP020778,84.936,312,1.90E-81,316,NA,Pseudomonadota,Alphaproteobacteria,Candidatus Pelagibacterales,Candidatus Pelagibacteraceae,Candidatus Pelagibacter,Candidatus Pelagibacter sp. RS40
1591,17af35f4f57f729e262aee6675114560,CP020778,85.256,312,4.08E-83,322,NA,Pseudomonadota,Alphaproteobacteria,Candidatus Pelagibacterales,Candidatus Pelagibacteraceae,Candidatus Pelagibacter,Candidatus Pelagibacter sp. RS40
1592,17b776efc78aabe0a80716a4ff6a6139,CP020778,85.897,312,1.88E-86,333,NA,Pseudomonadota,Alphaproteobacteria,Candidatus Pelagibacterales,Candidatus Pelagibacteraceae,Candidatus Pelagibacter,Candidatus Pelagibacter sp. RS40
1593,17ebee79aec9007feacd71cd7fbf5f20,CP020778,85.256,312,4.08E-83,322,NA,Pseudomonadota,Alphaproteobacteria,Candidatus Pelagibacterales,Candidatus Pelagibacteraceae,Candidatus Pelagibacter,Candidatus Pelagibacter sp. RS40
1594,18b3022f20b375489c710d443d0e4987,CP020778,85.577,312,8.76E-85,327,NA,Pseudomonadota,Alphaproteobacteria,Candidatus Pelagibacterales,Candidatus Pelagibacteraceae,Candidatus Pelagibacter,Candidatus Pelagibacter sp. RS40
1595,1953b9ba914836cbb0d08fd8e683a1fc,CP020778,83.974,312,1.91E-76,300,NA,Pseudomonadota,Alphaproteobacteria,Candidatus Pelagibacterales,Candidatus Pelagibacteraceae,Candidatus Pelagibacter,Candidatus Pelagibacter sp. RS40
1596,1d01bb1a4d32dd1db9a1c0f185f27efe,CP020778,84.615,312,8.83E-80,311,NA,Pseudomonadota,Alphaproteobacteria,Candidatus Pelagibacterales,Candidatus Pelagibacteraceae,Candidatus Pelagibacter,Candidatus Pelagibacter sp. RS40
1597,1e514175cd6d71fbc838b68b933f07c4,CP020778,85.256,312,4.08E-83,322,NA,Pseudomonadota,Alphaproteobacteria,Candidatus Pelagibacterales,Candidatus Pelagibacteraceae,Candidatus Pelagibacter,Candidatus Pelagibacter sp. RS40
1598,202d82ee5921a1fe9007d331cd854d38,CP020778,85.256,312,4.08E-83,322,NA,Pseudomonadota,Alphaproteobacteria,Candidatus Pelagibacterales,Candidatus Pelagibacteraceae,Candidatus Pelagibacter,Candidatus Pelagibacter sp. RS40
1599,2043d2ba3cff5370a1a40a3296a36df9,CP020778,84.295,312,4.11E-78,305,NA,Pseudomonadota,Alphaproteobacteria,Candidatus Pelagibacterales,Candidatus Pelagibacteraceae,Candidatus Pelagibacter,Candidatus Pelagibacter sp. RS40
1600,214771cab0f96ea689b027ac67f29a53,CP020778,86.218,312,4.05E-88,339,NA,Pseudomonadota,Alphaproteobacteria,Candidatus Pelagibacterales,Candidatus Pelagibacteraceae,Candidatus Pelagibacter,Candidatus Pelagibacter sp. RS40
1601,23f973d05e399a75b9541dc20f405920,CP020778,84.314,306,1.91E-76,300,NA,Pseudomonadota,Alphaproteobacteria,Candidatus Pelagibacterales,Candidatus Pelagibacteraceae,Candidatus Pelagibacter,Candidatus Pelagibacter sp. RS40
1602,26060c7802048f5c65b4ba6e201a6d72,CP020778,85.256,312,4.08E-83,322,NA,Pseudomonadota,Alphaproteobacteria,Candidatus Pelagibacterales,Candidatus Pelagibacteraceae,Candidatus Pelagibacter,Candidatus Pelagibacter sp. RS40
1603,28e3f6b7d2ff86684d704eff87b050eb,CP020778,85.577,312,8.76E-85,327,NA,Pseudomonadota,Alphaproteobacteria,Candidatus Pelagibacterales,Candidatus Pelagibacteraceae,Candidatus Pelagibacter,Candidatus Pelagibacter sp. RS40
1604,2a882f96f74cd32537bf1ef387ea0680,CP020778,85.256,312,4.08E-83,322,NA,Pseudomonadota,Alphaproteobacteria,Candidatus Pelagibacterales,Candidatus Pelagibacteraceae,Candidatus Pelagibacter,Candidatus Pelagibacter sp. RS40
1605,2ec110f12d351337ddee7aa43bb568b9,CP020778,85.577,312,8.76E-85,327,NA,Pseudomonadota,Alphaproteobacteria,Candidatus Pelagibacterales,Candidatus Pelagibacteraceae,Candidatus Pelagibacter,Candidatus Pelagibacter sp. RS40
1606,35a7038c84d353f4ab13d68de2236569,CP020778,84.936,312,1.90E-81,316,NA,Pseudomonadota,Alphaproteobacteria,Candidatus Pelagibacterales,Candidatus Pelagibacteraceae,Candidatus Pelagibacter,Candidatus Pelagibacter sp. RS40
1607,35fa207553d0f9d61b6d38832d33b844,CP020778,83.987,306,8.89E-75,294,NA,Pseudomonadota,Alphaproteobacteria,Candidatus Pelagibacterales,Candidatus Pelagibacteraceae,Candidatus Pelagibacter,Candidatus Pelagibacter sp. RS40
1608,3a40c6f591743514a16afc12ec30f748,CP020778,85.623,313,2.44E-85,329,NA,Pseudomonadota,Alphaproteobacteria,Candidatus Pelagibacterales,Candidatus Pelagibacteraceae,Candidatus Pelagibacter,Candidatus Pelagibacter sp. RS40
1609,3b6280a2c4f7e6b233c951e8085ca505,CP020778,87.821,312,1.86E-96,366,NA,Pseudomonadota,Alphaproteobacteria,Candidatus Pelagibacterales,Candidatus Pelagibacteraceae,Candidatus Pelagibacter,Candidatus Pelagibacter sp. RS40
1610,3bda4720a9c4802ac1f3719ee4823a0d,CP020778,85.577,312,8.76E-85,327,NA,Pseudomonadota,Alphaproteobacteria,Candidatus Pelagibacterales,Candidatus Pelagibacteraceae,Candidatus Pelagibacter,Candidatus Pelagibacter sp. RS40
1611,3fbfee761c9fb6435b33c69cedad7e09,CP020778,84.936,312,1.90E-81,316,NA,Pseudomonadota,Alphaproteobacteria,Candidatus Pelagibacterales,Candidatus Pelagibacteraceae,Candidatus Pelagibacter,Candidatus Pelagibacter sp. RS40
1612,4201b3432ed25424efb559fd1becd9c6,CP020778,84.615,312,8.83E-80,311,NA,Pseudomonadota,Alphaproteobacteria,Candidatus Pelagibacterales,Candidatus Pelagibacteraceae,Candidatus Pelagibacter,Candidatus Pelagibacter sp. RS40
1613,43d68735b06f9273a3ca110248f189b9,CP020778,86.817,311,6.73E-91,348,NA,Pseudomonadota,Alphaproteobacteria,Candidatus Pelagibacterales,Candidatus Pelagibacteraceae,Candidatus Pelagibacter,Candidatus Pelagibacter sp. RS40
1614,4573fbb62b0a5371ed896edb1cb4ea51,CP020778,87.179,312,4.02E-93,355,NA,Pseudomonadota,Alphaproteobacteria,Candidatus Pelagibacterales,Candidatus Pelagibacteraceae,Candidatus Pelagibacter,Candidatus Pelagibacter sp. RS40
1615,4b8aff09f4d96fc778831eb85b66b1f5,CP020778,85.531,311,3.15E-84,326,NA,Pseudomonadota,Alphaproteobacteria,Candidatus Pelagibacterales,Candidatus Pelagibacteraceae,Candidatus Pelagibacter,Candidatus Pelagibacter sp. RS40
1616,4d7af3b4575b61b3aa8d4cfdb6065b9b,CP020778,83.013,312,1.92E-71,283,NA,Pseudomonadota,Alphaproteobacteria,Candidatus Pelagibacterales,Candidatus Pelagibacteraceae,Candidatus Pelagibacter,Candidatus Pelagibacter sp. RS40
1617,4ddec488bedafc83625f5057b1d43021,CP020778,85.623,313,2.44E-85,329,NA,Pseudomonadota,Alphaproteobacteria,Candidatus Pelagibacterales,Candidatus Pelagibacteraceae,Candidatus Pelagibacter,Candidatus Pelagibacter sp. RS40
1618,4f648f30d0b6d25f5c85f725a69f59ea,CP020778,85.577,312,8.76E-85,327,NA,Pseudomonadota,Alphaproteobacteria,Candidatus Pelagibacterales,Candidatus Pelagibacteraceae,Candidatus Pelagibacter,Candidatus Pelagibacter sp. RS40
1619,51cc8ab0d54cf219f5847cb786fe2ffc,CP020778,83.387,313,1.48E-72,287,NA,Pseudomonadota,Alphaproteobacteria,Candidatus Pelagibacterales,Candidatus Pelagibacteraceae,Candidatus Pelagibacter,Candidatus Pelagibacter sp. RS40
1620,530241fb3eba558d61506290a7ad06bf,CP020778,85.714,315,8.76E-85,327,NA,Pseudomonadota,Alphaproteobacteria,Candidatus Pelagibacterales,Candidatus Pelagibacteraceae,Candidatus Pelagibacter,Candidatus Pelagibacter sp. RS40
1621,552c6d1f2e7525c1be91b9577ec82e0a,CP020778,85.897,312,1.88E-86,333,NA,Pseudomonadota,Alphaproteobacteria,Candidatus Pelagibacterales,Candidatus Pelagibacteraceae,Candidatus Pelagibacter,Candidatus Pelagibacter sp. RS40
1622,56c72cb9e584a25875d1f109c3977ed5,CP020778,85.256,312,4.08E-83,322,NA,Pseudomonadota,Alphaproteobacteria,Candidatus Pelagibacterales,Candidatus Pelagibacteraceae,Candidatus Pelagibacter,Candidatus Pelagibacter sp. RS40
1623,5821231e40817a5b4efa043488ce3b06,CP020778,84.762,315,8.83E-80,311,NA,Pseudomonadota,Alphaproteobacteria,Candidatus Pelagibacterales,Candidatus Pelagibacteraceae,Candidatus Pelagibacter,Candidatus Pelagibacter sp. RS40
1624,59efd9e600d01b418971c7ff7c6f006e,CP020778,84.615,312,8.83E-80,311,NA,Pseudomonadota,Alphaproteobacteria,Candidatus Pelagibacterales,Candidatus Pelagibacteraceae,Candidatus Pelagibacter,Candidatus Pelagibacter sp. RS40
1625,5cf31782d7ac7c8c84b9147b532b6e1e,CP020778,84.936,312,1.90E-81,316,NA,Pseudomonadota,Alphaproteobacteria,Candidatus Pelagibacterales,Candidatus Pelagibacteraceae,Candidatus Pelagibacter,Candidatus Pelagibacter sp. RS40
1626,5d7fd3239a56e2882c6ee45e8f21adf8,CP020778,85.256,312,4.08E-83,322,NA,Pseudomonadota,Alphaproteobacteria,Candidatus Pelagibacterales,Candidatus Pelagibacteraceae,Candidatus Pelagibacter,Candidatus Pelagibacter sp. RS40
1627,600385c6ab75b3b03e542ea9591f3916,CP020778,83.013,312,1.92E-71,283,NA,Pseudomonadota,Alphaproteobacteria,Candidatus Pelagibacterales,Candidatus Pelagibacteraceae,Candidatus Pelagibacter,Candidatus Pelagibacter sp. RS40
1628,600f62c3b91b0ee6c64f2c3a3c2a2195,CP020778,85.256,312,4.08E-83,322,NA,Pseudomonadota,Alphaproteobacteria,Candidatus Pelagibacterales,Candidatus Pelagibacteraceae,Candidatus Pelagibacter,Candidatus Pelagibacter sp. RS40
1629,6273f41d274eb1626fffff7dd535243d,CP020778,85.256,312,4.08E-83,322,NA,Pseudomonadota,Alphaproteobacteria,Candidatus Pelagibacterales,Candidatus Pelagibacteraceae,Candidatus Pelagibacter,Candidatus Pelagibacter sp. RS40
1630,6277cb39eafcecf2d67a3d875f112967,CP020778,85.577,312,8.76E-85,327,NA,Pseudomonadota,Alphaproteobacteria,Candidatus Pelagibacterales,Candidatus Pelagibacteraceae,Candidatus Pelagibacter,Candidatus Pelagibacter sp. RS40
1631,63b3a0de9e81195a735bceddd7f8d9e6,CP020778,84.314,306,1.91E-76,300,NA,Pseudomonadota,Alphaproteobacteria,Candidatus Pelagibacterales,Candidatus Pelagibacteraceae,Candidatus Pelagibacter,Candidatus Pelagibacter sp. RS40
1632,65c0d7feb0836500f728e64704665a16,CP020778,83.279,305,8.95E-70,278,NA,Pseudomonadota,Alphaproteobacteria,Candidatus Pelagibacterales,Candidatus Pelagibacteraceae,Candidatus Pelagibacter,Candidatus Pelagibacter sp. RS40
1633,65db2a492a70df69ed609e308d6176d9,CP020778,97.428,311,6.22E-146,531,NA,Pseudomonadota,Alphaproteobacteria,Candidatus Pelagibacterales,Candidatus Pelagibacteraceae,Candidatus Pelagibacter,Candidatus Pelagibacter sp. RS40
1634,6aa0fd5e8dc70f3ae90563dbb6cc327a,CP020778,83.333,312,4.14E-73,289,NA,Pseudomonadota,Alphaproteobacteria,Candidatus Pelagibacterales,Candidatus Pelagibacteraceae,Candidatus Pelagibacter,Candidatus Pelagibacter sp. RS40
1635,6bcb99515f922e5941649fc0abe06752,CP020778,84.641,306,4.11E-78,305,NA,Pseudomonadota,Alphaproteobacteria,Candidatus Pelagibacterales,Candidatus Pelagibacteraceae,Candidatus Pelagibacter,Candidatus Pelagibacter sp. RS40
1636,6c96c829d29fa9c3dd03cc014c9e0ecf,CP020778,97.444,313,4.81E-147,534,NA,Pseudomonadota,Alphaproteobacteria,Candidatus Pelagibacterales,Candidatus Pelagibacteraceae,Candidatus Pelagibacter,Candidatus Pelagibacter sp. RS40
1637,6d1f1c9cc6783d60ab0ccf4ff49ba997,CP020778,85.256,312,4.08E-83,322,NA,Pseudomonadota,Alphaproteobacteria,Candidatus Pelagibacterales,Candidatus Pelagibacteraceae,Candidatus Pelagibacter,Candidatus Pelagibacter sp. RS40
1638,704e62634ca83e9251b798d01de14e98,CP020778,84.936,312,1.90E-81,316,NA,Pseudomonadota,Alphaproteobacteria,Candidatus Pelagibacterales,Candidatus Pelagibacteraceae,Candidatus Pelagibacter,Candidatus Pelagibacter sp. RS40
1639,70b7176d6e103a5e148f13d440f150bb,CP020778,86.495,311,3.13E-89,342,NA,Pseudomonadota,Alphaproteobacteria,Candidatus Pelagibacterales,Candidatus Pelagibacteraceae,Candidatus Pelagibacter,Candidatus Pelagibacter sp. RS40
1640,70ee5a9da986b2a8718e9af32c66c61c,CP020778,85.256,312,4.08E-83,322,NA,Pseudomonadota,Alphaproteobacteria,Candidatus Pelagibacterales,Candidatus Pelagibacteraceae,Candidatus Pelagibacter,Candidatus Pelagibacter sp. RS40
1641,7675af10976b766a7b1d62f6a7a0797b,CP020778,85.256,312,4.08E-83,322,NA,Pseudomonadota,Alphaproteobacteria,Candidatus Pelagibacterales,Candidatus Pelagibacteraceae,Candidatus Pelagibacter,Candidatus Pelagibacter sp. RS40
1642,786696d2996d91c4f8f97836861ff508,CP020778,82.748,313,2.49E-70,279,NA,Pseudomonadota,Alphaproteobacteria,Candidatus Pelagibacterales,Candidatus Pelagibacteraceae,Candidatus Pelagibacter,Candidatus Pelagibacter sp. RS40
1643,7b8fd2a9ccfdf0813cc5b0eebc9a2592,CP020778,85.577,312,8.76E-85,327,NA,Pseudomonadota,Alphaproteobacteria,Candidatus Pelagibacterales,Candidatus Pelagibacteraceae,Candidatus Pelagibacter,Candidatus Pelagibacter sp. RS40
1644,7cc5d921f2b266957935c864d5d8e47d,CP020778,84.936,312,1.90E-81,316,NA,Pseudomonadota,Alphaproteobacteria,Candidatus Pelagibacterales,Candidatus Pelagibacteraceae,Candidatus Pelagibacter,Candidatus Pelagibacter sp. RS40
1645,7e7795556f57b1a777a313e0663b7b82,CP020778,85.852,311,6.77E-86,331,NA,Pseudomonadota,Alphaproteobacteria,Candidatus Pelagibacterales,Candidatus Pelagibacteraceae,Candidatus Pelagibacter,Candidatus Pelagibacter sp. RS40
1646,7f3b2cb7b31481f3b7b8bfe4d692ad9b,CP020778,84.936,312,1.90E-81,316,NA,Pseudomonadota,Alphaproteobacteria,Candidatus Pelagibacterales,Candidatus Pelagibacteraceae,Candidatus Pelagibacter,Candidatus Pelagibacter sp. RS40
1647,8335943253350022621c9bd0a292f60c,CP020778,85.256,312,4.08E-83,322,NA,Pseudomonadota,Alphaproteobacteria,Candidatus Pelagibacterales,Candidatus Pelagibacteraceae,Candidatus Pelagibacter,Candidatus Pelagibacter sp. RS40
1648,8985c9ad2a1c11791d8c348a00fae9dd,CP020778,85.897,312,1.88E-86,333,NA,Pseudomonadota,Alphaproteobacteria,Candidatus Pelagibacterales,Candidatus Pelagibacteraceae,Candidatus Pelagibacter,Candidatus Pelagibacter sp. RS40
1649,8b3a39fbe1fae71a59ea03e62f670904,CP020778,84.936,312,1.90E-81,316,NA,Pseudomonadota,Alphaproteobacteria,Candidatus Pelagibacterales,Candidatus Pelagibacteraceae,Candidatus Pelagibacter,Candidatus Pelagibacter sp. RS40
1650,8bed0570bfe9f37b8482a33636649824,CP020778,84.936,312,1.90E-81,316,NA,Pseudomonadota,Alphaproteobacteria,Candidatus Pelagibacterales,Candidatus Pelagibacteraceae,Candidatus Pelagibacter,Candidatus Pelagibacter sp. RS40
1651,8c5d013d36c0545041631bbfcd0e9ac8,CP020778,85.256,312,4.08E-83,322,NA,Pseudomonadota,Alphaproteobacteria,Candidatus Pelagibacterales,Candidatus Pelagibacteraceae,Candidatus Pelagibacter,Candidatus Pelagibacter sp. RS40
1652,8e50b767dd5aa14743404e9a0c04c672,CP020778,84.936,312,1.90E-81,316,NA,Pseudomonadota,Alphaproteobacteria,Candidatus Pelagibacterales,Candidatus Pelagibacteraceae,Candidatus Pelagibacter,Candidatus Pelagibacter sp. RS40
1653,9111fe73339ad1303f549f283e75692a,CP020778,84.244,311,1.48E-77,303,NA,Pseudomonadota,Alphaproteobacteria,Candidatus Pelagibacterales,Candidatus Pelagibacteraceae,Candidatus Pelagibacter,Candidatus Pelagibacter sp. RS40
1654,912d89d9c2a25255b28c42eb427c4d06,CP020778,82.372,312,4.16E-68,272,NA,Pseudomonadota,Alphaproteobacteria,Candidatus Pelagibacterales,Candidatus Pelagibacteraceae,Candidatus Pelagibacter,Candidatus Pelagibacter sp. RS40
1655,922310d23fce4271390f083ee986a4e6,CP020778,85.256,312,4.08E-83,322,NA,Pseudomonadota,Alphaproteobacteria,Candidatus Pelagibacterales,Candidatus Pelagibacteraceae,Candidatus Pelagibacter,Candidatus Pelagibacter sp. RS40
1656,9265ff77fe75f041fa78a2a826548a09,CP020778,83.607,305,1.92E-71,283,NA,Pseudomonadota,Alphaproteobacteria,Candidatus Pelagibacterales,Candidatus Pelagibacteraceae,Candidatus Pelagibacter,Candidatus Pelagibacter sp. RS40
1657,98c2b3938363c46e3d028e41ec833e3e,CP020778,84.936,312,1.90E-81,316,NA,Pseudomonadota,Alphaproteobacteria,Candidatus Pelagibacterales,Candidatus Pelagibacteraceae,Candidatus Pelagibacter,Candidatus Pelagibacter sp. RS40
1658,98ecb5e45b350d73f36abc94eefd2c78,CP020778,84.026,313,1.91E-76,300,NA,Pseudomonadota,Alphaproteobacteria,Candidatus Pelagibacterales,Candidatus Pelagibacteraceae,Candidatus Pelagibacter,Candidatus Pelagibacter sp. RS40
1659,9bd156ee57b9f8afba2f1a2e92b54a7e,CP020778,85.577,312,8.76E-85,327,NA,Pseudomonadota,Alphaproteobacteria,Candidatus Pelagibacterales,Candidatus Pelagibacteraceae,Candidatus Pelagibacter,Candidatus Pelagibacter sp. RS40
1660,9d3a4ad7f500fa2c060745ff2950bf70,CP020778,86.174,311,1.46E-87,337,NA,Pseudomonadota,Alphaproteobacteria,Candidatus Pelagibacterales,Candidatus Pelagibacteraceae,Candidatus Pelagibacter,Candidatus Pelagibacter sp. RS40
1661,a16386b5a1c0c01d53bb04db802aa1ee,CP020778,85.577,312,8.76E-85,327,NA,Pseudomonadota,Alphaproteobacteria,Candidatus Pelagibacterales,Candidatus Pelagibacteraceae,Candidatus Pelagibacter,Candidatus Pelagibacter sp. RS40
1662,a64b8a3a8bfeafca276d47d5368621ff,CP020778,85.577,312,8.76E-85,327,NA,Pseudomonadota,Alphaproteobacteria,Candidatus Pelagibacterales,Candidatus Pelagibacteraceae,Candidatus Pelagibacter,Candidatus Pelagibacter sp. RS40
1663,a74cfbb55a210b34bac431bf475900f8,CP020778,84.984,313,1.90E-81,316,NA,Pseudomonadota,Alphaproteobacteria,Candidatus Pelagibacterales,Candidatus Pelagibacteraceae,Candidatus Pelagibacter,Candidatus Pelagibacter sp. RS40
1664,aa4d7cef13af6020c8e18f2eb631e294,CP020778,85.256,312,4.08E-83,322,NA,Pseudomonadota,Alphaproteobacteria,Candidatus Pelagibacterales,Candidatus Pelagibacteraceae,Candidatus Pelagibacter,Candidatus Pelagibacter sp. RS40
1665,aeb087523177f483d7ac15f7d4459488,CP020778,83.923,311,6.87E-76,298,NA,Pseudomonadota,Alphaproteobacteria,Candidatus Pelagibacterales,Candidatus Pelagibacteraceae,Candidatus Pelagibacter,Candidatus Pelagibacter sp. RS40
1666,b072337ca0ecef2f19e3e37e13af065a,CP020778,84.936,312,1.90E-81,316,NA,Pseudomonadota,Alphaproteobacteria,Candidatus Pelagibacterales,Candidatus Pelagibacteraceae,Candidatus Pelagibacter,Candidatus Pelagibacter sp. RS40
1667,b327a4d38a69237a0f402e2c72599d28,CP020778,83.987,306,8.89E-75,294,NA,Pseudomonadota,Alphaproteobacteria,Candidatus Pelagibacterales,Candidatus Pelagibacteraceae,Candidatus Pelagibacter,Candidatus Pelagibacter sp. RS40
1668,b4ed793130ac1c167f5363ce0add3d8e,CP020778,84.936,312,1.90E-81,316,NA,Pseudomonadota,Alphaproteobacteria,Candidatus Pelagibacterales,Candidatus Pelagibacteraceae,Candidatus Pelagibacter,Candidatus Pelagibacter sp. RS40
1669,b89c5bf8b7c959701ecec8bec8a0b54d,CP020778,85.256,312,4.08E-83,322,NA,Pseudomonadota,Alphaproteobacteria,Candidatus Pelagibacterales,Candidatus Pelagibacteraceae,Candidatus Pelagibacter,Candidatus Pelagibacter sp. RS40
1670,ba10c859cdeb3ad41cb14900e63a6d8c,CP020778,85.256,312,4.08E-83,322,NA,Pseudomonadota,Alphaproteobacteria,Candidatus Pelagibacterales,Candidatus Pelagibacteraceae,Candidatus Pelagibacter,Candidatus Pelagibacter sp. RS40
1671,bf3c08cb871ad207197a1260ad2ee01b,CP020778,85.256,312,4.08E-83,322,NA,Pseudomonadota,Alphaproteobacteria,Candidatus Pelagibacterales,Candidatus Pelagibacteraceae,Candidatus Pelagibacter,Candidatus Pelagibacter sp. RS40
1672,c4d46132b0348381af824ab58251e48c,CP020778,82.372,312,4.16E-68,272,NA,Pseudomonadota,Alphaproteobacteria,Candidatus Pelagibacterales,Candidatus Pelagibacteraceae,Candidatus Pelagibacter,Candidatus Pelagibacter sp. RS40
1673,c93f6a20f2e5c79e08a005ad58b1518d,CP020778,85.897,312,1.88E-86,333,NA,Pseudomonadota,Alphaproteobacteria,Candidatus Pelagibacterales,Candidatus Pelagibacteraceae,Candidatus Pelagibacter,Candidatus Pelagibacter sp. RS40
1674,caa5c42f5f8b89bb39b5ed2dc6fcbcf8,CP020778,84.984,313,1.90E-81,316,NA,Pseudomonadota,Alphaproteobacteria,Candidatus Pelagibacterales,Candidatus Pelagibacteraceae,Candidatus Pelagibacter,Candidatus Pelagibacter sp. RS40
1675,d0021200c193d150761b885783f01a7b,CP020778,84.967,306,8.83E-80,311,NA,Pseudomonadota,Alphaproteobacteria,Candidatus Pelagibacterales,Candidatus Pelagibacteraceae,Candidatus Pelagibacter,Candidatus Pelagibacter sp. RS40
1676,d5ed3d0c226a36321dbb725f1f72d5c6,CP020778,83.828,303,4.14E-73,289,NA,Pseudomonadota,Alphaproteobacteria,Candidatus Pelagibacterales,Candidatus Pelagibacteraceae,Candidatus Pelagibacter,Candidatus Pelagibacter sp. RS40
1677,d6dbabcc31c798a910d56b66c1ddf38c,CP020778,85.256,312,4.08E-83,322,NA,Pseudomonadota,Alphaproteobacteria,Candidatus Pelagibacterales,Candidatus Pelagibacteraceae,Candidatus Pelagibacter,Candidatus Pelagibacter sp. RS40
1678,d772698ec4862d3eed6183f573e585c0,CP020778,85.577,312,8.76E-85,327,NA,Pseudomonadota,Alphaproteobacteria,Candidatus Pelagibacterales,Candidatus Pelagibacteraceae,Candidatus Pelagibacter,Candidatus Pelagibacter sp. RS40
1679,d8dad4d845866fc620cf59b8f418b390,CP020778,81.789,313,2.51E-65,263,NA,Pseudomonadota,Alphaproteobacteria,Candidatus Pelagibacterales,Candidatus Pelagibacteraceae,Candidatus Pelagibacter,Candidatus Pelagibacter sp. RS40
1680,da5d4e9b5df493cc29664bf34c2795bb,CP020778,86.495,311,3.13E-89,342,NA,Pseudomonadota,Alphaproteobacteria,Candidatus Pelagibacterales,Candidatus Pelagibacteraceae,Candidatus Pelagibacter,Candidatus Pelagibacter sp. RS40
1681,da884b4ca73d48bbe8abc3eeed6d8350,CP020778,84.345,313,4.11E-78,305,NA,Pseudomonadota,Alphaproteobacteria,Candidatus Pelagibacterales,Candidatus Pelagibacteraceae,Candidatus Pelagibacter,Candidatus Pelagibacter sp. RS40
1682,db466d195b3311c70360c96e8bb81332,CP020778,85.577,312,8.76E-85,327,NA,Pseudomonadota,Alphaproteobacteria,Candidatus Pelagibacterales,Candidatus Pelagibacteraceae,Candidatus Pelagibacter,Candidatus Pelagibacter sp. RS40
1683,ddc806cdeb51f017b61924d70e8aa4d6,CP020778,85.256,312,4.08E-83,322,NA,Pseudomonadota,Alphaproteobacteria,Candidatus Pelagibacterales,Candidatus Pelagibacteraceae,Candidatus Pelagibacter,Candidatus Pelagibacter sp. RS40
1684,df3723aebc548034ebbc67cddeb53434,CP020778,84.936,312,1.90E-81,316,NA,Pseudomonadota,Alphaproteobacteria,Candidatus Pelagibacterales,Candidatus Pelagibacteraceae,Candidatus Pelagibacter,Candidatus Pelagibacter sp. RS40
1685,df3a6c17b565407dbf9b105d3039c7da,CP020778,84.295,312,4.11E-78,305,NA,Pseudomonadota,Alphaproteobacteria,Candidatus Pelagibacterales,Candidatus Pelagibacteraceae,Candidatus Pelagibacter,Candidatus Pelagibacter sp. RS40
1686,e183bbebedcb9f393d1b1cc4660d4a91,CP020778,82.109,313,5.39E-67,268,NA,Pseudomonadota,Alphaproteobacteria,Candidatus Pelagibacterales,Candidatus Pelagibacteraceae,Candidatus Pelagibacter,Candidatus Pelagibacter sp. RS40
1687,e2370090a4ca65ea0247297a4abc114d,CP020778,85.577,312,8.76E-85,327,NA,Pseudomonadota,Alphaproteobacteria,Candidatus Pelagibacterales,Candidatus Pelagibacteraceae,Candidatus Pelagibacter,Candidatus Pelagibacter sp. RS40
1688,e24a2d66dbe97637da19a866021cbdbe,CP020778,82.748,313,2.49E-70,279,NA,Pseudomonadota,Alphaproteobacteria,Candidatus Pelagibacterales,Candidatus Pelagibacteraceae,Candidatus Pelagibacter,Candidatus Pelagibacter sp. RS40
1689,e64220ce8a733954cac7837cce1b8e91,CP020778,84.984,313,1.90E-81,316,NA,Pseudomonadota,Alphaproteobacteria,Candidatus Pelagibacterales,Candidatus Pelagibacteraceae,Candidatus Pelagibacter,Candidatus Pelagibacter sp. RS40
1690,e66cf18b66907343ff37d0605489c644,CP020778,85.577,312,8.76E-85,327,NA,Pseudomonadota,Alphaproteobacteria,Candidatus Pelagibacterales,Candidatus Pelagibacteraceae,Candidatus Pelagibacter,Candidatus Pelagibacter sp. RS40
1691,e69ded59626634de887bb145eb55e5f3,CP020778,84.295,312,4.11E-78,305,NA,Pseudomonadota,Alphaproteobacteria,Candidatus Pelagibacterales,Candidatus Pelagibacteraceae,Candidatus Pelagibacter,Candidatus Pelagibacter sp. RS40
1692,e6c2fcb3e715610be08449e23365cc45,CP020778,85.577,312,8.76E-85,327,NA,Pseudomonadota,Alphaproteobacteria,Candidatus Pelagibacterales,Candidatus Pelagibacteraceae,Candidatus Pelagibacter,Candidatus Pelagibacter sp. RS40
1693,e9e43faecfc0bc11ffca9b6ac9b100a8,CP020778,84.967,306,8.83E-80,311,NA,Pseudomonadota,Alphaproteobacteria,Candidatus Pelagibacterales,Candidatus Pelagibacteraceae,Candidatus Pelagibacter,Candidatus Pelagibacter sp. RS40
1694,ece0b20077eaf2eb7226ab19b583895e,CP020778,83.654,312,8.89E-75,294,NA,Pseudomonadota,Alphaproteobacteria,Candidatus Pelagibacterales,Candidatus Pelagibacteraceae,Candidatus Pelagibacter,Candidatus Pelagibacter sp. RS40
1695,ece1b9c42e7f452a2ed16ddda65ff0d4,CP020778,85.256,312,4.08E-83,322,NA,Pseudomonadota,Alphaproteobacteria,Candidatus Pelagibacterales,Candidatus Pelagibacteraceae,Candidatus Pelagibacter,Candidatus Pelagibacter sp. RS40
1696,ee31e6b03828115e1c1020bf41ade32d,CP020778,85.256,312,4.08E-83,322,NA,Pseudomonadota,Alphaproteobacteria,Candidatus Pelagibacterales,Candidatus Pelagibacteraceae,Candidatus Pelagibacter,Candidatus Pelagibacter sp. RS40
1697,ef051a1e4b3dddb6e0b7705ffab7b1a5,CP020778,84.936,312,1.90E-81,316,NA,Pseudomonadota,Alphaproteobacteria,Candidatus Pelagibacterales,Candidatus Pelagibacteraceae,Candidatus Pelagibacter,Candidatus Pelagibacter sp. RS40
1698,ef9cee5988a6640cce646a8a9d93736d,CP020778,82.428,313,1.16E-68,274,NA,Pseudomonadota,Alphaproteobacteria,Candidatus Pelagibacterales,Candidatus Pelagibacteraceae,Candidatus Pelagibacter,Candidatus Pelagibacter sp. RS40
1699,f1e33aadc677c1ff4c206f30ba13be19,CP020778,84.936,312,1.90E-81,316,NA,Pseudomonadota,Alphaproteobacteria,Candidatus Pelagibacterales,Candidatus Pelagibacteraceae,Candidatus Pelagibacter,Candidatus Pelagibacter sp. RS40
1700,f2d9c2f44d3ab0dc64ca7a87f7209dca,CP020778,85.897,312,1.88E-86,333,NA,Pseudomonadota,Alphaproteobacteria,Candidatus Pelagibacterales,Candidatus Pelagibacteraceae,Candidatus Pelagibacter,Candidatus Pelagibacter sp. RS40
1701,f42139f562f6e2a59be65b972962e18c,CP020778,85.256,312,4.08E-83,322,NA,Pseudomonadota,Alphaproteobacteria,Candidatus Pelagibacterales,Candidatus Pelagibacteraceae,Candidatus Pelagibacter,Candidatus Pelagibacter sp. RS40
1702,f563eb9e2ee7f7c1edbf9987515d65f0,CP020778,85.577,312,8.76E-85,327,NA,Pseudomonadota,Alphaproteobacteria,Candidatus Pelagibacterales,Candidatus Pelagibacteraceae,Candidatus Pelagibacter,Candidatus Pelagibacter sp. RS40
1703,f6130268b5af06f6593410e1e0527087,CP020778,85.577,312,8.76E-85,327,NA,Pseudomonadota,Alphaproteobacteria,Candidatus Pelagibacterales,Candidatus Pelagibacteraceae,Candidatus Pelagibacter,Candidatus Pelagibacter sp. RS40
1704,f86142403bf7ef408c2c1d05576c364a,CP020778,83.706,313,2.47E-75,296,NA,Pseudomonadota,Alphaproteobacteria,Candidatus Pelagibacterales,Candidatus Pelagibacteraceae,Candidatus Pelagibacter,Candidatus Pelagibacter sp. RS40
1705,f8c4a383f4a28e6a826f02c11b2cb0a5,CP020778,85.897,312,1.88E-86,333,NA,Pseudomonadota,Alphaproteobacteria,Candidatus Pelagibacterales,Candidatus Pelagibacteraceae,Candidatus Pelagibacter,Candidatus Pelagibacter sp. RS40
1706,fb05c34a887f0251cece0b49dc55000c,CP020778,85.577,312,8.76E-85,327,NA,Pseudomonadota,Alphaproteobacteria,Candidatus Pelagibacterales,Candidatus Pelagibacteraceae,Candidatus Pelagibacter,Candidatus Pelagibacter sp. RS40
1707,fc25bb760ed6b4bc18bb3212eb1d840a,CP020778,81.47,313,1.17E-63,257,NA,Pseudomonadota,Alphaproteobacteria,Candidatus Pelagibacterales,Candidatus Pelagibacteraceae,Candidatus Pelagibacter,Candidatus Pelagibacter sp. RS40
1708,fee75d97fe57c9b06fe1cdc93f00bd2c,CP020778,85.256,312,4.08E-83,322,NA,Pseudomonadota,Alphaproteobacteria,Candidatus Pelagibacterales,Candidatus Pelagibacteraceae,Candidatus Pelagibacter,Candidatus Pelagibacter sp. RS40
1709,87c53e20487ccfaea0b11da910731348,KC287559,100,313,2.19E-160,579,Metazoa,Arthropoda,Hexanauplia,Calanoida,Clausocalanidae,Clausocalanus,Clausocalanus furcatus
1710,3aa7a4da0d67c8ca18fcf2391773aa49,GU070901,86.926,283,1.90E-81,316,Metazoa,NA,NA,NA,NA,NA,invertebrate environmental sample
1711,3b119b0913b60e67a888447d9958f5d1,GU070901,84.345,313,1.48E-77,303,Metazoa,NA,NA,NA,NA,NA,invertebrate environmental sample
1712,5245deda55a7c9fe674ee79e0f7b036a,GU070901,84.3,293,1.49E-72,287,Metazoa,NA,NA,NA,NA,NA,invertebrate environmental sample
1713,66373292400fd8e22144759112cbdce2,GU070901,87.46,311,3.11E-94,359,Metazoa,NA,NA,NA,NA,NA,invertebrate environmental sample
1714,69b5c57eeac89062fe9e3ef5e723c42e,GU070901,84.3,293,1.49E-72,287,Metazoa,NA,NA,NA,NA,NA,invertebrate environmental sample
1715,c3861a14fa1d2507d097b42beb945079,GU070901,86.926,283,1.90E-81,316,Metazoa,NA,NA,NA,NA,NA,invertebrate environmental sample
1716,ef447e97bfeb31a8a2c1d443289801db,GU070901,83.212,274,1.95E-61,250,Metazoa,NA,NA,NA,NA,NA,invertebrate environmental sample
1717,bea37130d6dadf4046e1a056fe8ca65d,CP100604,82.155,297,5.43E-62,252,NA,Pseudomonadota,Alphaproteobacteria,Hyphomicrobiales,Nitrobacteraceae,Bradyrhizobium,Bradyrhizobium sp. Ash2021
1718,a0ced3ca86182d38d464d587bcd3f466,CP003801,93.93,313,1.06E-128,473,NA,Pseudomonadota,Alphaproteobacteria,Candidatus Pelagibacterales,Candidatus Pelagibacteraceae,NA,alpha proteobacterium HIMB59
1719,ea20a3d54cc1cf95f2fc99c9b98758c8,CP003801,87.22,313,1.12E-93,357,NA,Pseudomonadota,Alphaproteobacteria,Candidatus Pelagibacterales,Candidatus Pelagibacteraceae,NA,alpha proteobacterium HIMB59
1720,0a98784717a7f676c03342ee88e530b0,OP863336,84.429,289,1.92E-71,283,Metazoa,Porifera,Demospongiae,Desmacellida,Desmacellidae,Desmacella,Desmacella cf. annexa PP-2022
1721,5413c627d9aa91d0203a683d4009ccb3,OP863336,85.121,289,8.89E-75,294,Metazoa,Porifera,Demospongiae,Desmacellida,Desmacellidae,Desmacella,Desmacella cf. annexa PP-2022
1722,64c5c7767d4a3c9f4d9b1731d8667af5,OP863336,83.713,307,4.14E-73,289,Metazoa,Porifera,Demospongiae,Desmacellida,Desmacellidae,Desmacella,Desmacella cf. annexa PP-2022
1723,a01c28592e7505e22ed224a95ce8274d,OP863336,84.083,289,8.95E-70,278,Metazoa,Porifera,Demospongiae,Desmacellida,Desmacellidae,Desmacella,Desmacella cf. annexa PP-2022
1724,eb34bc1028865bf413cc22fb7725a885,HQ708199,85.284,299,3.17E-79,309,NA,Oomycota,NA,Leptomitales,NA,Apodachlya,Apodachlya minima
1725,f1f2bd44080d976af4077d521f063a3f,HQ708199,85.05,301,1.14E-78,307,NA,Oomycota,NA,Leptomitales,NA,Apodachlya,Apodachlya minima
1726,bbe88e7249db557b40ff4dbeb6f8ccef,NC_044678,86.624,314,2.42E-90,346,Fungi,Basidiomycota,Agaricomycetes,Hymenochaetales,Hymenochaetaceae,Coniferiporia,Coniferiporia sulphurascens
1727,771cf6c2c4f0f5f37745fe972019ced7,JF887738,83.045,289,2.51E-65,263,NA,Arthropoda,Insecta,Coleoptera,Hydrophilidae,Enochrus,Enochrus hamiltoni
1728,9fdf0e2f77b159cd08da0393278a8d49,JF887738,83.391,289,5.39E-67,268,NA,Arthropoda,Insecta,Coleoptera,Hydrophilidae,Enochrus,Enochrus hamiltoni
1729,dc6e62b8110401b895e9bf00d3506ce9,MN690115,88.818,313,5.13E-102,385,Metazoa,Arthropoda,Hexanauplia,Calanoida,Paracalanidae,Paracalanus,Paracalanus denudatus
1730,e71dd8eacce66f2c0fbc267f6c220074,MW605202,84.967,306,3.17E-79,309,NA,Oomycota,NA,Pythiales,Pythiaceae,Pythium,Pythium acanthicum
1731,04b66694589c919000ce9b1d86b03566,MF409246,99.681,313,1.02E-158,573,NA,Chordata,Mammalia,Artiodactyla,Balaenopteridae,Megaptera,Megaptera novaeangliae
1732,3d2ece9aa7c76c2c939224ff3ddda58c,MF409246,99.679,312,3.65E-158,571,NA,Chordata,Mammalia,Artiodactyla,Balaenopteridae,Megaptera,Megaptera novaeangliae
1733,4747968a5906b55823c156e7b073c009,MF409246,99.679,312,3.65E-158,571,NA,Chordata,Mammalia,Artiodactyla,Balaenopteridae,Megaptera,Megaptera novaeangliae
1734,74aebe2100f7922b55da9a345229926f,MF409246,99.679,312,3.65E-158,571,NA,Chordata,Mammalia,Artiodactyla,Balaenopteridae,Megaptera,Megaptera novaeangliae
1735,94909e6ff174e91fda22cfe250e551cf,MF409246,99.359,312,1.70E-156,566,NA,Chordata,Mammalia,Artiodactyla,Balaenopteridae,Megaptera,Megaptera novaeangliae
1736,9a20fe1e04b1e45729cf575dd2440a64,MF409246,99.679,312,3.65E-158,571,NA,Chordata,Mammalia,Artiodactyla,Balaenopteridae,Megaptera,Megaptera novaeangliae
1737,b293597320d6a9b98ca218050574d12d,MF409246,100,312,7.85E-160,577,NA,Chordata,Mammalia,Artiodactyla,Balaenopteridae,Megaptera,Megaptera novaeangliae
1738,c3d10a305091697a339cffc47b03d0a5,MF409246,99.679,312,3.65E-158,571,NA,Chordata,Mammalia,Artiodactyla,Balaenopteridae,Megaptera,Megaptera novaeangliae
1739,358386aa1714aa0ef6017f7f6fab53c8,OM558154,84.397,282,8.95E-70,278,NA,Arthropoda,Insecta,Diptera,Empididae,NA,Empididae sp.
1740,63d59330f48e671da7c238d333756896,OM558154,84.752,282,1.92E-71,283,NA,Arthropoda,Insecta,Diptera,Empididae,NA,Empididae sp.
1741,aa6a0551f283ae8114f79e98c6a61dde,OM558154,83.688,282,1.94E-66,267,NA,Arthropoda,Insecta,Diptera,Empididae,NA,Empididae sp.
1742,396a8c57166201cd515387261e8664cf,OQ707026,84.641,306,4.11E-78,305,Fungi,Ascomycota,Sordariomycetes,Xylariales,Sporocadaceae,Neopestalotiopsis,Neopestalotiopsis cubana
1743,597d719f77353f67ac21aa132d3a1e27,NC_063458,88.782,312,1.84E-101,383,NA,Bacillariophyta,Mediophyceae,Hemiaulales,Hemiaulaceae,Hemiaulus,Hemiaulus sinensis
1744,803370bdda69c2cf53fcf35e7e2be150,NC_063458,86.971,307,8.70E-90,344,NA,Bacillariophyta,Mediophyceae,Hemiaulales,Hemiaulaceae,Hemiaulus,Hemiaulus sinensis
1745,bf3a67a64073bc62ac1fcba525b8643d,NC_063458,89.103,312,3.96E-103,388,NA,Bacillariophyta,Mediophyceae,Hemiaulales,Hemiaulaceae,Hemiaulus,Hemiaulus sinensis
1746,e24c434235be307060e90b3fd45981c4,NC_063458,88.782,312,1.84E-101,383,NA,Bacillariophyta,Mediophyceae,Hemiaulales,Hemiaulaceae,Hemiaulus,Hemiaulus sinensis
1747,e509224ed449213a9def4a3f9c9bf0b6,NC_063458,83.121,314,1.92E-71,283,NA,Bacillariophyta,Mediophyceae,Hemiaulales,Hemiaulaceae,Hemiaulus,Hemiaulus sinensis
1748,ef572c61a7bdca834dad4d46530de892,NC_063458,88.782,312,1.84E-101,383,NA,Bacillariophyta,Mediophyceae,Hemiaulales,Hemiaulaceae,Hemiaulus,Hemiaulus sinensis
1749,73746f0a04a495cc8a476b2daf591b36,HF559158,84.967,306,8.83E-80,311,NA,NA,Phaeophyceae,Dictyotales,Dictyotaceae,Padina,Padina haitiensis
1750,78d3f5adc3f29b5703dd7a1786ee6d6e,MG559732,94.249,313,2.29E-130,479,NA,Discosea,Flabellinia,NA,Vannellidae,Clydonella,Clydonella sawyeri
1751,143c87af921b5dc5c568361f41c43e07,HE610721,94.304,316,4.97E-132,484,NA,NA,Dinophyceae,Syndiniales,Syndiniaceae,Hematodinium,Hematodinium sp.
1752,153dd567ebc627066ac273a3994a4afa,HE610721,94.304,316,4.97E-132,484,NA,NA,Dinophyceae,Syndiniales,Syndiniaceae,Hematodinium,Hematodinium sp.
1753,20a77bcf2abd4d44fa9edcd3f431d9b6,HE610721,94.304,316,4.97E-132,484,NA,NA,Dinophyceae,Syndiniales,Syndiniaceae,Hematodinium,Hematodinium sp.
1754,3739a599ee1fea4c6cc43c55d09e5348,HE610721,94.62,316,1.07E-133,490,NA,NA,Dinophyceae,Syndiniales,Syndiniaceae,Hematodinium,Hematodinium sp.
1755,848bad38da9a2b59cd7cb73fed6165ff,HE610721,97.785,316,2.25E-150,545,NA,NA,Dinophyceae,Syndiniales,Syndiniaceae,Hematodinium,Hematodinium sp.
1756,8a908c6454625042b530865c9a4b5717,HE610721,92.429,317,5.04E-122,451,NA,NA,Dinophyceae,Syndiniales,Syndiniaceae,Hematodinium,Hematodinium sp.
1757,9d6324d1948097a94496c45af47ab493,HE610721,98.101,316,4.83E-152,551,NA,NA,Dinophyceae,Syndiniales,Syndiniaceae,Hematodinium,Hematodinium sp.
1758,f9e9816eda19c229777485a3eec12943,HE610721,86.984,315,4.06E-93,355,NA,NA,Dinophyceae,Syndiniales,Syndiniaceae,Hematodinium,Hematodinium sp.
1759,aa6f175e7248006b2af8fabec70011a4,KM888094,85,300,1.48E-77,303,NA,Oomycota,NA,Saprolegniales,Saprolegniaceae,Dictyuchus,Dictyuchus monosporus
1760,639cf62d52c8ac1b3cd6df3e17967e5d,ON220741,82.639,288,4.19E-63,255,NA,Arthropoda,Insecta,Coleoptera,Coccinellidae,Henosepilachna,Henosepilachna nana
1761,fb3f4d9fa8c2b356685c58b01daef8f1,ON220741,82.986,288,9.02E-65,261,NA,Arthropoda,Insecta,Coleoptera,Coccinellidae,Henosepilachna,Henosepilachna nana
1762,155ad1a28c4dfaddacc970f3b7bf3e81,MN124249,99.623,265,4.91E-132,484,NA,Chordata,Mammalia,Artiodactyla,Suidae,Sus,Sus scrofa
1763,2173e1e7c24f676c7aee4e6eb2d3e7a2,MN124249,98.662,299,6.22E-146,531,NA,Chordata,Mammalia,Artiodactyla,Suidae,Sus,Sus scrofa
1764,3778382d4c24e446131588ba913b57f5,MN124249,99.361,313,4.74E-157,568,NA,Chordata,Mammalia,Artiodactyla,Suidae,Sus,Sus scrofa
1765,40d2d4369b5652d647a5b512d53c29f5,MN124249,100,313,2.19E-160,579,NA,Chordata,Mammalia,Artiodactyla,Suidae,Sus,Sus scrofa
1766,747bced7c0e753afc0b9aad225337222,MF398983,100,313,2.19E-160,579,NA,Chordata,Mammalia,Artiodactyla,Suidae,Sus,Sus scrofa
1767,7b23aac51fb50b8bff836c93e9045d0d,MN124249,99.681,313,1.02E-158,573,NA,Chordata,Mammalia,Artiodactyla,Suidae,Sus,Sus scrofa
1768,85c1b92f61972e8e615b69e6c6214577,MN124249,99.681,313,1.02E-158,573,NA,Chordata,Mammalia,Artiodactyla,Suidae,Sus,Sus scrofa
1769,8624f640aeb03d36ef07bc4c2587776e,MF398983,99.681,313,1.02E-158,573,NA,Chordata,Mammalia,Artiodactyla,Suidae,Sus,Sus scrofa
1770,98b77b2c75b7aa0b437480f9194f75b6,MN124249,99.681,313,1.02E-158,573,NA,Chordata,Mammalia,Artiodactyla,Suidae,Sus,Sus scrofa
1771,9b133b5c778d995c5ac19d73eecf6922,MN124249,99.681,313,1.02E-158,573,NA,Chordata,Mammalia,Artiodactyla,Suidae,Sus,Sus scrofa
1772,a32bd098de5a331249bfa54f17207f03,MN124249,99.681,313,1.02E-158,573,NA,Chordata,Mammalia,Artiodactyla,Suidae,Sus,Sus scrofa
1773,a54cee76c220dd106917432a81ebd15e,MN124249,99.681,313,1.02E-158,573,NA,Chordata,Mammalia,Artiodactyla,Suidae,Sus,Sus scrofa
1774,ae223304adeab393c6cc7b35734aff30,MN124249,99.681,313,1.02E-158,573,NA,Chordata,Mammalia,Artiodactyla,Suidae,Sus,Sus scrofa
1775,bbe98aa7379cd402f0422926ef5cbe64,MN124249,99.361,313,4.74E-157,568,NA,Chordata,Mammalia,Artiodactyla,Suidae,Sus,Sus scrofa
1776,cbeaa78527975bb1ff570dc0c8e769e8,MN124249,99.681,313,1.02E-158,573,NA,Chordata,Mammalia,Artiodactyla,Suidae,Sus,Sus scrofa
1777,d5a975734ee2df16ad75fa21f45db699,MN124249,99.361,313,4.74E-157,568,NA,Chordata,Mammalia,Artiodactyla,Suidae,Sus,Sus scrofa
1778,e76578b263a20dda46827c6f3f189bdf,MN124249,99.681,313,1.02E-158,573,NA,Chordata,Mammalia,Artiodactyla,Suidae,Sus,Sus scrofa
1779,b39dabf897437f7e6489c5f8ca0175d8,HQ709033,83.333,312,4.14E-73,289,NA,Oomycota,NA,Saprolegniales,Saprolegniaceae,Saprolegnia,Saprolegnia litoralis
1780,06200f2ba74883399a5a71c59c0d8d20,OM314134,85,280,1.92E-71,283,Metazoa,Arthropoda,Insecta,Diptera,Mycetophilidae,NA,Mycetophilidae sp.
1781,36d5a1a1609fc7c05a31af9be514d34f,OM314134,85.357,280,4.14E-73,289,Metazoa,Arthropoda,Insecta,Diptera,Mycetophilidae,NA,Mycetophilidae sp.
1782,6522df0ac27b970e93cd547dcdc5942e,OQ496621,83.916,286,5.39E-67,268,Metazoa,Arthropoda,Insecta,Diptera,Mycetophilidae,NA,Mycetophilidae sp.
1783,6d920d90587ae4c492db62e528950208,OQ496621,83.916,286,5.39E-67,268,Metazoa,Arthropoda,Insecta,Diptera,Mycetophilidae,NA,Mycetophilidae sp.
1784,8cac91a04668a781290cd01b2644d961,OQ496621,83.916,286,5.39E-67,268,Metazoa,Arthropoda,Insecta,Diptera,Mycetophilidae,NA,Mycetophilidae sp.
1785,98fa96fe13416a04f8b604599e7d7c1e,OQ496621,84.191,272,3.24E-64,259,Metazoa,Arthropoda,Insecta,Diptera,Mycetophilidae,NA,Mycetophilidae sp.
1786,a4a9cc13710d3d9c1d42d393e3a05896,OQ496621,83.916,286,5.39E-67,268,Metazoa,Arthropoda,Insecta,Diptera,Mycetophilidae,NA,Mycetophilidae sp.
1787,a814d93cefb5ea29ac3a42adccd2e02b,OM314134,85.357,280,4.14E-73,289,Metazoa,Arthropoda,Insecta,Diptera,Mycetophilidae,NA,Mycetophilidae sp.
1788,b3e7fda46933ea3282933923676def6d,OQ496621,84.266,286,1.16E-68,274,Metazoa,Arthropoda,Insecta,Diptera,Mycetophilidae,NA,Mycetophilidae sp.
1789,b902dac372df38e751ec369c90285f59,OQ496621,84.615,286,2.49E-70,279,Metazoa,Arthropoda,Insecta,Diptera,Mycetophilidae,NA,Mycetophilidae sp.
1790,c4a8ac05d7b5e1aeb36dd509334478c4,OQ496621,84.211,285,4.16E-68,272,Metazoa,Arthropoda,Insecta,Diptera,Mycetophilidae,NA,Mycetophilidae sp.
1791,cd998f961567c541e0a5b895966b67fd,OQ496621,84.266,286,1.16E-68,274,Metazoa,Arthropoda,Insecta,Diptera,Mycetophilidae,NA,Mycetophilidae sp.
1792,ec90aabaeafa96d5396352d5cfee64fe,OQ496621,83.916,286,5.39E-67,268,Metazoa,Arthropoda,Insecta,Diptera,Mycetophilidae,NA,Mycetophilidae sp.
1793,f69cae2d55bcce8d7ff5406d7f9597fd,OQ496621,84.266,286,1.16E-68,274,Metazoa,Arthropoda,Insecta,Diptera,Mycetophilidae,NA,Mycetophilidae sp.
1794,fcc505a2a419f02a6901d7604d1b6f4c,OQ496621,83.916,286,5.39E-67,268,Metazoa,Arthropoda,Insecta,Diptera,Mycetophilidae,NA,Mycetophilidae sp.
1795,873c6496f86ac4d18260aa852570add4,AP024451,97.26,292,2.27E-135,496,Fungi,Ascomycota,Eurotiomycetes,Eurotiales,Aspergillaceae,Aspergillus,Aspergillus puulaauensis
1796,933d2f6e0c1b1c941be9bb84a43c5169,AP024451,98.058,309,3.72E-148,538,Fungi,Ascomycota,Eurotiomycetes,Eurotiales,Aspergillaceae,Aspergillus,Aspergillus puulaauensis
1797,bed47d39dfff13ad42f93dbe3ec1c0b2,AP024451,97.735,309,1.73E-146,532,Fungi,Ascomycota,Eurotiomycetes,Eurotiales,Aspergillaceae,Aspergillus,Aspergillus puulaauensis
1798,f1bb48a483786a883cf77ce61e4a9f60,AP024451,97.411,309,8.05E-145,527,Fungi,Ascomycota,Eurotiomycetes,Eurotiales,Aspergillaceae,Aspergillus,Aspergillus puulaauensis
1799,f622cb11932f5f9b2c4f313c8487ee92,AP024451,97.411,309,8.05E-145,527,Fungi,Ascomycota,Eurotiomycetes,Eurotiales,Aspergillaceae,Aspergillus,Aspergillus puulaauensis
1800,137cf323d3b55b851363d97173324747,HM045365,89.916,238,4.11E-78,305,Metazoa,Arthropoda,Hexanauplia,Calanoida,Calocalanidae,Calocalanus,Calocalanus pavo
1801,8007c4af6b4f54dece9a32cc39efa289,HM045365,99.681,313,1.02E-158,573,Metazoa,Arthropoda,Hexanauplia,Calanoida,Calocalanidae,Calocalanus,Calocalanus pavo
1802,87abeb7c4f91ad05ac45ea5e65d8b7f7,HM045365,99.681,313,1.02E-158,573,Metazoa,Arthropoda,Hexanauplia,Calanoida,Calocalanidae,Calocalanus,Calocalanus pavo
1803,ac7fd0fba0076a78acfbc1dededb1d78,HM045365,99.681,313,1.02E-158,573,Metazoa,Arthropoda,Hexanauplia,Calanoida,Calocalanidae,Calocalanus,Calocalanus pavo
1804,f965e1b7d692799947ed997450651cd6,HM045365,99.681,313,1.02E-158,573,Metazoa,Arthropoda,Hexanauplia,Calanoida,Calocalanidae,Calocalanus,Calocalanus pavo
1805,fb53a09b158fe9e748f6ec100b19da95,HM045365,100,313,2.19E-160,579,Metazoa,Arthropoda,Hexanauplia,Calanoida,Calocalanidae,Calocalanus,Calocalanus pavo
1806,0b17e91d18bbb9dcbfe094db27ad4602,HM045366,99.361,313,4.74E-157,568,Metazoa,Arthropoda,Hexanauplia,Calanoida,Calocalanidae,Calocalanus,Calocalanus plumulosus
1807,0b8fb0c0500676feeb9468ce209d814a,HM045366,99.681,313,1.02E-158,573,Metazoa,Arthropoda,Hexanauplia,Calanoida,Calocalanidae,Calocalanus,Calocalanus plumulosus
1808,1e78e8d2c87402a8038632a10b588e5c,HM045366,99.042,313,2.21E-155,562,Metazoa,Arthropoda,Hexanauplia,Calanoida,Calocalanidae,Calocalanus,Calocalanus plumulosus
1809,4a709d276e50db0df8028f892948fcb5,HM045366,99.361,313,4.74E-157,568,Metazoa,Arthropoda,Hexanauplia,Calanoida,Calocalanidae,Calocalanus,Calocalanus plumulosus
1810,6371840894cf353ebff12a7852dffeb5,HM045366,99.042,313,2.21E-155,562,Metazoa,Arthropoda,Hexanauplia,Calanoida,Calocalanidae,Calocalanus,Calocalanus plumulosus
1811,71d89c9382952d78fbdc4138b46796b6,HM045366,100,237,3.88E-118,438,Metazoa,Arthropoda,Hexanauplia,Calanoida,Calocalanidae,Calocalanus,Calocalanus plumulosus
1812,7ee954b17a1c4f5f1757ecf11eace613,HM045366,99.361,313,4.74E-157,568,Metazoa,Arthropoda,Hexanauplia,Calanoida,Calocalanidae,Calocalanus,Calocalanus plumulosus
1813,047359940210709aacc2882062243b4a,MG924675,95.847,313,1.05E-138,507,NA,Discosea,NA,Longamoebia,Acanthamoebidae,Acanthamoeba,Acanthamoeba sp.
1814,082d3a70767442e5443e61335150df4f,MG924675,95.847,313,1.05E-138,507,NA,Discosea,NA,Longamoebia,Acanthamoebidae,Acanthamoeba,Acanthamoeba sp.
1815,33d5d9f3f7f08e683b625993df1fb2cb,MG924675,95.098,306,1.77E-131,483,NA,Discosea,NA,Longamoebia,Acanthamoebidae,Acanthamoeba,Acanthamoeba sp.
1816,33fbc02bf1f165708bdfc58e1c062f5b,MG924677,100,313,2.19E-160,579,NA,Discosea,NA,Longamoebia,Acanthamoebidae,Acanthamoeba,Acanthamoeba sp.
1817,5c29dbb101854e12e53090cd6643699a,MG924675,95.847,313,1.05E-138,507,NA,Discosea,NA,Longamoebia,Acanthamoebidae,Acanthamoeba,Acanthamoeba sp.
1818,7a62a5f7ce9d7f0b07bf0e6f21c90fcd,MG924675,95.847,313,1.05E-138,507,NA,Discosea,NA,Longamoebia,Acanthamoebidae,Acanthamoeba,Acanthamoeba sp.
1819,b8c2a7dce0920b0afe63d2047c37f5aa,MG924675,95.847,313,1.05E-138,507,NA,Discosea,NA,Longamoebia,Acanthamoebidae,Acanthamoeba,Acanthamoeba sp.
1820,cb0bc720740fe8aa1cd5f00a41fe48f2,MG924675,96.166,313,2.25E-140,512,NA,Discosea,NA,Longamoebia,Acanthamoebidae,Acanthamoeba,Acanthamoeba sp.
1821,ec65439a3e4672d91f0d603c8facd7bc,MH124198,84.507,284,2.49E-70,279,NA,Discosea,NA,Longamoebia,Acanthamoebidae,Acanthamoeba,Acanthamoeba sp.
1822,5ffb219b7828105caa5134348ce7abfd,KP651815,83.571,280,3.24E-64,259,Metazoa,Arthropoda,Arachnida,Araneae,Clubionidae,Clubiona,Clubiona obesa
1823,40b1902e2f5d05e312a72cd76faa9e61,MN684099,83.168,303,8.95E-70,278,Metazoa,Annelida,Polychaeta,NA,NA,NA,Polychaeta sp. LVSF009
1824,4d79d802951ced2a7d9eabef1c744d0e,MN684099,83.498,303,1.92E-71,283,Metazoa,Annelida,Polychaeta,NA,NA,NA,Polychaeta sp. LVSF009
1825,4ef7c590d016b1ecea2cc1d0f872733b,MN684099,83.498,303,1.92E-71,283,Metazoa,Annelida,Polychaeta,NA,NA,NA,Polychaeta sp. LVSF009
1826,94a01ed8cf0257cf068eef9558ea25f8,MN684099,84.982,273,3.22E-69,276,Metazoa,Annelida,Polychaeta,NA,NA,NA,Polychaeta sp. LVSF009
1827,d9dbe521934f175c56ae9729fafa5bc0,MN684099,84.982,273,3.22E-69,276,Metazoa,Annelida,Polychaeta,NA,NA,NA,Polychaeta sp. LVSF009
1828,af1c93a6aad0716dc183251cd04e097a,CP084379,95.046,323,3.03E-139,508,NA,Bacteroidota,Flavobacteriia,Flavobacteriales,Flavobacteriaceae,Aequorivita,Aequorivita sp. F7
1829,11dc45167041daf49b003250f21635f1,MH477742,83.062,307,8.95E-70,278,NA,Oomycota,NA,Peronosporales,Peronosporaceae,Phytophthora,Phytophthora bilorbang
1830,2404200bd56b162054f78bf0c864e21e,MH477742,83.388,307,1.92E-71,283,NA,Oomycota,NA,Peronosporales,Peronosporaceae,Phytophthora,Phytophthora bilorbang
1831,dc13057caff014cda3fd7ad549ea4dfa,MH477742,83.224,304,8.95E-70,278,NA,Oomycota,NA,Peronosporales,Peronosporaceae,Phytophthora,Phytophthora bilorbang
1832,30926926e174615ff00ab8682a00193e,CP018171,91.318,311,1.07E-113,424,NA,Pseudomonadota,Alphaproteobacteria,Hyphomicrobiales,Phyllobacteriaceae,Aquibium,Aquibium oceanicum
1833,20614514f4318529451f42333bd25008,MN764485,87.5,312,8.64E-95,361,Metazoa,Arthropoda,Hexanauplia,Calanoida,Paracalanidae,Paracalanus,Paracalanus aculeatus
1834,49ca28026778e4ea0c15d3ca675b8a84,HQ386115,85.417,240,1.95E-61,250,NA,NA,Phaeophyceae,Fucales,Durvillaeaceae,Durvillaea,Durvillaea willana
1835,8c47315358ef3281ee9c2b440e6d26c3,KM111684,82.986,288,9.02E-65,261,NA,Arthropoda,Insecta,Diptera,Tabanidae,Tabanus,Tabanus tenens
1836,ccd4099e411ddf7b208069c1edfdc093,KM111684,83.681,288,4.16E-68,272,NA,Arthropoda,Insecta,Diptera,Tabanidae,Tabanus,Tabanus tenens
1837,e6ac729a8c6dada0eb038216a343c6f0,KM111684,82.986,288,9.02E-65,261,NA,Arthropoda,Insecta,Diptera,Tabanidae,Tabanus,Tabanus tenens
1838,290e7c641e230b2716007be48cebf232,PP798753,84.116,277,6.97E-66,265,NA,Oomycota,NA,Pythiales,Pythiaceae,Pythium,Pythium brachiatum
1839,447ec4c1d0b8060dd7a17932f743bbe9,PP798753,83.755,277,3.24E-64,259,NA,Oomycota,NA,Pythiales,Pythiaceae,Pythium,Pythium brachiatum
1840,9e2b60c4043e2b9a98e6a63a88449df0,PP798753,83.755,277,3.24E-64,259,NA,Oomycota,NA,Pythiales,Pythiaceae,Pythium,Pythium brachiatum
1841,b65bcc55592b47a597f55b5e9b642bb0,PP798753,84.116,277,6.97E-66,265,NA,Oomycota,NA,Pythiales,Pythiaceae,Pythium,Pythium brachiatum
1842,ff27b263633a1704c4706585617417e6,PP798753,83.755,277,3.24E-64,259,NA,Oomycota,NA,Pythiales,Pythiaceae,Pythium,Pythium brachiatum
1843,1d2f7efb2cc842a3512c3f9c4d53f8d3,KY951517,81.21,314,5.43E-62,252,Fungi,Basidiomycota,Agaricomycetes,Agaricales,Pleurotaceae,Pleurotus,Pleurotus djamor
1844,01508354623cf0d7840583716e09aa64,AB930144,82.026,306,9.02E-65,261,NA,Haptophyta,NA,Prymnesiales,Chrysochromulinaceae,Chrysochromulina,Chrysochromulina sp. NIES-1333
1845,084723f7ce2f0b8957d350a7199e8497,AB930144,82.524,309,4.16E-68,272,NA,Haptophyta,NA,Prymnesiales,Chrysochromulinaceae,Chrysochromulina,Chrysochromulina sp. NIES-1333
1846,0ddc1e5e00af0fe484239b3bc46565f1,AB930144,84.746,295,2.47E-75,296,NA,Haptophyta,NA,Prymnesiales,Chrysochromulinaceae,Chrysochromulina,Chrysochromulina sp. NIES-1333
1847,0de2dfcc34a2edfc85a3b343d6f6bcad,AB930144,81.21,314,5.43E-62,252,NA,Haptophyta,NA,Prymnesiales,Chrysochromulinaceae,Chrysochromulina,Chrysochromulina sp. NIES-1333
1848,10b1db90d12db9c8b855bba2253b458d,AB930144,82.109,313,5.39E-67,268,NA,Haptophyta,NA,Prymnesiales,Chrysochromulinaceae,Chrysochromulina,Chrysochromulina sp. NIES-1333
1849,20aac80e6e0e65ca33e321d9a46f23fe,AB930144,83.706,313,2.47E-75,296,NA,Haptophyta,NA,Prymnesiales,Chrysochromulinaceae,Chrysochromulina,Chrysochromulina sp. NIES-1333
1850,22076bc23d20f9b41419ae48ba474a3b,AB930144,81.529,314,1.17E-63,257,NA,Haptophyta,NA,Prymnesiales,Chrysochromulinaceae,Chrysochromulina,Chrysochromulina sp. NIES-1333
1851,2223e0db0760248784fe0708c11b1eb1,AB930144,84.231,260,5.43E-62,252,NA,Haptophyta,NA,Prymnesiales,Chrysochromulinaceae,Chrysochromulina,Chrysochromulina sp. NIES-1333
1852,237f0ec63194e00f7895d2dded20d77e,AB930144,82.295,305,6.97E-66,265,NA,Haptophyta,NA,Prymnesiales,Chrysochromulinaceae,Chrysochromulina,Chrysochromulina sp. NIES-1333
1853,269b2e9f232fc5556f01688db7ef841b,AB930144,81.41,312,4.19E-63,255,NA,Haptophyta,NA,Prymnesiales,Chrysochromulinaceae,Chrysochromulina,Chrysochromulina sp. NIES-1333
1854,271bce0d70d6c99b04e06054cf8ec25d,AB930144,83.067,313,5.35E-72,285,NA,Haptophyta,NA,Prymnesiales,Chrysochromulinaceae,Chrysochromulina,Chrysochromulina sp. NIES-1333
1855,2dbbeca8892abf7b88f534023b36f3bb,AB930144,81.47,313,1.17E-63,257,NA,Haptophyta,NA,Prymnesiales,Chrysochromulinaceae,Chrysochromulina,Chrysochromulina sp. NIES-1333
1856,2fe2d7b2248a8892260b544a370ea019,AB930144,83.388,307,1.92E-71,283,NA,Haptophyta,NA,Prymnesiales,Chrysochromulinaceae,Chrysochromulina,Chrysochromulina sp. NIES-1333
1857,3118d78c618ac9c12e8719829dd3ea37,AB930144,83.387,313,1.15E-73,291,NA,Haptophyta,NA,Prymnesiales,Chrysochromulinaceae,Chrysochromulina,Chrysochromulina sp. NIES-1333
1858,31b864112ee73926f1024ddebaa6afe0,AB930144,81.529,314,1.17E-63,257,NA,Haptophyta,NA,Prymnesiales,Chrysochromulinaceae,Chrysochromulina,Chrysochromulina sp. NIES-1333
1859,3261c399a0e49a38b1097d985f1550b7,AB930144,83.333,312,4.14E-73,289,NA,Haptophyta,NA,Prymnesiales,Chrysochromulinaceae,Chrysochromulina,Chrysochromulina sp. NIES-1333
1860,378fba3fbaef7d4079282c0fe9922b44,AB930144,81.09,312,1.95E-61,250,NA,Haptophyta,NA,Prymnesiales,Chrysochromulinaceae,Chrysochromulina,Chrysochromulina sp. NIES-1333
1861,3aa9533babe69da13162b9e1686e5cbb,AB930144,82.109,313,5.39E-67,268,NA,Haptophyta,NA,Prymnesiales,Chrysochromulinaceae,Chrysochromulina,Chrysochromulina sp. NIES-1333
1862,3fcf4d7dd48769de2d6fb1b0eca0c4e4,AB930144,81.699,306,4.19E-63,255,NA,Haptophyta,NA,Prymnesiales,Chrysochromulinaceae,Chrysochromulina,Chrysochromulina sp. NIES-1333
1863,4015a9378024bb27170917350038646f,AB930144,84.746,295,2.47E-75,296,NA,Haptophyta,NA,Prymnesiales,Chrysochromulinaceae,Chrysochromulina,Chrysochromulina sp. NIES-1333
1864,40236ab1a1615d64d1cbeb7a535aa77b,AB930144,81.21,314,5.43E-62,252,NA,Haptophyta,NA,Prymnesiales,Chrysochromulinaceae,Chrysochromulina,Chrysochromulina sp. NIES-1333
1865,4f6c2ba6fbde501acabe1fd799f7376c,AB930144,82.581,310,4.16E-68,272,NA,Haptophyta,NA,Prymnesiales,Chrysochromulinaceae,Chrysochromulina,Chrysochromulina sp. NIES-1333
1866,4fbc60160e25e94fd8049174315687a5,AB930144,83.498,303,1.92E-71,283,NA,Haptophyta,NA,Prymnesiales,Chrysochromulinaceae,Chrysochromulina,Chrysochromulina sp. NIES-1333
1867,514aa59121bb0a006288c78aef098622,AB930144,85.032,314,5.27E-82,318,NA,Haptophyta,NA,Prymnesiales,Chrysochromulinaceae,Chrysochromulina,Chrysochromulina sp. NIES-1333
1868,53c3a9378084245301fbd5ec03d0e589,AB930144,83.934,305,3.20E-74,292,NA,Haptophyta,NA,Prymnesiales,Chrysochromulinaceae,Chrysochromulina,Chrysochromulina sp. NIES-1333
1869,583eaa11e522832b12ab498065337ce2,AB930144,82.372,312,4.15E-68,272,NA,Haptophyta,NA,Prymnesiales,Chrysochromulinaceae,Chrysochromulina,Chrysochromulina sp. NIES-1333
1870,6203db0d474955e183d9aff6d4fc0c63,AB930144,83.387,313,1.15E-73,291,NA,Haptophyta,NA,Prymnesiales,Chrysochromulinaceae,Chrysochromulina,Chrysochromulina sp. NIES-1333
1871,639f81bc4f0eb56ef27b46d1af93c799,AB930144,82.748,313,3.18E-69,276,NA,Haptophyta,NA,Prymnesiales,Chrysochromulinaceae,Chrysochromulina,Chrysochromulina sp. NIES-1333
1872,65733bdb9acd15f073f723dd2cfffba8,AB930144,84.262,305,6.87E-76,298,NA,Haptophyta,NA,Prymnesiales,Chrysochromulinaceae,Chrysochromulina,Chrysochromulina sp. NIES-1333
1873,6a8cc60dc2407bae536c9235927546de,AB930144,82.68,306,4.16E-68,272,NA,Haptophyta,NA,Prymnesiales,Chrysochromulinaceae,Chrysochromulina,Chrysochromulina sp. NIES-1333
1874,77058daea81796c66b301628b9f5d37f,AB930144,81.27,315,1.95E-61,250,NA,Haptophyta,NA,Prymnesiales,Chrysochromulinaceae,Chrysochromulina,Chrysochromulina sp. NIES-1333
1875,77ad7ec5a1fa61072958b5a44d868c9d,AB930144,82.201,309,1.94E-66,267,NA,Haptophyta,NA,Prymnesiales,Chrysochromulinaceae,Chrysochromulina,Chrysochromulina sp. NIES-1333
1876,77d752ec30afc911e79f1d6706595b92,AB930144,81.935,310,9.02E-65,261,NA,Haptophyta,NA,Prymnesiales,Chrysochromulinaceae,Chrysochromulina,Chrysochromulina sp. NIES-1333
1877,790c1c6fffb79b7fecce6267ad01becb,AB930144,82.109,313,5.39E-67,268,NA,Haptophyta,NA,Prymnesiales,Chrysochromulinaceae,Chrysochromulina,Chrysochromulina sp. NIES-1333
1878,79e12a6431227c03d59149eef1d8510f,AB930144,81.21,314,5.43E-62,252,NA,Haptophyta,NA,Prymnesiales,Chrysochromulinaceae,Chrysochromulina,Chrysochromulina sp. NIES-1333
1879,820567a497a533cbcd95c845f9699599,AB930144,83.333,312,4.14E-73,289,NA,Haptophyta,NA,Prymnesiales,Chrysochromulinaceae,Chrysochromulina,Chrysochromulina sp. NIES-1333
1880,824311e1785c62d76970f86a10bddcf8,AB930144,83.828,303,4.14E-73,289,NA,Haptophyta,NA,Prymnesiales,Chrysochromulinaceae,Chrysochromulina,Chrysochromulina sp. NIES-1333
1881,875a4e227e7217d318077e5e9eefbb00,AB930144,85.328,259,5.39E-67,268,NA,Haptophyta,NA,Prymnesiales,Chrysochromulinaceae,Chrysochromulina,Chrysochromulina sp. NIES-1333
1882,8ad750fe2259bed6c79fc955f8c682a1,AB930144,82.748,313,2.49E-70,279,NA,Haptophyta,NA,Prymnesiales,Chrysochromulinaceae,Chrysochromulina,Chrysochromulina sp. NIES-1333
1883,8c5c3222ec7460097f90bd61d49e9ca5,AB930144,83.713,307,4.14E-73,289,NA,Haptophyta,NA,Prymnesiales,Chrysochromulinaceae,Chrysochromulina,Chrysochromulina sp. NIES-1333
1884,8c80d3ce066870971ead6279d5217388,AB930144,82.258,310,1.94E-66,267,NA,Haptophyta,NA,Prymnesiales,Chrysochromulinaceae,Chrysochromulina,Chrysochromulina sp. NIES-1333
1885,8d7f617630013c0a1d3934310a6fb9bf,AB930144,82.026,306,9.02E-65,261,NA,Haptophyta,NA,Prymnesiales,Chrysochromulinaceae,Chrysochromulina,Chrysochromulina sp. NIES-1333
1886,9072de67043275f9157c69f79ccf937f,AB930144,82.428,313,1.16E-68,274,NA,Haptophyta,NA,Prymnesiales,Chrysochromulinaceae,Chrysochromulina,Chrysochromulina sp. NIES-1333
1887,90b7a166bb195cb53edb058fb6ce54a8,AB930144,82.524,309,4.16E-68,272,NA,Haptophyta,NA,Prymnesiales,Chrysochromulinaceae,Chrysochromulina,Chrysochromulina sp. NIES-1333
1888,9318dc9a130776cca278a0cb4948a4c5,AB930144,81.529,314,1.17E-63,257,NA,Haptophyta,NA,Prymnesiales,Chrysochromulinaceae,Chrysochromulina,Chrysochromulina sp. NIES-1333
1889,9e425a09da0569bae4aa03c088311967,AB930144,81.15,313,5.43E-62,252,NA,Haptophyta,NA,Prymnesiales,Chrysochromulinaceae,Chrysochromulina,Chrysochromulina sp. NIES-1333
1890,9fbd8205165bac337eab0494fa5972c8,AB930144,84.158,303,8.89E-75,294,NA,Haptophyta,NA,Prymnesiales,Chrysochromulinaceae,Chrysochromulina,Chrysochromulina sp. NIES-1333
1891,a0eb07297953e5886430e102e6704cd7,AB930144,81.789,313,2.51E-65,263,NA,Haptophyta,NA,Prymnesiales,Chrysochromulinaceae,Chrysochromulina,Chrysochromulina sp. NIES-1333
1892,a630d9a9c160b099c8422d30131a085b,AB930144,81.21,314,5.43E-62,252,NA,Haptophyta,NA,Prymnesiales,Chrysochromulinaceae,Chrysochromulina,Chrysochromulina sp. NIES-1333
1893,ae68e64ef7ec198f2128e6a7a8e2f7a6,AB930144,81.47,313,1.17E-63,257,NA,Haptophyta,NA,Prymnesiales,Chrysochromulinaceae,Chrysochromulina,Chrysochromulina sp. NIES-1333
1894,b21283b148d2ba0c378961cdd7f6a2b0,AB930144,82.484,314,1.16E-68,274,NA,Haptophyta,NA,Prymnesiales,Chrysochromulinaceae,Chrysochromulina,Chrysochromulina sp. NIES-1333
1895,b59c3743e801e65b82cf8635cd69fd1c,AB930144,83.934,305,3.20E-74,292,NA,Haptophyta,NA,Prymnesiales,Chrysochromulinaceae,Chrysochromulina,Chrysochromulina sp. NIES-1333
1896,b6a9e33008416e324187c41e486154b9,AB930144,84.437,302,6.87E-76,298,NA,Haptophyta,NA,Prymnesiales,Chrysochromulinaceae,Chrysochromulina,Chrysochromulina sp. NIES-1333
1897,b741ad6baf242fde9926bcb63966aaea,AB930144,82.026,306,9.02E-65,261,NA,Haptophyta,NA,Prymnesiales,Chrysochromulinaceae,Chrysochromulina,Chrysochromulina sp. NIES-1333
1898,b9a467f3d28f71e00c292b054f524709,AB930144,82.428,313,1.16E-68,274,NA,Haptophyta,NA,Prymnesiales,Chrysochromulinaceae,Chrysochromulina,Chrysochromulina sp. NIES-1333
1899,bcd20f07a86ea725c804466b211de070,AB930144,83.067,313,5.35E-72,285,NA,Haptophyta,NA,Prymnesiales,Chrysochromulinaceae,Chrysochromulina,Chrysochromulina sp. NIES-1333
1900,bdd2813724eb6daddfc4be12cbba4e90,AB930144,81.21,314,5.43E-62,252,NA,Haptophyta,NA,Prymnesiales,Chrysochromulinaceae,Chrysochromulina,Chrysochromulina sp. NIES-1333
1901,c156dfad733c8d8e8c2447641844fead,AB930144,81.529,314,1.17E-63,257,NA,Haptophyta,NA,Prymnesiales,Chrysochromulinaceae,Chrysochromulina,Chrysochromulina sp. NIES-1333
1902,c1a1a213154e403a5694547745ef0873,AB930144,82.781,302,1.50E-67,270,NA,Haptophyta,NA,Prymnesiales,Chrysochromulinaceae,Chrysochromulina,Chrysochromulina sp. NIES-1333
1903,d0c58fdf0c4d97cbd6ee00c88270b725,AB930144,81.759,307,1.17E-63,257,NA,Haptophyta,NA,Prymnesiales,Chrysochromulinaceae,Chrysochromulina,Chrysochromulina sp. NIES-1333
1904,d50f901fd2886fd42afc3c41dc83b977,AB930144,82.68,306,4.16E-68,272,NA,Haptophyta,NA,Prymnesiales,Chrysochromulinaceae,Chrysochromulina,Chrysochromulina sp. NIES-1333
1905,d600007e2a1ed55498bdf2b1391f1b7e,AB930144,81.47,313,1.17E-63,257,NA,Haptophyta,NA,Prymnesiales,Chrysochromulinaceae,Chrysochromulina,Chrysochromulina sp. NIES-1333
1906,dcf8432c85321fcec4c362c715a47804,AB930144,83.713,307,4.14E-73,289,NA,Haptophyta,NA,Prymnesiales,Chrysochromulinaceae,Chrysochromulina,Chrysochromulina sp. NIES-1333
1907,dedcf2404af057d3877900f8fbf2ac97,AB930144,84.076,314,5.31E-77,302,NA,Haptophyta,NA,Prymnesiales,Chrysochromulinaceae,Chrysochromulina,Chrysochromulina sp. NIES-1333
1908,e270b8105665075a9358c3b17a544a68,AB930144,81.15,313,5.43E-62,252,NA,Haptophyta,NA,Prymnesiales,Chrysochromulinaceae,Chrysochromulina,Chrysochromulina sp. NIES-1333
1909,ea6d8e742cc0ad8f548f5662ef1000df,AB930144,82.258,310,1.94E-66,267,NA,Haptophyta,NA,Prymnesiales,Chrysochromulinaceae,Chrysochromulina,Chrysochromulina sp. NIES-1333
1910,eab51dfde3414d8f705c02b63c997540,AB930144,82.428,313,1.16E-68,274,NA,Haptophyta,NA,Prymnesiales,Chrysochromulinaceae,Chrysochromulina,Chrysochromulina sp. NIES-1333
1911,ec0e2e8cbfec495d017642b46d73cb0e,AB930144,81.15,313,5.43E-62,252,NA,Haptophyta,NA,Prymnesiales,Chrysochromulinaceae,Chrysochromulina,Chrysochromulina sp. NIES-1333
1912,eec290311e11208b14647e5538664138,AB930144,82.41,307,1.94E-66,267,NA,Haptophyta,NA,Prymnesiales,Chrysochromulinaceae,Chrysochromulina,Chrysochromulina sp. NIES-1333
1913,f6b85e22dd12d3824dcf1c18516f83a5,AB930144,83.333,270,1.95E-61,250,NA,Haptophyta,NA,Prymnesiales,Chrysochromulinaceae,Chrysochromulina,Chrysochromulina sp. NIES-1333
1914,f9b4937c0c921e2448e05ed512aa7a56,AB930144,81.21,314,5.43E-62,252,NA,Haptophyta,NA,Prymnesiales,Chrysochromulinaceae,Chrysochromulina,Chrysochromulina sp. NIES-1333
1915,868f2e0497d6f0cf1a772594e8ff0bf6,HQ708800,82.828,297,6.97E-66,265,NA,Oomycota,NA,Pythiales,Pythiaceae,Globisporangium,Globisporangium rhizosaccharum
1916,454b92220aaf290a9518c9da578c392e,MN184355,83.934,305,3.20E-74,292,NA,NA,Phaeophyceae,Ectocarpales,Chordariaceae,Myriotrichia,Myriotrichia sp. 1Norway
1917,5206c0eec782f61ca0e83405a4f8bf30,MN184355,83.333,306,6.92E-71,281,NA,NA,Phaeophyceae,Ectocarpales,Chordariaceae,Myriotrichia,Myriotrichia sp. 1Norway
1918,9c05bc3407139a2e96558b38ddb18d43,MN184355,83.934,305,3.20E-74,292,NA,NA,Phaeophyceae,Ectocarpales,Chordariaceae,Myriotrichia,Myriotrichia sp. 1Norway
1919,a827ed672636b4de93e1ac13f8333552,MN184355,83.333,306,6.92E-71,281,NA,NA,Phaeophyceae,Ectocarpales,Chordariaceae,Myriotrichia,Myriotrichia sp. 1Norway
1920,f7e336fa6ad091835e0be059b115a64a,MN184355,84.262,305,6.87E-76,298,NA,NA,Phaeophyceae,Ectocarpales,Chordariaceae,Myriotrichia,Myriotrichia sp. 1Norway
1921,feb2966e33a0e6922d990df5ea4bfc21,MN184355,83.934,305,3.20E-74,292,NA,NA,Phaeophyceae,Ectocarpales,Chordariaceae,Myriotrichia,Myriotrichia sp. 1Norway
1922,1b34c26a8d5e8832dae5e8c353a8de72,MG111671,83.389,301,8.95E-70,278,NA,Arthropoda,Insecta,Diptera,Mycetophilidae,Boletina,Boletina sp. BIOUG23029-F05
1923,35d5c6329a208146dcf391c4a6b6eab7,MG111671,83.389,301,8.95E-70,278,NA,Arthropoda,Insecta,Diptera,Mycetophilidae,Boletina,Boletina sp. BIOUG23029-F05
1924,ce084174519610405a73a29c27ca6c83,MG111671,83.721,301,1.92E-71,283,NA,Arthropoda,Insecta,Diptera,Mycetophilidae,Boletina,Boletina sp. BIOUG23029-F05
1925,7d95d32b9c1d32063e9f411367db76fc,KR430441,82.095,296,5.43E-62,252,Metazoa,Arthropoda,Insecta,Diptera,Mycetophilidae,NA,Mycetophilidae sp. BOLD-2016
1926,b03c8f263f085860f5ea820d78b5b5c4,KR430441,82.77,296,2.51E-65,263,Metazoa,Arthropoda,Insecta,Diptera,Mycetophilidae,NA,Mycetophilidae sp. BOLD-2016
1927,262a4caabdb04f533006f9ce871f3f01,MN657180,99.361,313,4.74E-157,568,Fungi,Ascomycota,Dothideomycetes,Cladosporiales,Cladosporiaceae,Cladosporium,Cladosporium sp.
1928,583f24d511aab31eaaaf14d7922c60f2,MN657180,99.042,313,2.21E-155,562,Fungi,Ascomycota,Dothideomycetes,Cladosporiales,Cladosporiaceae,Cladosporium,Cladosporium sp.
1929,bf30c17aedb10b58860efeb059084fa2,MN657180,94.569,313,4.91E-132,484,Fungi,Ascomycota,Dothideomycetes,Cladosporiales,Cladosporiaceae,Cladosporium,Cladosporium sp.
1930,18a429726ef7d90430a4dced5b8158b0,KY888775,84.099,283,1.50E-67,270,Metazoa,Arthropoda,Arachnida,Araneae,Salticidae,Siler,Siler sp. Sal526
1931,091d9d8ab42c54477aa50fd67f55579a,MT556837,99.042,313,2.21E-155,562,Fungi,Basidiomycota,Exobasidiomycetes,Exobasidiales,Brachybasidiaceae,Meira,Meira sp. (in: basidiomycete fungi)
1932,598634e48a888a4dc8523b55af738d77,MT556837,99.042,313,2.21E-155,562,Fungi,Basidiomycota,Exobasidiomycetes,Exobasidiales,Brachybasidiaceae,Meira,Meira sp. (in: basidiomycete fungi)
1933,6b0a4a860165dea33d51310b08fa3446,MT556837,99.042,313,2.21E-155,562,Fungi,Basidiomycota,Exobasidiomycetes,Exobasidiales,Brachybasidiaceae,Meira,Meira sp. (in: basidiomycete fungi)
1934,74ea394f398934d4dcfab58db2d377a9,MT556837,99.042,313,2.21E-155,562,Fungi,Basidiomycota,Exobasidiomycetes,Exobasidiales,Brachybasidiaceae,Meira,Meira sp. (in: basidiomycete fungi)
1935,a3529576b8dbbe176db4e50f03fc2b60,MT556837,99.042,313,2.21E-155,562,Fungi,Basidiomycota,Exobasidiomycetes,Exobasidiales,Brachybasidiaceae,Meira,Meira sp. (in: basidiomycete fungi)
1936,fb090954e00ecdd0a0403ef3cf3b5418,MT556837,99.361,313,4.74E-157,568,Fungi,Basidiomycota,Exobasidiomycetes,Exobasidiales,Brachybasidiaceae,Meira,Meira sp. (in: basidiomycete fungi)
1937,109a5e983119570376137f8f5ba1b0f5,NC_037988,83.86,285,1.50E-67,270,NA,Bacillariophyta,Mediophyceae,Toxariales,Toxariaceae,Toxarium,Toxarium undulatum
1938,56dd086e4cb9f1f37d4d5341c24643da,NC_037988,83.986,281,5.37E-67,268,NA,Bacillariophyta,Mediophyceae,Toxariales,Toxariaceae,Toxarium,Toxarium undulatum
1939,ab16dc704b11e93c1b6693cf04a0c9ba,MK118112,83.509,285,2.51E-65,263,NA,Arthropoda,Insecta,Hemiptera,Notonectidae,Martarega,Martarega barcelos
1940,9cbbc896e15769991007ed0956bb3bb2,CP136340,82.201,309,6.89E-66,265,NA,Pseudomonadota,Alphaproteobacteria,Candidatus Pelagibacterales,NA,NA,Pelagibacterales bacterium CODY6
1941,4f275ceca147426b8ae88a5a58e2aec0,JN418698,86.731,309,8.70E-90,344,NA,Bacillariophyta,Bacillariophyceae,Naviculales,Pinnulariaceae,Pinnularia,Pinnularia subanglica
1942,41b7a26e3c23f2f972256f44a65ea9aa,NC_068880,83.045,289,2.51E-65,263,NA,NA,Cryptophyceae,Cryptomonadales,Cryptomonadaceae,Cryptomonas,Cryptomonas pyrenoidifera
1943,86512a29dd4fba2f479f929a3cb6b517,NC_068880,82.313,294,4.19E-63,255,NA,NA,Cryptophyceae,Cryptomonadales,Cryptomonadaceae,Cryptomonas,Cryptomonas pyrenoidifera
1944,dc4770da3cde24fccab45e5866bd7bb9,NC_068880,83.045,289,2.51E-65,263,NA,NA,Cryptophyceae,Cryptomonadales,Cryptomonadaceae,Cryptomonas,Cryptomonas pyrenoidifera
1945,ab3f24236cc82531032d25d275660ec0,OR744862,81.529,314,1.17E-63,257,NA,Oomycota,NA,Peronosporales,Peronosporaceae,Phytophthora,Phytophthora mediterranea
1946,1905fec547a01a1c3fdee63f1008fd2a,LC490532,83.612,299,6.92E-71,281,NA,NA,Phaeophyceae,Ectocarpales,Scytosiphonaceae,Petalonia,Petalonia tenella
1947,5a915dc6b1be397d04014f23f6cf6bc4,LC490532,83.113,302,3.22E-69,276,NA,NA,Phaeophyceae,Ectocarpales,Scytosiphonaceae,Petalonia,Petalonia tenella
1948,7d12ccdf8bc93604cb9cb5afeca40569,LC490532,83.444,302,6.92E-71,281,NA,NA,Phaeophyceae,Ectocarpales,Scytosiphonaceae,Petalonia,Petalonia tenella
1949,a31b5846a6155565e38e9583bf5d0cdc,LC490532,83.444,302,6.92E-71,281,NA,NA,Phaeophyceae,Ectocarpales,Scytosiphonaceae,Petalonia,Petalonia tenella
1950,7262853efa4678088be039cc8bacc662,NC_037454,82.759,290,1.17E-63,257,NA,NA,Cryptophyceae,Cryptomonadales,Cryptomonadaceae,Cryptomonas,Cryptomonas curvata
1951,15bf94a2937522f768204879bb594fdf,MW413905,99.042,313,2.21E-155,562,NA,Bacillariophyta,Coscinodiscophyceae,Rhizosoleniales,Rhizosoleniaceae,Guinardia,Guinardia delicatula
1952,252a0201228de95935b38367cae68450,MW413905,99.361,313,4.74E-157,568,NA,Bacillariophyta,Coscinodiscophyceae,Rhizosoleniales,Rhizosoleniaceae,Guinardia,Guinardia delicatula
1953,292042d067dd7920cd92cce655a47eab,MW413905,99.042,313,2.21E-155,562,NA,Bacillariophyta,Coscinodiscophyceae,Rhizosoleniales,Rhizosoleniaceae,Guinardia,Guinardia delicatula
1954,30c05e4cf96689abc19b220204197864,MW413905,99.042,313,2.21E-155,562,NA,Bacillariophyta,Coscinodiscophyceae,Rhizosoleniales,Rhizosoleniaceae,Guinardia,Guinardia delicatula
1955,5c71df80d36551bdfbbd9802e0309896,MW413905,98.722,313,1.03E-153,556,NA,Bacillariophyta,Coscinodiscophyceae,Rhizosoleniales,Rhizosoleniaceae,Guinardia,Guinardia delicatula
1956,6da8b56e05ed2d657cd2266cf5a1237c,MW413905,100,313,2.19E-160,579,NA,Bacillariophyta,Coscinodiscophyceae,Rhizosoleniales,Rhizosoleniaceae,Guinardia,Guinardia delicatula
1957,7279c5fe2c2df3be8b03cead0108e62e,MW413905,99.042,313,2.21E-155,562,NA,Bacillariophyta,Coscinodiscophyceae,Rhizosoleniales,Rhizosoleniaceae,Guinardia,Guinardia delicatula
1958,72c757852ec1de48c8f3ac6bf57b7778,MW413905,99.681,313,1.02E-158,573,NA,Bacillariophyta,Coscinodiscophyceae,Rhizosoleniales,Rhizosoleniaceae,Guinardia,Guinardia delicatula
1959,7a4c4bbef6ce824d3d43b821c82ccb09,MW413905,99.042,313,2.21E-155,562,NA,Bacillariophyta,Coscinodiscophyceae,Rhizosoleniales,Rhizosoleniaceae,Guinardia,Guinardia delicatula
1960,88c4fe764b3ce5b1a1f3f902021c7b5a,MW413905,98.403,313,4.78E-152,551,NA,Bacillariophyta,Coscinodiscophyceae,Rhizosoleniales,Rhizosoleniaceae,Guinardia,Guinardia delicatula
1961,8edf21e1efe3cd1d110ac306b41e3e7b,MW413905,97.026,269,1.39E-122,453,NA,Bacillariophyta,Coscinodiscophyceae,Rhizosoleniales,Rhizosoleniaceae,Guinardia,Guinardia delicatula
1962,ae0468f5761edd149c747292447bb7fe,MW413905,98.403,313,4.78E-152,551,NA,Bacillariophyta,Coscinodiscophyceae,Rhizosoleniales,Rhizosoleniaceae,Guinardia,Guinardia delicatula
1963,b418dc14eee65b9721fd8ed88b22258e,MW413905,98.722,313,1.03E-153,556,NA,Bacillariophyta,Coscinodiscophyceae,Rhizosoleniales,Rhizosoleniaceae,Guinardia,Guinardia delicatula
1964,c76252db6c09e665ce0171d77673ca07,MW413905,99.042,313,2.21E-155,562,NA,Bacillariophyta,Coscinodiscophyceae,Rhizosoleniales,Rhizosoleniaceae,Guinardia,Guinardia delicatula
1965,c83c899deb08535dca2f21f13c3db1f1,MW413905,98.722,313,1.03E-153,556,NA,Bacillariophyta,Coscinodiscophyceae,Rhizosoleniales,Rhizosoleniaceae,Guinardia,Guinardia delicatula
1966,caca0fa660464de688243a2bc4040580,MW413905,99.042,313,2.21E-155,562,NA,Bacillariophyta,Coscinodiscophyceae,Rhizosoleniales,Rhizosoleniaceae,Guinardia,Guinardia delicatula
1967,cc7abe20c22ca38d860433f5d0546a03,MW413905,92.381,315,2.32E-120,446,NA,Bacillariophyta,Coscinodiscophyceae,Rhizosoleniales,Rhizosoleniaceae,Guinardia,Guinardia delicatula
1968,de0bcc8995a4b068e81cba199e639367,MW413905,98.403,313,4.78E-152,551,NA,Bacillariophyta,Coscinodiscophyceae,Rhizosoleniales,Rhizosoleniaceae,Guinardia,Guinardia delicatula
1969,e324d1439124537a2784b7daab094daf,MW413905,99.042,313,2.21E-155,562,NA,Bacillariophyta,Coscinodiscophyceae,Rhizosoleniales,Rhizosoleniaceae,Guinardia,Guinardia delicatula
1970,ef4bd19d061a1b0d6ca22015b757f3bf,MW413905,98.403,313,4.78E-152,551,NA,Bacillariophyta,Coscinodiscophyceae,Rhizosoleniales,Rhizosoleniaceae,Guinardia,Guinardia delicatula
1971,fe93a77d4d963d2b341665aea776642c,MW413905,99.042,313,2.21E-155,562,NA,Bacillariophyta,Coscinodiscophyceae,Rhizosoleniales,Rhizosoleniaceae,Guinardia,Guinardia delicatula
1972,3d91b3a072e7afcfb04811a3a96890b9,MK516750,81.639,305,1.51E-62,254,NA,NA,Phaeophyceae,Dictyotales,Dictyotaceae,Dictyota,Dictyota linearis
1973,4a0017bbb1f24c196bcd2441d8f725ac,MK516750,82.274,299,3.24E-64,259,NA,NA,Phaeophyceae,Dictyotales,Dictyotaceae,Dictyota,Dictyota linearis
1974,861b7642ad4ae2a6038118fe0343c30c,MK516750,81.94,299,1.51E-62,254,NA,NA,Phaeophyceae,Dictyotales,Dictyotaceae,Dictyota,Dictyota linearis
1975,bd876d1dc9ebbac7c0e99176a47451cc,MK516750,81.94,299,1.51E-62,254,NA,NA,Phaeophyceae,Dictyotales,Dictyotaceae,Dictyota,Dictyota linearis
1976,c84982b285ca747df9cc83815a4e783c,MK516750,81.967,305,3.24E-64,259,NA,NA,Phaeophyceae,Dictyotales,Dictyotaceae,Dictyota,Dictyota linearis
1977,05e4d51617457f5901888655f0e4dd51,OR525994,82.026,306,9.02E-65,261,NA,Oomycota,NA,Peronosporales,Peronosporaceae,Phytophthora,Phytophthora indonesiensis
1978,23b31bd07fa3676ee853e8ce70b4dce4,OR525994,82.353,306,1.94E-66,267,NA,Oomycota,NA,Peronosporales,Peronosporaceae,Phytophthora,Phytophthora indonesiensis
1979,72be7c9d97065b5f46f45328fb822c00,OR525994,82.026,306,9.02E-65,261,NA,Oomycota,NA,Peronosporales,Peronosporaceae,Phytophthora,Phytophthora indonesiensis
1980,7f4d71be7ddca029dacb06c0b511dcaf,OR525994,82.41,307,5.39E-67,268,NA,Oomycota,NA,Peronosporales,Peronosporaceae,Phytophthora,Phytophthora indonesiensis
1981,a27f71bab3a0f0cc52c2bc9bd688414c,OR525994,82.68,306,4.16E-68,272,NA,Oomycota,NA,Peronosporales,Peronosporaceae,Phytophthora,Phytophthora indonesiensis
1982,b0bf0acc1bc92f03984c207e9b1242a9,OR525994,82.026,306,9.02E-65,261,NA,Oomycota,NA,Peronosporales,Peronosporaceae,Phytophthora,Phytophthora indonesiensis
1983,b3d504a7483a63eceae5d2bb62021857,OR525994,82.68,306,4.16E-68,272,NA,Oomycota,NA,Peronosporales,Peronosporaceae,Phytophthora,Phytophthora indonesiensis
1984,fb6f0fcb3c797dc20f45934a23336dd8,OR525994,82.68,306,4.16E-68,272,NA,Oomycota,NA,Peronosporales,Peronosporaceae,Phytophthora,Phytophthora indonesiensis
1985,35de507820c0ef4527bc6312e3243bb5,KT981897,86.477,281,1.22E-78,307,Metazoa,Cnidaria,Hydrozoa,Anthoathecata,Corynidae,Coryne,Coryne tricycla
1986,381e7edbf231abfb27b5b63303fd11ff,KT981897,86.477,281,1.14E-78,307,Metazoa,Cnidaria,Hydrozoa,Anthoathecata,Corynidae,Coryne,Coryne tricycla
1987,8aaeb579a8a80c1d7194b38c05bb296e,KT981897,86.121,281,5.31E-77,302,Metazoa,Cnidaria,Hydrozoa,Anthoathecata,Corynidae,Coryne,Coryne tricycla
1988,a60c850003b77767e4d495dd421ea683,KT981897,85.357,280,1.15E-73,291,Metazoa,Cnidaria,Hydrozoa,Anthoathecata,Corynidae,Coryne,Coryne tricycla
1989,dd62b5a80f20fef100e6b52cfc81b845,KT981897,86.786,280,2.45E-80,313,Metazoa,Cnidaria,Hydrozoa,Anthoathecata,Corynidae,Coryne,Coryne tricycla
1990,765f0392703a4bcdd2c73d2829191a78,MG674170,83.228,316,1.92E-71,283,NA,Oomycota,NA,Pythiales,Pythiaceae,Pythium,Pythium subutonaiense
1991,c0188dcd2f7d50d849676c81b3298371,MK335374,85.714,301,1.90E-81,316,NA,NA,Synurophyceae,Ochromonadales,Ochromonadaceae,Poterioochromonas,Poterioochromonas stipitata
1992,2f9f25f9b47dab79145b2bc0b1a496f7,JX535657,83.162,291,6.97E-66,265,NA,Arthropoda,Insecta,Coleoptera,Carabidae,Pterostichus,Pterostichus gompanus
1993,99be62bdf5f45be6a8c1d3e9dbb4d47c,JX535657,83.505,291,1.50E-67,270,NA,Arthropoda,Insecta,Coleoptera,Carabidae,Pterostichus,Pterostichus gompanus
1994,a626b1c95bb0baf608a2024a63347a46,JX535657,82.818,291,3.24E-64,259,NA,Arthropoda,Insecta,Coleoptera,Carabidae,Pterostichus,Pterostichus gompanus
1995,f9d36dee97dd65fc076f11d847a17299,JX535657,83.162,291,6.97E-66,265,NA,Arthropoda,Insecta,Coleoptera,Carabidae,Pterostichus,Pterostichus gompanus
1996,2d6ac9ce4c5780553c443e296826ee52,KT733614,99.367,316,1.03E-158,573,NA,NA,Dinophyceae,Gymnodiniales,Kareniaceae,Karlodinium,Karlodinium veneficum
1997,79f097edccd137bca1fc2ab0e05282fd,KT733614,99.684,316,2.22E-160,579,NA,NA,Dinophyceae,Gymnodiniales,Kareniaceae,Karlodinium,Karlodinium veneficum
1998,92aef7d3286368544375e1e2911e5b80,KT733614,99.367,316,1.03E-158,573,NA,NA,Dinophyceae,Gymnodiniales,Kareniaceae,Karlodinium,Karlodinium veneficum
1999,b8c33817f94107b4998fe9b9c50711e0,KT733614,99.051,316,4.79E-157,568,NA,NA,Dinophyceae,Gymnodiniales,Kareniaceae,Karlodinium,Karlodinium veneficum
2000,c80059dbc4e536368af6dc00992666b8,KT733614,99.051,316,4.79E-157,568,NA,NA,Dinophyceae,Gymnodiniales,Kareniaceae,Karlodinium,Karlodinium veneficum
2001,afa899db25b5a4d6c9eaf18883fa0f5d,HQ840955,99.361,313,4.74E-157,568,NA,Cercozoa,Chlorarachniophyceae,NA,NA,Bigelowiella,Bigelowiella natans
2002,d2932ce7bbd95b57cdc2a7a2550b0ac7,HQ840955,100,313,2.19E-160,579,NA,Cercozoa,Chlorarachniophyceae,NA,NA,Bigelowiella,Bigelowiella natans
2003,NA,NA,NA,NA,NA,NA,Fungi,Basidiomycota,Microbotryomycetes,Sporidiobolales,Sporidiobolaceae,Rhodotorula,Rhodotorula taiwanensis
2004,92d1ab296c84529728b3c8e9049740c5,GQ501217,94.304,316,4.97E-132,484,NA,NA,Dinophyceae,Gonyaulacales,Gonyaulacaceae,Gonyaulax,Gonyaulax sp. AC551
2005,9dff8e54a7cbe68381095f3b09bc17cc,GQ501217,100,316,4.76E-162,584,NA,NA,Dinophyceae,Gonyaulacales,Gonyaulacaceae,Gonyaulax,Gonyaulax sp. AC551
2006,94e748306ed0b12618f377188041da12,GQ501216,99.684,316,2.22E-160,579,NA,NA,Dinophyceae,Gonyaulacales,Gonyaulacaceae,Gonyaulax,Gonyaulax hyalina
2007,046936918d7a5bcf0e002ea2f5419aed,EU795181,94.888,313,1.06E-133,490,NA,NA,NA,NA,NA,NA,uncultured bacterium HF0070_02E07
2008,075f27753d9056a1884d58f174663ca6,EU795181,94.569,313,4.91E-132,484,NA,NA,NA,NA,NA,NA,uncultured bacterium HF0070_02E07
2009,1c2fdef8eed166c26dd25496e07a37d3,EU795181,86.859,312,1.87E-91,350,NA,NA,NA,NA,NA,NA,uncultured bacterium HF0070_02E07
2010,1fe2577465a3d1c6e89dcd07c717924d,EU795181,98.722,313,1.03E-153,556,NA,NA,NA,NA,NA,NA,uncultured bacterium HF0070_02E07
2011,23c24b435ed8da30a0caa5a7d34e0743,EU795181,87.179,312,4.02E-93,355,NA,NA,NA,NA,NA,NA,uncultured bacterium HF0070_02E07
2012,2b754ce6e3fafa6b05de676efaf8b065,EU795181,93.61,313,4.95E-127,468,NA,NA,NA,NA,NA,NA,uncultured bacterium HF0070_02E07
2013,2dd845e9e679aae6f5d46823638189d1,EU795181,94.569,313,4.91E-132,484,NA,NA,NA,NA,NA,NA,uncultured bacterium HF0070_02E07
2014,3261b3d25e3376fd1f2b5f9cfc67e9d2,EU795181,99.042,313,2.21E-155,562,NA,NA,NA,NA,NA,NA,uncultured bacterium HF0070_02E07
2015,34ed9e8d69d9c418a8383d5f7c12b141,EU795181,93.93,313,1.06E-128,473,NA,NA,NA,NA,NA,NA,uncultured bacterium HF0070_02E07
2016,3ba1dfc27a6499d609a816eb39980aa1,EU795181,98.722,313,1.03E-153,556,NA,NA,NA,NA,NA,NA,uncultured bacterium HF0070_02E07
2017,3c50d8fe76fa50ba2256948500d42bc9,EU795181,94.569,313,4.91E-132,484,NA,NA,NA,NA,NA,NA,uncultured bacterium HF0070_02E07
2018,3dcf3030ff55d9d2a97554bfd490eda9,EU795181,99.042,313,2.21E-155,562,NA,NA,NA,NA,NA,NA,uncultured bacterium HF0070_02E07
2019,4cfc49fa5123e722c3d2811ce85eef65,EU795181,99.361,313,4.74E-157,568,NA,NA,NA,NA,NA,NA,uncultured bacterium HF0070_02E07
2020,5985547bf14ba717cd463b6e2f8d47ae,EU795181,99.042,313,2.21E-155,562,NA,NA,NA,NA,NA,NA,uncultured bacterium HF0070_02E07
2021,5b227cfb2d2bd0b145fe6033c015ae85,EU795181,84.984,313,5.27E-82,318,NA,NA,NA,NA,NA,NA,uncultured bacterium HF0070_02E07
2022,683f7e7bb220fb1a1a92f779c77ff7bc,EU795181,99.361,313,4.74E-157,568,NA,NA,NA,NA,NA,NA,uncultured bacterium HF0070_02E07
2023,6cebd420c4fc708dc5575a60cd72d161,EU795181,93.93,313,1.06E-128,473,NA,NA,NA,NA,NA,NA,uncultured bacterium HF0070_02E07
2024,7200776b80d8bf06bf318764704e8455,EU795181,94.249,313,2.29E-130,479,NA,NA,NA,NA,NA,NA,uncultured bacterium HF0070_02E07
2025,74bff488a626bd040adf009ed80bd889,EU795181,93.559,295,1.08E-118,440,NA,NA,NA,NA,NA,NA,uncultured bacterium HF0070_02E07
2026,7695fbec3772888ecbe474d1f9bd3b86,EU795181,86.538,312,8.70E-90,344,NA,NA,NA,NA,NA,NA,uncultured bacterium HF0070_02E07
2027,8064db81dbbc12ae13b04174aa4dfb78,EU795181,86.538,312,8.70E-90,344,NA,NA,NA,NA,NA,NA,uncultured bacterium HF0070_02E07
2028,82e097118feadfd7bafa68f720c78333,EU795181,86.859,312,1.87E-91,350,NA,NA,NA,NA,NA,NA,uncultured bacterium HF0070_02E07
2029,9d143facf40486bd4ea2fbafc02a5309,EU795181,98.722,313,1.03E-153,556,NA,NA,NA,NA,NA,NA,uncultured bacterium HF0070_02E07
2030,b3be8230a9d58b1c1f63f79d2a940cf1,EU795181,99.361,313,4.74E-157,568,NA,NA,NA,NA,NA,NA,uncultured bacterium HF0070_02E07
2031,bb09329dff4bbc37ecec96418f02798e,EU795181,94.249,313,2.29E-130,479,NA,NA,NA,NA,NA,NA,uncultured bacterium HF0070_02E07
2032,c01542e13c3b055625d62e65d30b8ab7,EU795181,89.855,276,1.44E-92,353,NA,NA,NA,NA,NA,NA,uncultured bacterium HF0070_02E07
2033,c73b054030dcf11acd9f5e4861235fcc,EU795181,99.681,313,1.02E-158,573,NA,NA,NA,NA,NA,NA,uncultured bacterium HF0070_02E07
2034,ccfef28df6938a8ce2c9a5040e0b9303,EU795181,100,313,2.19E-160,579,NA,NA,NA,NA,NA,NA,uncultured bacterium HF0070_02E07
2035,e083d670fb0a1c70dd9d63145f7221e2,EU795181,99.042,313,2.21E-155,562,NA,NA,NA,NA,NA,NA,uncultured bacterium HF0070_02E07
2036,e59facac2bc7896dbe7f659d53123089,EU795181,86.859,312,1.87E-91,350,NA,NA,NA,NA,NA,NA,uncultured bacterium HF0070_02E07
2037,f26273896dc02a6618833bff60997dfc,MZ487343,86.149,296,1.90E-81,316,Metazoa,Porifera,Demospongiae,Bubarida,Dictyonellidae,Scopalina,Scopalina ruetzleri
2038,38e287af7490c91b3b1d692232b47932,OP034397,82.222,315,1.94E-66,267,Metazoa,Arthropoda,Arachnida,Araneae,Filistatidae,Pikelinia,Pikelinia sp.
2039,5218cf5553ccf16e874f3af266072e15,OP034397,82.222,315,1.94E-66,267,Metazoa,Arthropoda,Arachnida,Araneae,Filistatidae,Pikelinia,Pikelinia sp.
2040,98044e6710b98d46e1099e0e7fc0d4ab,OP034397,83.175,315,1.92E-71,283,Metazoa,Arthropoda,Arachnida,Araneae,Filistatidae,Pikelinia,Pikelinia sp.
2041,b9b80000288421f2392edf125fa8a882,OP034397,81.905,315,9.02E-65,261,Metazoa,Arthropoda,Arachnida,Araneae,Filistatidae,Pikelinia,Pikelinia sp.
2042,f8a5fc5db48bd1363cc8bf3b96af95fb,OP034397,82.54,315,4.16E-68,272,Metazoa,Arthropoda,Arachnida,Araneae,Filistatidae,Pikelinia,Pikelinia sp.
2043,88712378b2854d92377d1bfb38585b5a,MN991994,81.21,314,1.95E-61,250,NA,Oomycota,NA,Peronosporales,Peronosporaceae,Phytophthora,Phytophthora frigida
2044,a8f964ea81abaeb233ad438344e4b6df,MN991994,81.908,304,4.19E-63,255,NA,Oomycota,NA,Peronosporales,Peronosporaceae,Phytophthora,Phytophthora frigida
2045,04d6ca803fa32d4b1654f9bfb5aca62f,CP038852,86.218,312,4.05E-88,339,NA,Pseudomonadota,Alphaproteobacteria,Candidatus Pelagibacterales,Candidatus Pelagibacteraceae,Candidatus Pelagibacter,Candidatus Pelagibacter giovannonii
2046,07981832341141cf8bbdacc273010420,CP038852,84.615,312,8.83E-80,311,NA,Pseudomonadota,Alphaproteobacteria,Candidatus Pelagibacterales,Candidatus Pelagibacteraceae,Candidatus Pelagibacter,Candidatus Pelagibacter giovannonii
2047,0a17eca7719c4bbadba81e6646e1de8d,CP038852,84.936,312,1.90E-81,316,NA,Pseudomonadota,Alphaproteobacteria,Candidatus Pelagibacterales,Candidatus Pelagibacteraceae,Candidatus Pelagibacter,Candidatus Pelagibacter giovannonii
2048,0abf564ce731b8cb572d24528e32f426,CP038852,85.897,312,1.88E-86,333,NA,Pseudomonadota,Alphaproteobacteria,Candidatus Pelagibacterales,Candidatus Pelagibacteraceae,Candidatus Pelagibacter,Candidatus Pelagibacter giovannonii
2049,184e67dc5288cc596eccd866e7dd1011,CP038852,84.566,311,3.17E-79,309,NA,Pseudomonadota,Alphaproteobacteria,Candidatus Pelagibacterales,Candidatus Pelagibacteraceae,Candidatus Pelagibacter,Candidatus Pelagibacter giovannonii
2050,1ffbf2d2380cc107dd1bd627cb498866,CP038852,85.256,312,4.08E-83,322,NA,Pseudomonadota,Alphaproteobacteria,Candidatus Pelagibacterales,Candidatus Pelagibacteraceae,Candidatus Pelagibacter,Candidatus Pelagibacter giovannonii
2051,21b89437f8a08b5426817420977f8835,CP038852,84.936,312,1.90E-81,316,NA,Pseudomonadota,Alphaproteobacteria,Candidatus Pelagibacterales,Candidatus Pelagibacteraceae,Candidatus Pelagibacter,Candidatus Pelagibacter giovannonii
2052,2f47615ba1e495b7b393a64d9589e4fa,CP038852,83.333,312,4.14E-73,289,NA,Pseudomonadota,Alphaproteobacteria,Candidatus Pelagibacterales,Candidatus Pelagibacteraceae,Candidatus Pelagibacter,Candidatus Pelagibacter giovannonii
2053,311ef98f02d17a223ddbabc1a4fa1c15,CP038852,85.577,312,8.76E-85,327,NA,Pseudomonadota,Alphaproteobacteria,Candidatus Pelagibacterales,Candidatus Pelagibacteraceae,Candidatus Pelagibacter,Candidatus Pelagibacter giovannonii
2054,338850d2eae7687a29f7fae30310596a,CP038852,84.615,312,8.83E-80,311,NA,Pseudomonadota,Alphaproteobacteria,Candidatus Pelagibacterales,Candidatus Pelagibacteraceae,Candidatus Pelagibacter,Candidatus Pelagibacter giovannonii
2055,359b522b7fc8a063627c41fe237e9c53,CP038852,84.615,312,8.83E-80,311,NA,Pseudomonadota,Alphaproteobacteria,Candidatus Pelagibacterales,Candidatus Pelagibacteraceae,Candidatus Pelagibacter,Candidatus Pelagibacter giovannonii
2056,3d355c683b47d2118a05f8ad09ec72ca,CP038852,84.936,312,1.90E-81,316,NA,Pseudomonadota,Alphaproteobacteria,Candidatus Pelagibacterales,Candidatus Pelagibacteraceae,Candidatus Pelagibacter,Candidatus Pelagibacter giovannonii
2057,46845e4f4a3801b3e0dd5ebe33323abe,CP038852,85.577,312,8.76E-85,327,NA,Pseudomonadota,Alphaproteobacteria,Candidatus Pelagibacterales,Candidatus Pelagibacteraceae,Candidatus Pelagibacter,Candidatus Pelagibacter giovannonii
2058,47052b9d767a3612e07fba1040cf8c1f,CP038852,84.936,312,1.90E-81,316,NA,Pseudomonadota,Alphaproteobacteria,Candidatus Pelagibacterales,Candidatus Pelagibacteraceae,Candidatus Pelagibacter,Candidatus Pelagibacter giovannonii
2059,55800f8451dedeb76c386f4b2e7669b8,CP038852,84.936,312,1.90E-81,316,NA,Pseudomonadota,Alphaproteobacteria,Candidatus Pelagibacterales,Candidatus Pelagibacteraceae,Candidatus Pelagibacter,Candidatus Pelagibacter giovannonii
2060,57e04ca0ff8d1ae1b097193277a54841,CP038852,85.256,312,4.08E-83,322,NA,Pseudomonadota,Alphaproteobacteria,Candidatus Pelagibacterales,Candidatus Pelagibacteraceae,Candidatus Pelagibacter,Candidatus Pelagibacter giovannonii
2061,5b3b9263e90013cb72e3018cfd828587,CP038852,85.897,312,1.88E-86,333,NA,Pseudomonadota,Alphaproteobacteria,Candidatus Pelagibacterales,Candidatus Pelagibacteraceae,Candidatus Pelagibacter,Candidatus Pelagibacter giovannonii
2062,61770dc5aa20c2f41c9548e09473558f,CP038852,85.256,312,4.08E-83,322,NA,Pseudomonadota,Alphaproteobacteria,Candidatus Pelagibacterales,Candidatus Pelagibacteraceae,Candidatus Pelagibacter,Candidatus Pelagibacter giovannonii
2063,685c6ce3e1b75c7a4cadbb5d54c34dbd,CP038852,83.974,312,1.91E-76,300,NA,Pseudomonadota,Alphaproteobacteria,Candidatus Pelagibacterales,Candidatus Pelagibacteraceae,Candidatus Pelagibacter,Candidatus Pelagibacter giovannonii
2064,69b176511f1a42c03367473b25cbfddf,CP038852,85.256,312,4.08E-83,322,NA,Pseudomonadota,Alphaproteobacteria,Candidatus Pelagibacterales,Candidatus Pelagibacteraceae,Candidatus Pelagibacter,Candidatus Pelagibacter giovannonii
2065,6f4cc471708c4a5036bd8caf299c4ae6,CP038852,85.256,312,4.08E-83,322,NA,Pseudomonadota,Alphaproteobacteria,Candidatus Pelagibacterales,Candidatus Pelagibacteraceae,Candidatus Pelagibacter,Candidatus Pelagibacter giovannonii
2066,7381bb551f5ca98f5a0ca1a40c9d3614,CP038852,85.897,312,1.88E-86,333,NA,Pseudomonadota,Alphaproteobacteria,Candidatus Pelagibacterales,Candidatus Pelagibacteraceae,Candidatus Pelagibacter,Candidatus Pelagibacter giovannonii
2067,7b4ce2a1388531db6cfdc8f6f0a62d9f,CP038852,85.577,312,8.76E-85,327,NA,Pseudomonadota,Alphaproteobacteria,Candidatus Pelagibacterales,Candidatus Pelagibacteraceae,Candidatus Pelagibacter,Candidatus Pelagibacter giovannonii
2068,7fbaad79779cf49a2b1e5e1bad4e22d3,CP038852,84.936,312,1.90E-81,316,NA,Pseudomonadota,Alphaproteobacteria,Candidatus Pelagibacterales,Candidatus Pelagibacteraceae,Candidatus Pelagibacter,Candidatus Pelagibacter giovannonii
2069,8007f3b6d2856b30d2ef1b6113daaec4,CP038852,85.256,312,4.08E-83,322,NA,Pseudomonadota,Alphaproteobacteria,Candidatus Pelagibacterales,Candidatus Pelagibacteraceae,Candidatus Pelagibacter,Candidatus Pelagibacter giovannonii
2070,808bc376cacf99a666e8aba5aa23ce39,CP038852,85.577,312,8.76E-85,327,NA,Pseudomonadota,Alphaproteobacteria,Candidatus Pelagibacterales,Candidatus Pelagibacteraceae,Candidatus Pelagibacter,Candidatus Pelagibacter giovannonii
2071,80c3c07e3ba87effc3f2538b5ea3564c,CP038852,84.984,313,5.27E-82,318,NA,Pseudomonadota,Alphaproteobacteria,Candidatus Pelagibacterales,Candidatus Pelagibacteraceae,Candidatus Pelagibacter,Candidatus Pelagibacter giovannonii
2072,8776204f0933466abf5ded6b27752ad5,CP038852,83.681,288,5.37E-67,268,NA,Pseudomonadota,Alphaproteobacteria,Candidatus Pelagibacterales,Candidatus Pelagibacteraceae,Candidatus Pelagibacter,Candidatus Pelagibacter giovannonii
2073,94f2276e885ab9440cdb693e1f2e8770,CP038852,85.256,312,4.08E-83,322,NA,Pseudomonadota,Alphaproteobacteria,Candidatus Pelagibacterales,Candidatus Pelagibacteraceae,Candidatus Pelagibacter,Candidatus Pelagibacter giovannonii
2074,96053cf7058bca6f9bd4c30acd09de1d,CP038852,85.256,312,4.08E-83,322,NA,Pseudomonadota,Alphaproteobacteria,Candidatus Pelagibacterales,Candidatus Pelagibacteraceae,Candidatus Pelagibacter,Candidatus Pelagibacter giovannonii
2075,98a9475b5e30aeccfa93a8af52f75752,CP038852,84.262,305,6.87E-76,298,NA,Pseudomonadota,Alphaproteobacteria,Candidatus Pelagibacterales,Candidatus Pelagibacteraceae,Candidatus Pelagibacter,Candidatus Pelagibacter giovannonii
2076,9a95d9addc746f9334795101938b7017,CP038852,85.577,312,8.76E-85,327,NA,Pseudomonadota,Alphaproteobacteria,Candidatus Pelagibacterales,Candidatus Pelagibacteraceae,Candidatus Pelagibacter,Candidatus Pelagibacter giovannonii
2077,a34ba23aa13f2b79422927c243b0ba66,CP038852,84.936,312,1.90E-81,316,NA,Pseudomonadota,Alphaproteobacteria,Candidatus Pelagibacterales,Candidatus Pelagibacteraceae,Candidatus Pelagibacter,Candidatus Pelagibacter giovannonii
2078,a7f199de3e96725f2a14a272290d2a5a,CP038852,84.936,312,1.90E-81,316,NA,Pseudomonadota,Alphaproteobacteria,Candidatus Pelagibacterales,Candidatus Pelagibacteraceae,Candidatus Pelagibacter,Candidatus Pelagibacter giovannonii
2079,af109c691d8a471a8f1d64abdcc21df0,CP038852,84.936,312,1.90E-81,316,NA,Pseudomonadota,Alphaproteobacteria,Candidatus Pelagibacterales,Candidatus Pelagibacteraceae,Candidatus Pelagibacter,Candidatus Pelagibacter giovannonii
2080,b10acd9a253d0723fdd605027827bbf5,CP038852,84.861,251,1.51E-62,254,NA,Pseudomonadota,Alphaproteobacteria,Candidatus Pelagibacterales,Candidatus Pelagibacteraceae,Candidatus Pelagibacter,Candidatus Pelagibacter giovannonii
2081,b72d2263e01ea4f04e202b74f7cf7b75,CP038852,84.936,312,1.90E-81,316,NA,Pseudomonadota,Alphaproteobacteria,Candidatus Pelagibacterales,Candidatus Pelagibacteraceae,Candidatus Pelagibacter,Candidatus Pelagibacter giovannonii
2082,b85c32ef808c7cab2a2893146ef3a842,CP038852,84.615,312,8.83E-80,311,NA,Pseudomonadota,Alphaproteobacteria,Candidatus Pelagibacterales,Candidatus Pelagibacteraceae,Candidatus Pelagibacter,Candidatus Pelagibacter giovannonii
2083,bea6960f62b6ee5106ae9314135a8fe3,CP038852,83.333,312,4.14E-73,289,NA,Pseudomonadota,Alphaproteobacteria,Candidatus Pelagibacterales,Candidatus Pelagibacteraceae,Candidatus Pelagibacter,Candidatus Pelagibacter giovannonii
2084,c1ac62d6cefd10be9c5a2a516ec9243a,CP038852,85.256,312,4.08E-83,322,NA,Pseudomonadota,Alphaproteobacteria,Candidatus Pelagibacterales,Candidatus Pelagibacteraceae,Candidatus Pelagibacter,Candidatus Pelagibacter giovannonii
2085,c6f537691d5ba248ce131b0548e5ae1c,CP038852,84.936,312,1.90E-81,316,NA,Pseudomonadota,Alphaproteobacteria,Candidatus Pelagibacterales,Candidatus Pelagibacteraceae,Candidatus Pelagibacter,Candidatus Pelagibacter giovannonii
2086,c94adea09413c1c2a7086030f10b1f5e,CP038852,83.974,312,1.91E-76,300,NA,Pseudomonadota,Alphaproteobacteria,Candidatus Pelagibacterales,Candidatus Pelagibacteraceae,Candidatus Pelagibacter,Candidatus Pelagibacter giovannonii
2087,cce20b402abc1ff7b23b311c45912cf5,CP038852,85.256,312,4.08E-83,322,NA,Pseudomonadota,Alphaproteobacteria,Candidatus Pelagibacterales,Candidatus Pelagibacteraceae,Candidatus Pelagibacter,Candidatus Pelagibacter giovannonii
2088,ce2226025d19ed1b3fed4e337e6afae6,CP038852,85.577,312,8.76E-85,327,NA,Pseudomonadota,Alphaproteobacteria,Candidatus Pelagibacterales,Candidatus Pelagibacteraceae,Candidatus Pelagibacter,Candidatus Pelagibacter giovannonii
2089,dbe50ef62490af3669732a490a60e181,CP038852,84.936,312,1.90E-81,316,NA,Pseudomonadota,Alphaproteobacteria,Candidatus Pelagibacterales,Candidatus Pelagibacteraceae,Candidatus Pelagibacter,Candidatus Pelagibacter giovannonii
2090,e06332d54489b52d7ca9ade01b10d33a,CP038852,85.256,312,4.08E-83,322,NA,Pseudomonadota,Alphaproteobacteria,Candidatus Pelagibacterales,Candidatus Pelagibacteraceae,Candidatus Pelagibacter,Candidatus Pelagibacter giovannonii
2091,e3ea9a31c1b072c45afb6bfe9e5a2c46,CP038852,84.936,312,1.90E-81,316,NA,Pseudomonadota,Alphaproteobacteria,Candidatus Pelagibacterales,Candidatus Pelagibacteraceae,Candidatus Pelagibacter,Candidatus Pelagibacter giovannonii
2092,e3f8ba622fe40358af9ff79d70d6e621,CP038852,84.262,305,6.87E-76,298,NA,Pseudomonadota,Alphaproteobacteria,Candidatus Pelagibacterales,Candidatus Pelagibacteraceae,Candidatus Pelagibacter,Candidatus Pelagibacter giovannonii
2093,e46da4302e0a4a8ca2efc35cb2c3f275,CP038852,85.577,312,8.76E-85,327,NA,Pseudomonadota,Alphaproteobacteria,Candidatus Pelagibacterales,Candidatus Pelagibacteraceae,Candidatus Pelagibacter,Candidatus Pelagibacter giovannonii
2094,ebdb89730a5e9153e049e97493d8d265,CP038852,83.562,292,1.50E-67,270,NA,Pseudomonadota,Alphaproteobacteria,Candidatus Pelagibacterales,Candidatus Pelagibacteraceae,Candidatus Pelagibacter,Candidatus Pelagibacter giovannonii
2095,f0c3d110fbb60870d28cf4d6aeb679d7,CP038852,84.615,312,8.83E-80,311,NA,Pseudomonadota,Alphaproteobacteria,Candidatus Pelagibacterales,Candidatus Pelagibacteraceae,Candidatus Pelagibacter,Candidatus Pelagibacter giovannonii
2096,f632b286a072934ce4276101f0f640ff,CP038852,85.256,312,4.08E-83,322,NA,Pseudomonadota,Alphaproteobacteria,Candidatus Pelagibacterales,Candidatus Pelagibacteraceae,Candidatus Pelagibacter,Candidatus Pelagibacter giovannonii
2097,fc0f5f29a086b418d6a04510ca7527e1,CP038852,84.615,312,8.83E-80,311,NA,Pseudomonadota,Alphaproteobacteria,Candidatus Pelagibacterales,Candidatus Pelagibacteraceae,Candidatus Pelagibacter,Candidatus Pelagibacter giovannonii
2098,fe0be9349f03628b14e5ba9b7cbe3cdc,CP038852,85.577,312,8.76E-85,327,NA,Pseudomonadota,Alphaproteobacteria,Candidatus Pelagibacterales,Candidatus Pelagibacteraceae,Candidatus Pelagibacter,Candidatus Pelagibacter giovannonii
2099,6bfe11fab161750f2fcac88d0492f81c,OP820047,86.38,279,5.29E-77,302,NA,Discosea,Flabellinia,NA,Vannellidae,Vannella,Vannella salarenaria
2100,d319bfd6e5505193ac3ec4431b5c90ab,MF683621,81.908,304,1.51E-62,254,NA,Discosea,Flabellinia,NA,Vannellidae,Ripella,Ripella decalvata
2101,22ddc18e55e5a0b51a6adacf8b93fb5b,KT733613,100,316,4.76E-162,584,NA,NA,Dinophyceae,Gymnodiniales,Kareniaceae,Karenia,Karenia mikimotoi
2102,048c95aa4eabf17f7898623380ec3dad,NC_030600,90.997,311,1.41E-112,420,Fungi,Ascomycota,Eurotiomycetes,Chaetothyriales,Herpotrichiellaceae,Cladophialophora,Cladophialophora bantiana
2103,4c9fed48e6d575b2ec875a4b9911b068,NC_030600,90.82,305,3.04E-109,409,Fungi,Ascomycota,Eurotiomycetes,Chaetothyriales,Herpotrichiellaceae,Cladophialophora,Cladophialophora bantiana
2104,5955195d94394f42ea7a1839e83149e0,NC_030600,90.032,311,1.42E-107,403,Fungi,Ascomycota,Eurotiomycetes,Chaetothyriales,Herpotrichiellaceae,Cladophialophora,Cladophialophora bantiana
2105,6e550cfde1426f1d36602bc1299c3e84,NC_030600,90.492,305,1.41E-107,403,Fungi,Ascomycota,Eurotiomycetes,Chaetothyriales,Herpotrichiellaceae,Cladophialophora,Cladophialophora bantiana
2106,93120535d84db4901bfa262af653dc69,NC_030600,91.318,311,3.02E-114,425,Fungi,Ascomycota,Eurotiomycetes,Chaetothyriales,Herpotrichiellaceae,Cladophialophora,Cladophialophora bantiana
2107,d68e69597e2dde2bc3465fd8f45bea6d,NC_030600,90.675,311,6.54E-111,414,Fungi,Ascomycota,Eurotiomycetes,Chaetothyriales,Herpotrichiellaceae,Cladophialophora,Cladophialophora bantiana
2108,c8ea10179fde4e985e55399ffd285609,KT981908,83.696,276,9.02E-65,261,Metazoa,Cnidaria,Hydrozoa,Anthoathecata,Ptilocodiidae,Thecocodium,Thecocodium quadratum
2109,e37de4b6eea820d81e51fce85629e2f6,KT981908,82.971,276,1.95E-61,250,Metazoa,Cnidaria,Hydrozoa,Anthoathecata,Ptilocodiidae,Thecocodium,Thecocodium quadratum
2110,18aadb9710f360c9a914a5b61ab1ea48,OR662038,82.686,283,1.95E-61,250,NA,Oomycota,NA,Pythiales,Pythiaceae,Pythium,Pythium sp. KB-2023a
2111,2ccf2aa77b4a2662f4cc26d2fd9665ed,OR662038,83.039,283,4.19E-63,255,NA,Oomycota,NA,Pythiales,Pythiaceae,Pythium,Pythium sp. KB-2023a
2112,37321882027e395bf2e65d0bfe2fce06,OR662038,83.039,283,4.19E-63,255,NA,Oomycota,NA,Pythiales,Pythiaceae,Pythium,Pythium sp. KB-2023a
2113,d8824f1c18aa8d9d6b5e12dcc36d3493,OR662038,83.392,283,9.02E-65,261,NA,Oomycota,NA,Pythiales,Pythiaceae,Pythium,Pythium sp. KB-2023a
2114,f9362da2a6138bd501f4cb6567d11066,OR662038,83.746,283,1.94E-66,267,NA,Oomycota,NA,Pythiales,Pythiaceae,Pythium,Pythium sp. KB-2023a
2115,0060e9baf35e87765b4cd32f7af943f9,LC382489,82.45,302,6.97E-66,265,NA,NA,Phaeophyceae,Ectocarpales,Chordariaceae,Nemacystus,Nemacystus decipiens
2116,0ff00f30c0b2532066bf345a00a5d4e7,LC382489,82.45,302,6.97E-66,265,NA,NA,Phaeophyceae,Ectocarpales,Chordariaceae,Nemacystus,Nemacystus decipiens
2117,5cd1f4732f54727b44ac4fd7da4d0557,LC382489,81.529,314,1.17E-63,257,NA,NA,Phaeophyceae,Ectocarpales,Chordariaceae,Nemacystus,Nemacystus decipiens
2118,63aa632998376492b8ebb1bf619ba1b2,LC382489,82.781,302,1.50E-67,270,NA,NA,Phaeophyceae,Ectocarpales,Chordariaceae,Nemacystus,Nemacystus decipiens
2119,6c2fa70328f08c1e4024a8044e1cf2f2,LC382489,81.847,314,2.51E-65,263,NA,NA,Phaeophyceae,Ectocarpales,Chordariaceae,Nemacystus,Nemacystus decipiens
2120,7fa0c21d554e8ec4144eb2d478388ef0,LC382489,82.215,298,1.17E-63,257,NA,NA,Phaeophyceae,Ectocarpales,Chordariaceae,Nemacystus,Nemacystus decipiens
2121,aaa00dce6bca5f0caed26c4e6ae5d47f,LC382489,82.45,302,6.97E-66,265,NA,NA,Phaeophyceae,Ectocarpales,Chordariaceae,Nemacystus,Nemacystus decipiens
2122,ab5ea946dbe4f919260535d036b3a25d,LC382489,82.781,302,1.50E-67,270,NA,NA,Phaeophyceae,Ectocarpales,Chordariaceae,Nemacystus,Nemacystus decipiens
2123,b6b28ba92e6212ab37d640512a87b181,LC382489,82.781,302,1.50E-67,270,NA,NA,Phaeophyceae,Ectocarpales,Chordariaceae,Nemacystus,Nemacystus decipiens
2124,d2814657cb3e0c8b9e32060a25e29889,LC382489,82.45,302,6.97E-66,265,NA,NA,Phaeophyceae,Ectocarpales,Chordariaceae,Nemacystus,Nemacystus decipiens
2125,d6afc1827aaca64251986f883607481e,LC382489,82.45,302,6.97E-66,265,NA,NA,Phaeophyceae,Ectocarpales,Chordariaceae,Nemacystus,Nemacystus decipiens
2126,de163b321f4b9067471c961d3529e713,LC382489,82.119,302,3.24E-64,259,NA,NA,Phaeophyceae,Ectocarpales,Chordariaceae,Nemacystus,Nemacystus decipiens
2127,fdc5120b36bef0164dd75dab32058ce9,LC382489,82.838,303,4.16E-68,272,NA,NA,Phaeophyceae,Ectocarpales,Chordariaceae,Nemacystus,Nemacystus decipiens
2128,34120a53ff7c498acb6ec155af70354a,MG811652,86.643,277,4.11E-78,305,Metazoa,Cnidaria,Hydrozoa,Anthoathecata,Zancleidae,Zanclea,Zanclea sessilis
2129,73be40329ac10ada27b29e06deb9d02b,MG811652,86.643,277,4.11E-78,305,Metazoa,Cnidaria,Hydrozoa,Anthoathecata,Zancleidae,Zanclea,Zanclea sessilis
2130,85667532548b8334b158ef1798db8860,MG811652,87.004,277,8.83E-80,311,Metazoa,Cnidaria,Hydrozoa,Anthoathecata,Zancleidae,Zanclea,Zanclea sessilis
2131,a0163bedda76bfa9a2dbfd091f3dc5e2,MW735761,98.734,316,2.23E-155,562,Metazoa,Ctenophora,Tentaculata,Lobata,Eurhamphaeidae,Deiopea,Deiopea aff. kaloktenota 2 LMC-2021
2132,d147522aac7e54c04fc765a7d493ea62,KT257385,82.712,295,3.24E-64,259,NA,Oomycota,NA,Lagenidiales,Lagenidiaceae,Lagenidium,Lagenidium sp. PWL-2010f
2133,3af427393bf57100c3f6d2268e8b8dc0,NC_056161,87.013,308,6.73E-91,348,NA,Bacillariophyta,Bacillariophyceae,Bacillariales,Bacillariaceae,Pseudo-nitzschia,Pseudo-nitzschia cuspidata
2134,b130d916e41b43b6e1b1892156517941,NC_056161,87.338,308,1.45E-92,353,NA,Bacillariophyta,Bacillariophyceae,Bacillariales,Bacillariaceae,Pseudo-nitzschia,Pseudo-nitzschia cuspidata
2135,dec0d1b146dfa6d97f1c8178056caa32,NC_056161,85.531,311,3.15E-84,326,NA,Bacillariophyta,Bacillariophyceae,Bacillariales,Bacillariaceae,Pseudo-nitzschia,Pseudo-nitzschia cuspidata
2136,e556eb7d27f1c77d94cd0ab02aab2fac,NC_056161,87.013,308,6.73E-91,348,NA,Bacillariophyta,Bacillariophyceae,Bacillariales,Bacillariaceae,Pseudo-nitzschia,Pseudo-nitzschia cuspidata
2137,e4067559791d9482849329c8c95e5cff,OP779242,82.414,290,1.95E-61,250,Metazoa,Mollusca,Gastropoda,NA,Planorbidae,Bulinus,Bulinus umbilicatus
2138,f20674257ea215ab584c338def83c158,OP779242,82.414,290,1.95E-61,250,Metazoa,Mollusca,Gastropoda,NA,Planorbidae,Bulinus,Bulinus umbilicatus
2139,6e654a806ec4592ade54dfe0e2c9a973,NC_004309,86.645,307,1.13E-88,340,NA,NA,Choanoflagellata,Craspedida,Salpingoecidae,Monosiga,Monosiga brevicollis
2140,133dcf378b451570b6827e4c7530f3f5,OL703632,99.361,313,4.74E-157,568,NA,Haptophyta,NA,Isochrysidales,Noelaerhabdaceae,Gephyrocapsa,Gephyrocapsa oceanica
2141,153b6ba1b723b352ee9de1bab06540f8,OL703632,99.361,313,4.74E-157,568,NA,Haptophyta,NA,Isochrysidales,Noelaerhabdaceae,Gephyrocapsa,Gephyrocapsa oceanica
2142,36b2d18414e6d517db95a055f0f6ac0e,OL703632,99.361,313,4.74E-157,568,NA,Haptophyta,NA,Isochrysidales,Noelaerhabdaceae,Gephyrocapsa,Gephyrocapsa oceanica
2143,3dcefb347b0ae2a0e18e64497fa5d6db,OL703632,99.681,313,1.02E-158,573,NA,Haptophyta,NA,Isochrysidales,Noelaerhabdaceae,Gephyrocapsa,Gephyrocapsa oceanica
2144,5d5834e543e9cd09962552e33059818a,OL703632,85.304,313,4.08E-83,322,NA,Haptophyta,NA,Isochrysidales,Noelaerhabdaceae,Gephyrocapsa,Gephyrocapsa oceanica
2145,ca63e91368a031448ffa2b9c9a13eda0,OL703632,99.042,313,2.21E-155,562,NA,Haptophyta,NA,Isochrysidales,Noelaerhabdaceae,Gephyrocapsa,Gephyrocapsa oceanica
2146,4a1370fc47d58b5c55e156501ebbe0ae,AB332946,98.065,155,1.48E-67,270,NA,NA,NA,NA,NA,NA,marine zooplankton environmental sample
2147,06d21196af850a06c2ca814809a38e02,OP964151,98.403,313,4.78E-152,551,Metazoa,Mollusca,Gastropoda,Littorinimorpha,Atlantidae,Atlanta,Atlanta frontieri
2148,0d62908de1f139bd342faa6d58d5e6c2,OP964151,98.083,313,2.22E-150,545,Metazoa,Mollusca,Gastropoda,Littorinimorpha,Atlantidae,Atlanta,Atlanta frontieri
2149,3ea92bafc2a1e43827725f7ccb5343e2,OP964151,98.722,313,1.03E-153,556,Metazoa,Mollusca,Gastropoda,Littorinimorpha,Atlantidae,Atlanta,Atlanta frontieri
2150,628f465083e93aee1a8831ee5702482b,OP964151,98.403,313,4.78E-152,551,Metazoa,Mollusca,Gastropoda,Littorinimorpha,Atlantidae,Atlanta,Atlanta frontieri
2151,935501ed3935605ff0f60ac378b8c43d,OP964151,98.403,313,4.78E-152,551,Metazoa,Mollusca,Gastropoda,Littorinimorpha,Atlantidae,Atlanta,Atlanta frontieri
2152,9da143e5a9b4db0aa9ed54d50e171eb0,OP964151,98.403,313,4.78E-152,551,Metazoa,Mollusca,Gastropoda,Littorinimorpha,Atlantidae,Atlanta,Atlanta frontieri
2153,a48831e4c6980bd355bcba4a81e99d13,OP964151,98.403,313,4.78E-152,551,Metazoa,Mollusca,Gastropoda,Littorinimorpha,Atlantidae,Atlanta,Atlanta frontieri
2154,bd1bddae54daf75a78c896fe88c36163,OP964151,99.042,313,2.21E-155,562,Metazoa,Mollusca,Gastropoda,Littorinimorpha,Atlantidae,Atlanta,Atlanta frontieri
2155,ce8b94a827cee21a8964eca659c015a0,OP964151,98.403,313,4.78E-152,551,Metazoa,Mollusca,Gastropoda,Littorinimorpha,Atlantidae,Atlanta,Atlanta frontieri
2156,fcd71c108cbaf9c5b49fa53f71c90e5c,OP964151,98.403,313,4.78E-152,551,Metazoa,Mollusca,Gastropoda,Littorinimorpha,Atlantidae,Atlanta,Atlanta frontieri
2157,b7509149498f33d4a75de980394e8d04,OQ466292,85.05,301,4.11E-78,305,NA,NA,Chrysophyceae,Chromulinales,Dinobryaceae,Dinobryon,Dinobryon spinum
2158,d4d001c8e8972ea4dfdb01726826ce06,OQ466292,84.718,301,1.91E-76,300,NA,NA,Chrysophyceae,Chromulinales,Dinobryaceae,Dinobryon,Dinobryon spinum
2159,5bed2ba2e8516c673f5201c361329613,KC440087,85.714,294,8.83E-80,311,Metazoa,Cnidaria,Hydrozoa,Anthoathecata,Corynidae,Sarsia,Sarsia tubulosa
2160,9bd0270d2d130510f16205d79931c23c,KC440087,86.121,281,1.48E-77,303,Metazoa,Cnidaria,Hydrozoa,Anthoathecata,Corynidae,Sarsia,Sarsia tubulosa
2161,7a661703c73da998ee8cf1952b59f3c6,JF271365,91.987,312,3.88E-118,438,Metazoa,Arthropoda,Insecta,Hymenoptera,NA,NA,Hymenoptera sp. BOLD:AAH4935
2162,9aa72b271b6e72114c639bfc7120d628,CP090066,85.915,284,1.89E-76,300,NA,Pseudomonadota,Alphaproteobacteria,Hyphomicrobiales,Aurantimonadaceae,Aurantimonas,Aurantimonas sp. HBX-1
2163,71c5423adf64ef86e67f0e2924485999,MT872230,85.35,314,1.13E-83,324,NA,NA,Eustigmatophyceae,Eustigmatales,Monodopsidaceae,Nannochloropsis,Nannochloropsis limnetica
2164,75ffad7b79c4fcd76ab32a2a76724640,NC_022256,99.355,310,2.18E-155,562,NA,NA,Eustigmatophyceae,Eustigmatales,Monodopsidaceae,Nannochloropsis,Nannochloropsis limnetica
2165,7c340205a6a4a0fdfd259874d60b9789,NC_022256,99.361,313,4.74E-157,568,NA,NA,Eustigmatophyceae,Eustigmatales,Monodopsidaceae,Nannochloropsis,Nannochloropsis limnetica
2166,a37ad9e9a37ec90e8858f75d2f1e3753,MT872230,85.032,314,5.27E-82,318,NA,NA,Eustigmatophyceae,Eustigmatales,Monodopsidaceae,Nannochloropsis,Nannochloropsis limnetica
2167,8db4b6e5e7a84af2b93fbf82bf40d879,OL437977,88.312,308,5.16E-97,368,Metazoa,Arthropoda,Hexanauplia,NA,NA,NA,Hexanauplia sp.
2168,927799ab50db9f438a80cdff5b824e5e,OL437977,99.042,313,2.21E-155,562,Metazoa,Arthropoda,Hexanauplia,NA,NA,NA,Hexanauplia sp.
2169,d510f9ed8ed3314c946f207ce905d2ed,OL437977,98.722,313,1.03E-153,556,Metazoa,Arthropoda,Hexanauplia,NA,NA,NA,Hexanauplia sp.
2170,4914bb568237309e44e40e02f587efc3,NC_035508,95.114,307,4.91E-132,484,Fungi,Ascomycota,Sordariomycetes,Xylariales,Apiosporaceae,Apiospora,Apiospora arundinis
2171,5bfa1326aebe12309bb9364cb40ca569,OR777503,85.517,290,1.91E-76,300,NA,NA,Phaeophyceae,Dictyotales,Dictyotaceae,Dictyota,Dictyota sp. 10FP
2172,74df57a7936d10b33cf171c906cfc59e,OM453930,98.734,316,2.23E-155,562,NA,NA,Dinophyceae,Suessiales,Suessiaceae,Yihiella,Yihiella yeosuensis
2173,ff18632635936f4bc29d15eb595a0732,OM453930,95.886,316,2.28E-140,512,NA,NA,Dinophyceae,Suessiales,Suessiaceae,Yihiella,Yihiella yeosuensis